tau,noise_tau,seed,checkpoint,scale,group_size,response_percent,response_absolute
0.05,0.01,11,initial,0.95,4,4.289685723174497,0.00021201864728520895
0.05,0.01,11,initial,0.9,4,8.72404751275334,0.00042840227362375433
0.05,0.01,11,initial,0.8,4,17.79810922242081,0.00086896947766664
0.05,0.01,11,initial,1.1,4,-8.023866214022707,-0.0004055202509523738
0.05,0.01,11,epoch_025,0.95,4,3.458132813874093,0.0002584213081895698
0.05,0.01,11,epoch_025,0.9,4,7.0956025254994,0.0005295813340246204
0.05,0.01,11,epoch_025,0.8,4,14.89858803961045,0.0011088099954096797
0.05,0.01,11,epoch_025,1.1,4,-6.390073850377876,-0.00047897722006101564
0.05,0.01,11,selected,0.95,3,2.751527141032395,0.00020071386918593323
0.05,0.01,11,selected,0.9,3,5.6597700681661145,0.00041344996409673363
0.05,0.01,11,selected,0.8,3,11.926136814763776,0.0008747989410386402
0.05,0.01,11,selected,1.1,3,-5.047149237845122,-0.00036647818373156766
0.05,0.01,22,initial,0.95,5,7.363913565495794,0.00016023499063209348
0.05,0.01,22,initial,0.9,5,15.158737994171279,0.00032865864344517465
0.05,0.01,22,initial,0.8,5,32.05003901861077,0.000690170440994131
0.05,0.01,22,initial,1.1,5,-13.469446226720978,-0.0002959638092978813
0.05,0.01,22,epoch_025,0.95,4,2.679724200581457,0.0001990000796093334
0.05,0.01,22,epoch_025,0.9,4,5.534594174778862,0.00041127676643339453
0.05,0.01,22,epoch_025,0.8,4,11.829894788813899,0.0008805182716428534
0.05,0.01,22,epoch_025,1.1,4,-4.883326476138455,-0.0003620553113991248
0.05,0.01,22,selected,0.95,4,2.5518869339473227,0.00018823851424488915
0.05,0.01,22,selected,0.9,4,5.306998706347377,0.0003898145378906305
0.05,0.01,22,selected,0.8,4,11.499630642737813,0.0008365396377940735
0.05,0.01,22,selected,1.1,4,-4.568287770231305,-0.00033924250500977273
0.05,0.01,33,initial,0.95,5,9.042572294906604,0.00017195815495528032
0.05,0.01,33,initial,0.9,5,19.24508354418677,0.000363236173625164
0.05,0.01,33,initial,0.8,5,43.73879157835273,0.0008084331270549787
0.05,0.01,33,initial,1.1,5,-15.150613774669107,-0.0002886712191756029
0.05,0.01,33,epoch_025,0.95,4,4.630834065901435,0.00034686852753182526
0.05,0.01,33,epoch_025,0.9,4,9.748276640308784,0.0007242196289528454
0.05,0.01,33,epoch_025,0.8,4,21.575039708541066,0.0015723261844708602
0.05,0.01,33,epoch_025,1.1,4,-7.998059762640519,-0.00060762479897264
0.05,0.01,33,selected,0.95,4,4.228697027770889,0.0003177565255433421
0.05,0.01,33,selected,0.9,4,8.946677214884913,0.0006720825130905788
0.05,0.01,33,selected,0.8,4,20.131825901569712,0.0015133206285681206
0.05,0.01,33,selected,1.1,4,-7.215624085150379,-0.0005446988007615618
0.05,0.05,11,initial,0.95,4,4.289685723174497,0.00021201864728520895
0.05,0.05,11,initial,0.9,4,8.72404751275334,0.00042840227362375433
0.05,0.05,11,initial,0.8,4,17.79810922242081,0.00086896947766664
0.05,0.05,11,initial,1.1,4,-8.023866214022707,-0.0004055202509523738
0.05,0.05,11,epoch_025,0.95,3,3.0593172517681566,0.00022464721183379542
0.05,0.05,11,epoch_025,0.9,3,6.22126677578928,0.00045627949916541167
0.05,0.05,11,epoch_025,0.8,3,12.830904566651814,0.0009389901778123558
0.05,0.05,11,epoch_025,1.1,3,-5.798162313389637,-0.0004274496800835805
0.05,0.05,11,selected,0.95,3,2.9689910980126744,0.00022530467333011514
0.05,0.05,11,selected,0.9,3,6.069618305384317,0.00045957609347406893
0.05,0.05,11,selected,0.8,3,12.678458216512745,0.0009553952377524808
0.05,0.05,11,selected,1.1,3,-5.566434113135982,-0.00042451945008170795
0.05,0.05,22,initial,0.95,5,7.363913565495794,0.00016023499063209348
0.05,0.05,22,initial,0.9,5,15.158737994171279,0.00032865864344517465
0.05,0.05,22,initial,0.8,5,32.05003901861077,0.000690170440994131
0.05,0.05,22,initial,1.1,5,-13.469446226720978,-0.0002959638092978813
0.05,0.05,22,epoch_025,0.95,3,2.299445359878538,0.00016706067627770107
0.05,0.05,22,epoch_025,0.9,3,4.728732460714258,0.00034304830393942776
0.05,0.05,22,epoch_025,0.8,3,10.017161925942574,0.0007246404332199377
0.05,0.05,22,epoch_025,1.1,3,-4.240670278400399,-0.0003094524633470508
0.05,0.05,22,selected,0.95,2,1.5229725743052036,0.00011407848570968177
0.05,0.05,22,selected,0.9,2,3.0949747932980776,0.00023212752350284345
0.05,0.05,22,selected,0.8,2,6.384004654927278,0.0004804860614313227
0.05,0.05,22,selected,1.1,2,-2.902961350751454,-0.00021670797260534306
0.05,0.05,33,initial,0.95,5,9.042572294906604,0.00017195815495528032
0.05,0.05,33,initial,0.9,5,19.24508354418677,0.000363236173625164
0.05,0.05,33,initial,0.8,5,43.73879157835273,0.0008084331270549787
0.05,0.05,33,initial,1.1,5,-15.150613774669107,-0.0002886712191756029
0.05,0.05,33,epoch_025,0.95,4,5.102956117020419,0.00038100243637361527
0.05,0.05,33,epoch_025,0.9,4,10.805187904652625,0.0007996815971133124
0.05,0.05,33,epoch_025,0.8,4,24.294982658649012,0.0017607774321515175
0.05,0.05,33,epoch_025,1.1,4,-8.733426693939089,-0.0006529828668122061
0.05,0.05,33,selected,0.95,4,4.751739240809593,0.00035326964743994825
0.05,0.05,33,selected,0.9,4,10.069830542301627,0.0007484718302867245
0.05,0.05,33,selected,0.8,4,22.82242686334054,0.001691167693225038
0.05,0.05,33,selected,1.1,4,-8.083757451877037,-0.0006046003172340939
0.05,0.2,11,initial,0.95,4,4.289685723174497,0.00021201864728520895
0.05,0.2,11,initial,0.9,4,8.72404751275334,0.00042840227362375433
0.05,0.2,11,initial,0.8,4,17.79810922242081,0.00086896947766664
0.05,0.2,11,initial,1.1,4,-8.023866214022707,-0.0004055202509523738
0.05,0.2,11,epoch_025,0.95,2,2.2562288666015617,0.00016571688189914507
0.05,0.2,11,epoch_025,0.9,2,4.56197548456958,0.00033467086628627277
0.05,0.2,11,epoch_025,0.8,2,9.30072476279038,0.0006806030668198336
0.05,0.2,11,epoch_025,1.1,2,-4.346237263058344,-0.00032040316824048006
0.05,0.2,11,selected,0.95,2,2.265703163939936,0.00016567101995251755
0.05,0.2,11,selected,0.9,2,4.5954132632398785,0.0003354723182854764
0.05,0.2,11,selected,0.8,2,9.43618128064191,0.0006866219419507753
0.05,0.2,11,selected,1.1,2,-4.33294143562537,-0.000318306763868295
0.05,0.2,22,initial,0.95,5,7.363913565495794,0.00016023499063209348
0.05,0.2,22,initial,0.9,5,15.158737994171279,0.00032865864344517465
0.05,0.2,22,initial,0.8,5,32.05003901861077,0.000690170440994131
0.05,0.2,22,initial,1.1,5,-13.469446226720978,-0.0002959638092978813
0.05,0.2,22,epoch_025,0.95,4,2.8915880447852427,0.00021899566071035626
0.05,0.2,22,epoch_025,0.9,4,5.9720801415634845,0.00045185656097381866
0.05,0.2,22,epoch_025,0.8,4,12.761814967314056,0.0009635705672889593
0.05,0.2,22,epoch_025,1.1,4,-5.260075414790755,-0.0003999593823758203
0.05,0.2,22,selected,0.95,3,2.222890776999298,0.0001677638785745456
0.05,0.2,22,selected,0.9,3,4.585193918255559,0.00034599832154474843
0.05,0.2,22,selected,0.8,3,9.75388489696437,0.0007365408562098053
0.05,0.2,22,selected,1.1,3,-4.083310933091311,-0.00030657748800092845
0.05,0.2,33,initial,0.95,5,9.042572294906604,0.00017195815495528032
0.05,0.2,33,initial,0.9,5,19.24508354418677,0.000363236173625164
0.05,0.2,33,initial,0.8,5,43.73879157835273,0.0008084331270549787
0.05,0.2,33,initial,1.1,5,-15.150613774669107,-0.0002886712191756029
0.05,0.2,33,epoch_025,0.95,4,5.0112536681819915,0.0003566332033204788
0.05,0.2,33,epoch_025,0.9,4,10.504355358968741,0.0007417020441955547
0.05,0.2,33,epoch_025,0.8,4,22.909076499358672,0.001602326143309853
0.05,0.2,33,epoch_025,1.1,4,-8.7487240785255,-0.0006328706027331778
0.05,0.2,33,selected,0.95,4,4.481339463699696,0.00033128775562309316
0.05,0.2,33,selected,0.9,4,9.381511342198745,0.0006898411723363033
0.05,0.2,33,selected,0.8,4,20.605918593426054,0.0014955625195059372
0.05,0.2,33,selected,1.1,4,-7.85676978956959,-0.0005883402191817584
0.05,1.0,11,initial,0.95,4,4.289685723174497,0.00021201864728520895
0.05,1.0,11,initial,0.9,4,8.72404751275334,0.00042840227362375433
0.05,1.0,11,initial,0.8,4,17.79810922242081,0.00086896947766664
0.05,1.0,11,initial,1.1,4,-8.023866214022707,-0.0004055202509523738
0.05,1.0,11,epoch_025,0.95,3,2.931683014657771,0.000209492245612316
0.05,1.0,11,epoch_025,0.9,3,5.980110630564505,0.00042657555225401704
0.05,1.0,11,epoch_025,0.8,3,12.406709082365753,0.0008825271334719983
0.05,1.0,11,epoch_025,1.1,3,-5.521568505383179,-0.00039565652543079033
0.05,1.0,11,selected,0.95,3,2.830307449419156,0.00020336102682142528
0.05,1.0,11,selected,0.9,3,5.769619400322112,0.0004143196990862544
0.05,1.0,11,selected,0.8,3,11.977563726550356,0.0008588208880857652
0.05,1.0,11,selected,1.1,3,-5.335677213930879,-0.00038398161659495894
0.05,1.0,22,initial,0.95,5,7.363913565495794,0.00016023499063209348
0.05,1.0,22,initial,0.9,5,15.158737994171279,0.00032865864344517465
0.05,1.0,22,initial,0.8,5,32.05003901861077,0.000690170440994131
0.05,1.0,22,initial,1.1,5,-13.469446226720978,-0.0002959638092978813
0.05,1.0,22,epoch_025,0.95,4,2.981578977338162,0.0002187823476619945
0.05,1.0,22,epoch_025,0.9,4,6.199480708951077,0.0004542924224695509
0.05,1.0,22,epoch_025,0.8,4,13.456015234568442,0.0009833855407401781
0.05,1.0,22,epoch_025,1.1,4,-5.344531267077035,-0.00039363784826785273
0.05,1.0,22,selected,0.95,5,3.4681108870137756,0.0002549137803810001
0.05,1.0,22,selected,0.9,5,7.26201661059982,0.0005322395038884478
0.05,1.0,22,selected,0.8,5,15.981591620654534,0.001163981615411007
0.05,1.0,22,selected,1.1,5,-6.07135408076262,-0.00045107482435681164
0.05,1.0,33,initial,0.95,5,9.042572294906604,0.00017195815495528032
0.05,1.0,33,initial,0.9,5,19.24508354418677,0.000363236173625164
0.05,1.0,33,initial,0.8,5,43.73879157835273,0.0008084331270549787
0.05,1.0,33,initial,1.1,5,-15.150613774669107,-0.0002886712191756029
0.05,1.0,33,epoch_025,0.95,4,5.130356181020012,0.00035638005855130606
0.05,1.0,33,epoch_025,0.9,4,10.711034618100912,0.0007446420529695743
0.05,1.0,33,epoch_025,0.8,4,23.211924971545816,0.0016289161043881268
0.05,1.0,33,epoch_025,1.1,4,-8.96187420547862,-0.0006289313375397588
0.05,1.0,33,selected,0.95,4,5.015319130303708,0.00035528386673959293
0.05,1.0,33,selected,0.9,4,10.520812631463517,0.0007418856895850656
0.05,1.0,33,selected,0.8,4,23.171824450966195,0.0016188800380274185
0.05,1.0,33,selected,1.1,4,-8.789900672953099,-0.0006267331615756461
0.1,0.01,11,initial,0.95,6,7.349901702105976,0.00023721445914445414
0.1,0.01,11,initial,0.9,6,15.26473818151446,0.000493492143937886
0.1,0.01,11,initial,0.8,6,32.382049705111946,0.0010607780854298096
0.1,0.01,11,initial,1.1,6,-13.064690397346052,-0.0004187133864168742
0.1,0.01,11,epoch_025,0.95,5,4.54214506992745,0.00016209932396332683
0.1,0.01,11,epoch_025,0.9,5,9.440919243663403,0.0003365132611213772
0.1,0.01,11,epoch_025,0.8,5,20.405068820118554,0.0007250631629814048
0.1,0.01,11,epoch_025,1.1,5,-8.117757434044615,-0.0002903639357848917
0.1,0.01,11,selected,0.95,6,4.898921023660751,0.0001792561228099261
0.1,0.01,11,selected,0.9,6,10.198984153210644,0.0003723957098320746
0.1,0.01,11,selected,0.8,6,22.095557591636904,0.0008005975327264935
0.1,0.01,11,selected,1.1,6,-8.690072142434685,-0.00031748141460393483
0.1,0.01,22,initial,0.95,7,11.05637545371122,8.423569240395329e-05
0.1,0.01,22,initial,0.9,7,23.40138147340226,0.00017824584353106759
0.1,0.01,22,initial,0.8,7,52.018517048438994,0.00039646476016577393
0.1,0.01,22,initial,1.1,7,-18.678642521726303,-0.00014060374926340368
0.1,0.01,22,epoch_025,0.95,5,3.601640214282553,0.00012911903234585692
0.1,0.01,22,epoch_025,0.9,5,7.361131973034096,0.0002638026356050094
0.1,0.01,22,epoch_025,0.8,5,15.33617132003673,0.0005491036337044715
0.1,0.01,22,epoch_025,1.1,5,-6.733518983842418,-0.00024140264409286925
0.1,0.01,22,selected,0.95,4,2.9419322115110003,0.00010494492405841165
0.1,0.01,22,selected,0.9,4,5.974728404923447,0.0002126735378986742
0.1,0.01,22,selected,0.8,4,12.282333609246587,0.0004350056527618422
0.1,0.01,22,selected,1.1,4,-5.591125171133599,-0.00019917053535496243
0.1,0.01,33,initial,0.95,5,10.496966930257068,7.454459407900106e-05
0.1,0.01,33,initial,0.9,5,22.571789091738225,0.0001595061861046741
0.1,0.01,33,initial,0.8,5,51.81720183423884,0.00036117619867329445
0.1,0.01,33,initial,1.1,5,-16.716674836341834,-0.00012005988014938897
0.1,0.01,33,epoch_025,0.95,5,5.707572227955349,0.0002063587194698149
0.1,0.01,33,epoch_025,0.9,5,11.693257412590185,0.00042479887620157776
0.1,0.01,33,epoch_025,0.8,5,24.348185310220284,0.0008764722066467922
0.1,0.01,33,epoch_025,1.1,5,-10.439850035322811,-0.00037430591233669243
0.1,0.01,33,selected,0.95,5,5.374492124727393,0.0001947991494535286
0.1,0.01,33,selected,0.9,5,11.071379659251956,0.00040206537115842914
0.1,0.01,33,selected,0.8,5,23.331554794237753,0.0008422295290795667
0.1,0.01,33,selected,1.1,5,-9.781600070383984,-0.0003522039568488952
0.1,0.05,11,initial,0.95,6,7.349901702105976,0.00023721445914445414
0.1,0.05,11,initial,0.9,6,15.26473818151446,0.000493492143937886
0.1,0.05,11,initial,0.8,6,32.382049705111946,0.0010607780854298096
0.1,0.05,11,initial,1.1,6,-13.064690397346052,-0.0004187133864168742
0.1,0.05,11,epoch_025,0.95,7,6.653231579351893,0.00024094742812262745
0.1,0.05,11,epoch_025,0.9,7,14.038321060168135,0.0005082402339766326
0.1,0.05,11,epoch_025,0.8,7,31.317718132606654,0.0011331736175200155
0.1,0.05,11,epoch_025,1.1,7,-11.369345361295624,-0.0004132490439894231
0.1,0.05,11,selected,0.95,7,6.376846192810726,0.00023326763804290378
0.1,0.05,11,selected,0.9,7,13.455035799009574,0.0004921085315872902
0.1,0.05,11,selected,0.8,7,30.041218886959477,0.0010981283989258046
0.1,0.05,11,selected,1.1,7,-10.936657696111524,-0.00040017924377820516
0.1,0.05,22,initial,0.95,7,11.05637545371122,8.423569240395329e-05
0.1,0.05,22,initial,0.9,7,23.40138147340226,0.00017824584353106759
0.1,0.05,22,initial,0.8,7,52.018517048438994,0.00039646476016577393
0.1,0.05,22,initial,1.1,7,-18.678642521726303,-0.00014060374926340368
0.1,0.05,22,epoch_025,0.95,6,4.37788084816455,0.00015932230095549982
0.1,0.05,22,epoch_025,0.9,6,9.080863965696572,0.00033051308308009093
0.1,0.05,22,epoch_025,0.8,6,19.55920923823293,0.0007120787411347147
0.1,0.05,22,epoch_025,1.1,6,-7.872392650998555,-0.0002864325622510572
0.1,0.05,22,selected,0.95,5,3.8092655851442725,0.00013719986985517353
0.1,0.05,22,selected,0.9,5,7.853555904478449,0.00028273982653244335
0.1,0.05,22,selected,0.8,5,16.702050072751106,0.0005999820340739479
0.1,0.05,22,selected,1.1,5,-6.949209463938516,-0.00025073039122749767
0.1,0.05,33,initial,0.95,5,10.496966930257068,7.454459407900106e-05
0.1,0.05,33,initial,0.9,5,22.571789091738225,0.0001595061861046741
0.1,0.05,33,initial,0.8,5,51.81720183423884,0.00036117619867329445
0.1,0.05,33,initial,1.1,5,-16.716674836341834,-0.00012005988014938897
0.1,0.05,33,epoch_025,0.95,5,6.619302182369058,0.00023831042719506582
0.1,0.05,33,epoch_025,0.9,5,13.68091156036746,0.000493427530260064
0.1,0.05,33,epoch_025,0.8,5,28.8889931201195,0.001047252629571449
0.1,0.05,33,epoch_025,1.1,5,-11.861168943918232,-0.0004257829516462518
0.1,0.05,33,selected,0.95,5,6.214479856181332,0.0002257214286967219
0.1,0.05,33,selected,0.9,5,12.876027232952225,0.0004678871718615848
0.1,0.05,33,selected,0.8,5,27.45751894066675,0.0009997090972064773
0.1,0.05,33,selected,1.1,5,-11.10576973748808,-0.0004030356340149555
0.1,0.2,11,initial,0.95,6,7.349901702105976,0.00023721445914445414
0.1,0.2,11,initial,0.9,6,15.26473818151446,0.000493492143937886
0.1,0.2,11,initial,0.8,6,32.382049705111946,0.0010607780854298096
0.1,0.2,11,initial,1.1,6,-13.064690397346052,-0.0004187133864168742
0.1,0.2,11,epoch_025,0.95,5,4.32142067197574,0.0001570574562109149
0.1,0.2,11,epoch_025,0.9,5,8.92305560144484,0.0003232142494111411
0.1,0.2,11,epoch_025,0.8,5,19.091770712065635,0.0006793874765132874
0.1,0.2,11,epoch_025,1.1,5,-7.788175667026431,-0.0002856971238939796
0.1,0.2,11,selected,0.95,5,4.182993613106422,0.0001590400150759039
0.1,0.2,11,selected,0.9,5,8.627894025443705,0.0003284489100579969
0.1,0.2,11,selected,0.8,5,18.373172686932428,0.000693486204551408
0.1,0.2,11,selected,1.1,5,-7.565510629795686,-0.0002847799805782707
0.1,0.2,22,initial,0.95,7,11.05637545371122,8.423569240395329e-05
0.1,0.2,22,initial,0.9,7,23.40138147340226,0.00017824584353106759
0.1,0.2,22,initial,0.8,7,52.018517048438994,0.00039646476016577393
0.1,0.2,22,initial,1.1,7,-18.678642521726303,-0.00014060374926340368
0.1,0.2,22,epoch_025,0.95,5,3.689047720938199,0.00013593278979936248
0.1,0.2,22,epoch_025,0.9,5,7.6101694320050095,0.00028023653081266
0.1,0.2,22,epoch_025,0.8,5,16.184811506053055,0.0005949142211258461
0.1,0.2,22,epoch_025,1.1,5,-6.7102192813369985,-0.00024811586948667117
0.1,0.2,22,selected,0.95,5,3.733036053901473,0.00013465938054132943
0.1,0.2,22,selected,0.9,5,7.70920306689693,0.00027793479214245935
0.1,0.2,22,selected,0.8,5,16.439721855979606,0.0005917915771681348
0.1,0.2,22,selected,1.1,5,-6.787244855853148,-0.00024511074000946754
0.1,0.2,33,initial,0.95,5,10.496966930257068,7.454459407900106e-05
0.1,0.2,33,initial,0.9,5,22.571789091738225,0.0001595061861046741
0.1,0.2,33,initial,0.8,5,51.81720183423884,0.00036117619867329445
0.1,0.2,33,initial,1.1,5,-16.716674836341834,-0.00012005988014938897
0.1,0.2,33,epoch_025,0.95,6,6.558128512797879,0.00023332953827116462
0.1,0.2,33,epoch_025,0.9,6,13.606008746339327,0.0004849461474378527
0.1,0.2,33,epoch_025,0.8,6,29.11461163594421,0.0010429357797215734
0.1,0.2,33,epoch_025,1.1,6,-11.666961360447747,-0.00041431741673983165
0.1,0.2,33,selected,0.95,6,6.256984963047918,0.00022806832729668032
0.1,0.2,33,selected,0.9,6,12.998604067378317,0.0004744571048291655
0.1,0.2,33,selected,0.8,6,27.938056515631637,0.001024427182178849
0.1,0.2,33,selected,1.1,6,-11.119221964266579,-0.00040481085906694564
0.1,1.0,11,initial,0.95,6,7.349901702105976,0.00023721445914445414
0.1,1.0,11,initial,0.9,6,15.26473818151446,0.000493492143937886
0.1,1.0,11,initial,0.8,6,32.382049705111946,0.0010607780854298096
0.1,1.0,11,initial,1.1,6,-13.064690397346052,-0.0004187133864168742
0.1,1.0,11,epoch_025,0.95,4,3.2201508344242513,0.00011425516037164192
0.1,1.0,11,epoch_025,0.9,4,6.645658229106433,0.00023573744662649422
0.1,1.0,11,epoch_025,0.8,4,14.127437846710356,0.0004992123136200357
0.1,1.0,11,epoch_025,1.1,4,-5.771658903036764,-0.0002069566176210989
0.1,1.0,11,selected,0.95,4,3.2350704917544992,0.00012007809145787992
0.1,1.0,11,selected,0.9,4,6.694258583417955,0.0002483082754138287
0.1,1.0,11,selected,0.8,4,14.31504502912102,0.0005298266335904303
0.1,1.0,11,selected,1.1,4,-5.80530112534584,-0.00021695141518449437
0.1,1.0,22,initial,0.95,7,11.05637545371122,8.423569240395329e-05
0.1,1.0,22,initial,0.9,7,23.40138147340226,0.00017824584353106759
0.1,1.0,22,initial,0.8,7,52.018517048438994,0.00039646476016577393
0.1,1.0,22,initial,1.1,7,-18.678642521726303,-0.00014060374926340368
0.1,1.0,22,epoch_025,0.95,4,3.364364279739096,0.00012234239171776966
0.1,1.0,22,epoch_025,0.9,4,6.895113845981649,0.00025061605217735114
0.1,1.0,22,epoch_025,0.8,4,14.482317091322717,0.0005259197605586058
0.1,1.0,22,epoch_025,1.1,4,-6.2559527284806515,-0.00022788806536029778
0.1,1.0,22,selected,0.95,4,3.231289232200074,0.00011913706017460039
0.1,1.0,22,selected,0.9,4,6.630965525918242,0.00024454108179247603
0.1,1.0,22,selected,0.8,4,13.97138793818884,0.0005153589769510743
0.1,1.0,22,selected,1.1,4,-5.98977902613636,-0.0002206930259859058
0.1,1.0,33,initial,0.95,5,10.496966930257068,7.454459407900106e-05
0.1,1.0,33,initial,0.9,5,22.571789091738225,0.0001595061861046741
0.1,1.0,33,initial,0.8,5,51.81720183423884,0.00036117619867329445
0.1,1.0,33,initial,1.1,5,-16.716674836341834,-0.00012005988014938897
0.1,1.0,33,epoch_025,0.95,5,5.161001349471794,0.00018510840250260982
0.1,1.0,33,epoch_025,0.9,5,10.670974169656212,0.00038236096698930004
0.1,1.0,33,epoch_025,0.8,5,22.849189990295383,0.0008163739690418411
0.1,1.0,33,epoch_025,1.1,5,-9.387133084084104,-0.00033680371443754894
0.1,1.0,33,selected,0.95,5,5.087548946122178,0.00018522016885084936
0.1,1.0,33,selected,0.9,5,10.507674284470603,0.00038239390813929767
0.1,1.0,33,selected,0.8,5,22.45758436975659,0.0008156772029877292
0.1,1.0,33,selected,1.1,5,-9.263666332525645,-0.00033749443583533443
0.2,0.01,11,initial,0.95,6,11.14053197236049,0.00016944538537212012
0.2,0.01,11,initial,0.9,6,23.758550451856753,0.0003612851882153268
0.2,0.01,11,initial,0.8,6,53.774187451620236,0.0008168669276320102
0.2,0.01,11,initial,1.1,6,-18.38516936394612,-0.0002796539431067131
0.2,0.01,11,epoch_025,0.95,3,2.060620317243156,4.2377020668170643e-05
0.2,0.01,11,epoch_025,0.9,3,4.208119407198829,8.643841385403469e-05
0.2,0.01,11,epoch_025,0.8,3,8.759469918181285,0.00017954133442883843
0.2,0.01,11,epoch_025,1.1,3,-3.86317782556419,-7.964437363221276e-05
0.2,0.01,11,selected,0.95,3,2.3505735865255617,4.9318989808639366e-05
0.2,0.01,11,selected,0.9,3,4.810835627426746,0.00010084463690615813
0.2,0.01,11,selected,0.8,3,10.060350151117026,0.0002104857747940444
0.2,0.01,11,selected,1.1,3,-4.375773463114591,-9.209312723044614e-05
0.2,0.01,22,initial,0.95,5,10.720940588702065,3.20450002428966e-05
0.2,0.01,22,initial,0.9,5,23.49552312596066,7.079543016159473e-05
0.2,0.01,22,initial,0.8,5,55.314476042517946,0.00016815255051882164
0.2,0.01,22,initial,1.1,5,-15.469441072696972,-4.369020750288954e-05
0.2,0.01,22,epoch_025,0.95,6,5.463395752841949,0.0001168693291749021
0.2,0.01,22,epoch_025,0.9,6,11.267821687694013,0.0002407577778135025
0.2,0.01,22,epoch_025,0.8,6,23.939292491972196,0.0005102539104085677
0.2,0.01,22,epoch_025,1.1,6,-9.955476397317382,-0.00021367839674652303
0.2,0.01,22,selected,0.95,6,5.3658922691578015,0.00011381232321923298
0.2,0.01,22,selected,0.9,6,11.065606593282762,0.00023446412023498103
0.2,0.01,22,selected,0.8,6,23.525456427617176,0.0004974474645673102
0.2,0.01,22,selected,1.1,6,-9.791904768360782,-0.00020832196858940706
0.2,0.01,33,initial,0.95,4,7.121032882488166,3.719799748941576e-05
0.2,0.01,33,initial,0.9,4,14.544302115509444,7.600747946157787e-05
0.2,0.01,33,initial,0.8,4,30.31235060194881,0.00015833114285161972
0.2,0.01,33,initial,1.1,4,-13.282435325502517,-6.922469708359587e-05
0.2,0.01,33,epoch_025,0.95,5,5.013124451734086,0.00010340977263462886
0.2,0.01,33,epoch_025,0.9,5,10.363657385746027,0.0002137591409525257
0.2,0.01,33,epoch_025,0.8,5,22.158387359676002,0.00045693968632889786
0.2,0.01,33,epoch_025,1.1,5,-9.093499365089563,-0.0001877174769905057
0.2,0.01,33,selected,0.95,5,4.904960074263065,0.00010621319013166613
0.2,0.01,33,selected,0.9,5,10.154020057378021,0.00021990330583088126
0.2,0.01,33,selected,0.8,5,21.773207293876073,0.0004717231298637448
0.2,0.01,33,selected,1.1,5,-8.870949810355583,-0.00019199195428403393
0.2,0.05,11,initial,0.95,6,11.14053197236049,0.00016944538537212012
0.2,0.05,11,initial,0.9,6,23.758550451856753,0.0003612851882153268
0.2,0.05,11,initial,0.8,6,53.774187451620236,0.0008168669276320102
0.2,0.05,11,initial,1.1,6,-18.38516936394612,-0.0002796539431067131
0.2,0.05,11,epoch_025,0.95,3,2.4878806439803336,5.204506773858657e-05
0.2,0.05,11,epoch_025,0.9,3,5.031737391646818,0.0001051341443347978
0.2,0.05,11,epoch_025,0.8,3,10.269865613958762,0.00021400105803671304
0.2,0.05,11,epoch_025,1.1,3,-4.7976090715442234,-0.0001006264516096732
0.2,0.05,11,selected,0.95,4,3.1359525415458167,6.59204412722875e-05
0.2,0.05,11,selected,0.9,4,6.373887015458413,0.00013379999521905797
0.2,0.05,11,selected,0.8,4,13.15403280555596,0.0002752108530025419
0.2,0.05,11,selected,1.1,4,-5.966224484312904,-0.00012588123535264037
0.2,0.05,22,initial,0.95,5,10.720940588702065,3.20450002428966e-05
0.2,0.05,22,initial,0.9,5,23.49552312596066,7.079543016159473e-05
0.2,0.05,22,initial,0.8,5,55.314476042517946,0.00016815255051882164
0.2,0.05,22,initial,1.1,5,-15.469441072696972,-4.369020750288954e-05
0.2,0.05,22,epoch_025,0.95,6,5.719854262915658,0.0001255111483161644
0.2,0.05,22,epoch_025,0.9,6,11.962364706486284,0.00026251558383374573
0.2,0.05,22,epoch_025,0.8,6,26.30385870602042,0.0005756379990451882
0.2,0.05,22,epoch_025,1.1,6,-10.05650783221938,-0.00022066774083574542
0.2,0.05,22,selected,0.95,6,5.680827249673637,0.00012237068776644667
0.2,0.05,22,selected,0.9,6,11.872321318120493,0.00025576292242475744
0.2,0.05,22,selected,0.8,6,26.069660807457808,0.0005602052044418864
0.2,0.05,22,selected,1.1,6,-10.012591229604146,-0.00021580589450521243
0.2,0.05,33,initial,0.95,4,7.121032882488166,3.719799748941576e-05
0.2,0.05,33,initial,0.9,4,14.544302115509444,7.600747946157787e-05
0.2,0.05,33,initial,0.8,4,30.31235060194881,0.00015833114285161972
0.2,0.05,33,initial,1.1,4,-13.282435325502517,-6.922469708359587e-05
0.2,0.05,33,epoch_025,0.95,6,5.2901072982166735,0.00011365631125602915
0.2,0.05,33,epoch_025,0.9,6,10.945354405848995,0.00023502408050895575
0.2,0.05,33,epoch_025,0.8,6,23.42875347397454,0.0005024348368384614
0.2,0.05,33,epoch_025,1.1,6,-9.56569086437224,-0.00020584632118859686
0.2,0.05,33,selected,0.95,5,4.606478319106422,9.976529790089918e-05
0.2,0.05,33,selected,0.9,5,9.504134139559273,0.00020588074528369682
0.2,0.05,33,selected,0.8,5,20.230771295733984,0.0004385765686853926
0.2,0.05,33,selected,1.1,5,-8.403474689847767,-0.00018193110333809522
0.2,0.2,11,initial,0.95,6,11.14053197236049,0.00016944538537212012
0.2,0.2,11,initial,0.9,6,23.758550451856753,0.0003612851882153268
0.2,0.2,11,initial,0.8,6,53.774187451620236,0.0008168669276320102
0.2,0.2,11,initial,1.1,6,-18.38516936394612,-0.0002796539431067131
0.2,0.2,11,epoch_025,0.95,3,2.5235256526435212,5.292335620586306e-05
0.2,0.2,11,epoch_025,0.9,3,5.103108792105216,0.00010691669678576795
0.2,0.2,11,epoch_025,0.8,3,10.416449309039255,0.00021774792438537729
0.2,0.2,11,epoch_025,1.1,3,-4.868648844056484,-0.00010238309383926898
0.2,0.2,11,selected,0.95,3,2.6840262792224956,5.6686400094191846e-05
0.2,0.2,11,selected,0.9,3,5.4448722145232225,0.00011479516108664923
0.2,0.2,11,selected,0.8,3,11.187934321453852,0.00023495212429752038
0.2,0.2,11,selected,1.1,3,-5.136127771765159,-0.00010892127446996173
0.2,0.2,22,initial,0.95,5,10.720940588702065,3.20450002428966e-05
0.2,0.2,22,initial,0.9,5,23.49552312596066,7.079543016159473e-05
0.2,0.2,22,initial,0.8,5,55.314476042517946,0.00016815255051882164
0.2,0.2,22,initial,1.1,5,-15.469441072696972,-4.369020750288954e-05
0.2,0.2,22,epoch_025,0.95,7,6.24349589716966,0.00013824321774252456
0.2,0.2,22,epoch_025,0.9,7,13.080547192549275,0.0002897115241205252
0.2,0.2,22,epoch_025,0.8,7,28.81444080149865,0.0006383270456959589
0.2,0.2,22,epoch_025,1.1,7,-10.90094105822253,-0.00024193216950810106
0.2,0.2,22,selected,0.95,7,6.076956196793648,0.00013549344600276324
0.2,0.2,22,selected,0.9,7,12.727547257944927,0.0002836680548525476
0.2,0.2,22,selected,0.8,7,27.98612905199921,0.0006241425146258403
0.2,0.2,22,selected,1.1,7,-10.64444118485784,-0.00023834814752768613
0.2,0.2,33,initial,0.95,4,7.121032882488166,3.719799748941576e-05
0.2,0.2,33,initial,0.9,4,14.544302115509444,7.600747946157787e-05
0.2,0.2,33,initial,0.8,4,30.31235060194881,0.00015833114285161972
0.2,0.2,33,initial,1.1,4,-13.282435325502517,-6.922469708359587e-05
0.2,0.2,33,epoch_025,0.95,5,4.500648511541461,9.630627242096675e-05
0.2,0.2,33,epoch_025,0.9,5,9.256681826339186,0.0001979656024808312
0.2,0.2,33,epoch_025,0.8,5,19.565882712937622,0.0004179479208046825
0.2,0.2,33,epoch_025,1.1,5,-8.272396292345551,-0.00017736515625047834
0.2,0.2,33,selected,0.95,5,4.463320254501834,9.784135425435251e-05
0.2,0.2,33,selected,0.9,5,9.20307442470165,0.00020166541165166172
0.2,0.2,33,selected,0.8,5,19.543810464786514,0.00042831536125291936
0.2,0.2,33,selected,1.1,5,-8.15477410259972,-0.0001789024770172023
0.2,1.0,11,initial,0.95,6,11.14053197236049,0.00016944538537212012
0.2,1.0,11,initial,0.9,6,23.758550451856753,0.0003612851882153268
0.2,1.0,11,initial,0.8,6,53.774187451620236,0.0008168669276320102
0.2,1.0,11,initial,1.1,6,-18.38516936394612,-0.0002796539431067131
0.2,1.0,11,epoch_025,0.95,2,1.5453825266402488,3.33003939278825e-05
0.2,1.0,11,epoch_025,0.9,2,3.117467659787043,6.707803580493479e-05
0.2,1.0,11,epoch_025,0.8,2,6.3349466704308295,0.00013590256159544433
0.2,1.0,11,epoch_025,1.1,2,-3.0058587669829437,-6.50627037153971e-05
0.2,1.0,11,selected,0.95,2,1.7161905721105986,3.679359027983003e-05
0.2,1.0,11,selected,0.9,2,3.4694348551291387,7.427103381509221e-05
0.2,1.0,11,selected,0.8,2,7.082867127440418,0.00015115241193367412
0.2,1.0,11,selected,1.1,2,-3.318204496258409,-7.144200127195261e-05
0.2,1.0,22,initial,0.95,5,10.720940588702065,3.20450002428966e-05
0.2,1.0,22,initial,0.9,5,23.49552312596066,7.079543016159473e-05
0.2,1.0,22,initial,0.8,5,55.314476042517946,0.00016815255051882164
0.2,1.0,22,initial,1.1,5,-15.469441072696972,-4.369020750288954e-05
0.2,1.0,22,epoch_025,0.95,6,5.222563400724334,0.00011747275566862162
0.2,1.0,22,epoch_025,0.9,6,10.74506802525439,0.0002412703978828452
0.2,1.0,22,epoch_025,0.8,6,22.717831259838327,0.0005082583131634048
0.2,1.0,22,epoch_025,1.1,6,-9.599814229875186,-0.0002166478506239796
0.2,1.0,22,selected,0.95,6,5.02512419709632,0.00011110491037501268
0.2,1.0,22,selected,0.9,6,10.347967610516285,0.0002285401671813617
0.2,1.0,22,selected,0.8,6,21.946435995590484,0.0004834199048396945
0.2,1.0,22,selected,1.1,6,-9.214623399699,-0.00020433965072606222
0.2,1.0,33,initial,0.95,4,7.121032882488166,3.719799748941576e-05
0.2,1.0,33,initial,0.9,4,14.544302115509444,7.600747946157787e-05
0.2,1.0,33,initial,0.8,4,30.31235060194881,0.00015833114285161972
0.2,1.0,33,initial,1.1,4,-13.282435325502517,-6.922469708359587e-05
0.2,1.0,33,epoch_025,0.95,5,4.4728560251518505,9.777885633502803e-05
0.2,1.0,33,epoch_025,0.9,5,9.202484955650592,0.00020107003914707038
0.2,1.0,33,epoch_025,0.8,5,19.46354346282726,0.000424898212439932
0.2,1.0,33,epoch_025,1.1,5,-8.212593446423305,-0.00017991347110130973
0.2,1.0,33,selected,0.95,5,4.55434084650701,0.00010054423511441214
0.2,1.0,33,selected,0.9,5,9.37511844970248,0.00020696411897025348
0.2,1.0,33,selected,0.8,5,19.844756056509226,0.000438201150440618
0.2,1.0,33,selected,1.1,5,-8.352954939061041,-0.00018447676815218535
0.5,0.01,11,initial,0.95,6,14.102667071623742,7.799187903387739e-05
0.5,0.01,11,initial,0.9,6,29.959967489676576,0.0001655513086820973
0.5,0.01,11,initial,0.8,6,66.25061922060054,0.0003654265780365367
0.5,0.01,11,initial,1.1,6,-22.74930166573651,-0.00012591053702757266
0.5,0.01,11,epoch_025,0.95,3,2.158278472423669,2.4081061501327918e-05
0.5,0.01,11,epoch_025,0.9,3,4.32963825301692,4.821937663405815e-05
0.5,0.01,11,epoch_025,0.8,3,8.659366009911441,9.610889856665936e-05
0.5,0.01,11,epoch_025,1.1,3,-4.241507469870825,-4.760254740948444e-05
0.5,0.01,11,selected,0.95,4,2.430914927701544,2.8391516830575088e-05
0.5,0.01,11,selected,0.9,4,4.869374015340933,5.6823832567452054e-05
0.5,0.01,11,selected,0.8,4,9.691050979718396,0.00011315072374095569
0.5,0.01,11,selected,1.1,4,-4.794304220712115,-5.61878563875882e-05
0.5,0.01,22,initial,0.95,3,16.268876221247652,3.97194770328123e-05
0.5,0.01,22,initial,0.9,3,33.68597539721928,8.220788041747573e-05
0.5,0.01,22,initial,0.8,3,71.57185059964637,0.00017444667500803786
0.5,0.01,22,initial,1.1,3,-28.04935264904974,-6.887353322440891e-05
0.5,0.01,22,epoch_025,0.95,5,4.946510108292202,5.500791531011355e-05
0.5,0.01,22,epoch_025,0.9,5,10.196561537544003,0.0001133472227805429
0.5,0.01,22,epoch_025,0.8,5,21.66062183028582,0.00024056427942760402
0.5,0.01,22,epoch_025,1.1,5,-9.039321130167782,-0.00010063286395108002
0.5,0.01,22,selected,0.95,6,5.073906909667536,6.0610920372812364e-05
0.5,0.01,22,selected,0.9,6,10.490065873168453,0.00012529915860602203
0.5,0.01,22,selected,0.8,6,22.45424385233906,0.0002680737606991172
0.5,0.01,22,selected,1.1,6,-9.214860841771788,-0.00011011996531406609
0.5,0.01,33,initial,0.95,7,8.969368890409136,3.5779162181053496e-05
0.5,0.01,33,initial,0.9,7,18.877719437607745,7.55229768040942e-05
0.5,0.01,33,initial,0.8,7,41.50582904779064,0.0001678391557873868
0.5,0.01,33,initial,1.1,7,-15.34406960507092,-6.0567917347590364e-05
0.5,0.01,33,epoch_025,0.95,5,4.154755470097616,4.508888944568701e-05
0.5,0.01,33,epoch_025,0.9,5,8.682478749188348,9.409659656537046e-05
0.5,0.01,33,epoch_025,0.8,5,19.01082907791034,0.00020556342623118302
0.5,0.01,33,epoch_025,1.1,5,-7.322698156017793,-7.934075935425939e-05
0.5,0.01,33,selected,0.95,4,3.7929946028150363,4.5412062503953285e-05
0.5,0.01,33,selected,0.9,4,7.877204802191007,9.42689541332185e-05
0.5,0.01,33,selected,0.8,4,16.99668504436286,0.00020315620892809804
0.5,0.01,33,selected,1.1,4,-6.7903264949931765,-8.137640722886139e-05
0.5,0.05,11,initial,0.95,6,14.102667071623742,7.799187903387739e-05
0.5,0.05,11,initial,0.9,6,29.959967489676576,0.0001655513086820973
0.5,0.05,11,initial,0.8,6,66.25061922060054,0.0003654265780365367
0.5,0.05,11,initial,1.1,6,-22.74930166573651,-0.00012591053702757266
0.5,0.05,11,epoch_025,0.95,3,2.177603492330793,2.633097276621331e-05
0.5,0.05,11,epoch_025,0.9,3,4.349389369406476,5.251265039110794e-05
0.5,0.05,11,epoch_025,0.8,3,8.615069725087643,0.00010373786396298927
0.5,0.05,11,epoch_025,1.1,3,-4.330773993440418,-5.261308963027799e-05
0.5,0.05,11,selected,0.95,4,2.821518368913356,3.372090397846245e-05
0.5,0.05,11,selected,0.9,4,5.648389380287644,6.743307711695767e-05
0.5,0.05,11,selected,0.8,4,11.243290280524587,0.00013396718875920827
0.5,0.05,11,selected,1.1,4,-5.584996541342891,-6.688675471911229e-05
0.5,0.05,22,initial,0.95,3,16.268876221247652,3.97194770328123e-05
0.5,0.05,22,initial,0.9,3,33.68597539721928,8.220788041747573e-05
0.5,0.05,22,initial,0.8,3,71.57185059964637,0.00017444667500803786
0.5,0.05,22,initial,1.1,3,-28.04935264904974,-6.887353322440891e-05
0.5,0.05,22,epoch_025,0.95,6,5.658875037971645,6.94337295645122e-05
0.5,0.05,22,epoch_025,0.9,6,11.6973204723673,0.0001434957406364912
0.5,0.05,22,epoch_025,0.8,6,25.012532708793643,0.00030655822304432245
0.5,0.05,22,epoch_025,1.1,6,-10.271218037444518,-0.00012610346233294083
0.5,0.05,22,selected,0.95,6,5.402142435811241,6.698871868260028e-05
0.5,0.05,22,selected,0.9,6,11.161487243263524,0.00013837830665135658
0.5,0.05,22,selected,0.8,6,23.8501997063313,0.0002955105145683609
0.5,0.05,22,selected,1.1,6,-9.828006277245782,-0.00012190896873988941
0.5,0.05,33,initial,0.95,7,8.969368890409136,3.5779162181053496e-05
0.5,0.05,33,initial,0.9,7,18.877719437607745,7.55229768040942e-05
0.5,0.05,33,initial,0.8,7,41.50582904779064,0.0001678391557873868
0.5,0.05,33,initial,1.1,7,-15.34406960507092,-6.0567917347590364e-05
0.5,0.05,33,epoch_025,0.95,5,4.5632433496502145,5.60702091243549e-05
0.5,0.05,33,epoch_025,0.9,5,9.538597474965238,0.00011708669467213012
0.5,0.05,33,epoch_025,0.8,5,20.870536849761844,0.00025565754419953207
0.5,0.05,33,epoch_025,1.1,5,-8.026069055253638,-9.897290375031668e-05
0.5,0.05,33,selected,0.95,4,4.139019625882079,5.1314445344821733e-05
0.5,0.05,33,selected,0.9,4,8.603787654422257,0.00010661000387496457
0.5,0.05,33,selected,0.8,4,18.589700527339403,0.00022999906774621743
0.5,0.05,33,selected,1.1,4,-7.3833724236434914,-9.164240609276002e-05
0.5,0.2,11,initial,0.95,6,14.102667071623742,7.799187903387739e-05
0.5,0.2,11,initial,0.9,6,29.959967489676576,0.0001655513086820973
0.5,0.2,11,initial,0.8,6,66.25061922060054,0.0003654265780365367
0.5,0.2,11,initial,1.1,6,-22.74930166573651,-0.00012591053702757266
0.5,0.2,11,epoch_025,0.95,3,2.120233177350561,2.6137046165690002e-05
0.5,0.2,11,epoch_025,0.9,3,4.223502559053216,5.1990968764252e-05
0.5,0.2,11,epoch_025,0.8,3,8.316482182012674,0.00010212196273065588
0.5,0.2,11,epoch_025,1.1,3,-4.24866176806149,-5.257897227097739e-05
0.5,0.2,11,selected,0.95,4,2.733180967855886,3.308042892458823e-05
0.5,0.2,11,selected,0.9,4,5.463499379198922,6.608467857429474e-05
0.5,0.2,11,selected,0.8,4,10.847737676122982,0.00013098735966486722
0.5,0.2,11,selected,1.1,4,-5.4189626508321265,-6.575684057605341e-05
0.5,0.2,22,initial,0.95,3,16.268876221247652,3.97194770328123e-05
0.5,0.2,22,initial,0.9,3,33.68597539721928,8.220788041747573e-05
0.5,0.2,22,initial,0.8,3,71.57185059964637,0.00017444667500803786
0.5,0.2,22,initial,1.1,3,-28.04935264904974,-6.887353322440891e-05
0.5,0.2,22,epoch_025,0.95,6,5.643482605010208,7.019168715808764e-05
0.5,0.2,22,epoch_025,0.9,6,11.68100650433117,0.00014521496869311515
0.5,0.2,22,epoch_025,0.8,6,25.048282902597528,0.00031100774631983696
0.5,0.2,22,epoch_025,1.1,6,-10.21389293108243,-0.00012712953401802286
0.5,0.2,22,selected,0.95,6,5.501035103894802,6.904978955194337e-05
0.5,0.2,22,selected,0.9,6,11.384560929489119,0.00014285299146297965
0.5,0.2,22,selected,0.8,6,24.41597290959142,0.0003060885719569235
0.5,0.2,22,selected,1.1,6,-9.964590355598546,-0.00012516337704456177
0.5,0.2,33,initial,0.95,7,8.969368890409136,3.5779162181053496e-05
0.5,0.2,33,initial,0.9,7,18.877719437607745,7.55229768040942e-05
0.5,0.2,33,initial,0.8,7,41.50582904779064,0.0001678391557873868
0.5,0.2,33,initial,1.1,7,-15.34406960507092,-6.0567917347590364e-05
0.5,0.2,33,epoch_025,0.95,5,4.74984358110615,6.041883750211428e-05
0.5,0.2,33,epoch_025,0.9,5,9.925657073056893,0.0001261377357330863
0.5,0.2,33,epoch_025,0.8,5,21.698477249346926,0.00027524152676494044
0.5,0.2,33,epoch_025,1.1,5,-8.357034910373473,-0.00010661200229652513
0.5,0.2,33,selected,0.95,4,4.284971388474135,5.458741707629861e-05
0.5,0.2,33,selected,0.9,4,8.9070158910871,0.00011342067829006944
0.5,0.2,33,selected,0.8,4,19.24411400788345,0.000244715436577812
0.5,0.2,33,selected,1.1,4,-7.643789040510901,-9.746746900095912e-05
0.5,1.0,11,initial,0.95,6,14.102667071623742,7.799187903387739e-05
0.5,1.0,11,initial,0.9,6,29.959967489676576,0.0001655513086820973
0.5,1.0,11,initial,0.8,6,66.25061922060054,0.0003654265780365367
0.5,1.0,11,initial,1.1,6,-22.74930166573651,-0.00012591053702757266
0.5,1.0,11,epoch_025,0.95,3,1.9129907539402136,2.3511376951189866e-05
0.5,1.0,11,epoch_025,0.9,3,3.8068974873491146,4.671294572920976e-05
0.5,1.0,11,epoch_025,0.8,3,7.4775321612757795,9.147179254519823e-05
0.5,1.0,11,epoch_025,1.1,3,-3.839435581575862,-4.743801321602817e-05
0.5,1.0,11,selected,0.95,2,1.568714674465277,1.956498957913377e-05
0.5,1.0,11,selected,0.9,2,3.26071192036389,4.0606388984866775e-05
0.5,1.0,11,selected,0.8,2,7.033834148271556,8.732281531004883e-05
0.5,1.0,11,selected,1.1,2,-2.785349352916666,-3.4920322295942726e-05
0.5,1.0,22,initial,0.95,3,16.268876221247652,3.97194770328123e-05
0.5,1.0,22,initial,0.9,3,33.68597539721928,8.220788041747573e-05
0.5,1.0,22,initial,0.8,3,71.57185059964637,0.00017444667500803786
0.5,1.0,22,initial,1.1,3,-28.04935264904974,-6.887353322440891e-05
0.5,1.0,22,epoch_025,0.95,6,5.668779402692747,7.159719058754402e-05
0.5,1.0,22,epoch_025,0.9,6,11.719037007771927,0.00014790709557885447
0.5,1.0,22,epoch_025,0.8,6,25.051592434598835,0.00031561595736004036
0.5,1.0,22,epoch_025,1.1,6,-10.284542267993068,-0.0001301147768916424
0.5,1.0,22,selected,0.95,6,5.479665855123573,6.9338100074107e-05
0.5,1.0,22,selected,0.9,6,11.330743381784137,0.0001432953422591849
0.5,1.0,22,selected,0.8,6,24.248770438529487,0.0003062245292102433
0.5,1.0,22,selected,1.1,6,-9.943768895225785,-0.00012599619123462223
0.5,1.0,33,initial,0.95,7,8.969368890409136,3.5779162181053496e-05
0.5,1.0,33,initial,0.9,7,18.877719437607745,7.55229768040942e-05
0.5,1.0,33,initial,0.8,7,41.50582904779064,0.0001678391557873868
0.5,1.0,33,initial,1.1,7,-15.34406960507092,-6.0567917347590364e-05
0.5,1.0,33,epoch_025,0.95,5,4.695403201192827,6.076215456028499e-05
0.5,1.0,33,epoch_025,0.9,5,9.80767021385841,0.00012678143003449507
0.5,1.0,33,epoch_025,0.8,5,21.415189328895366,0.0002763265130165256
0.5,1.0,33,epoch_025,1.1,5,-8.28720700089241,-0.00010731807811641255
0.5,1.0,33,selected,0.95,4,4.131715771549649,5.304004313351826e-05
0.5,1.0,33,selected,0.9,4,8.578928080130444,0.00011007488235149611
0.5,1.0,33,selected,0.8,4,18.496682644403982,0.00023699637871138984
0.5,1.0,33,selected,1.1,4,-7.398738559579899,-9.50647140787253e-05
