tau,noise_tau,seed,initial_group_size,initial_group_percent,initial_mlp_count,initial_confirmed_single_percent,initial_joint_percent,initial_joint_absolute,initial_joint_amplitude_normalized,initial_native_response,initial_native_classifiable,initial_nonadditivity_pp,initial_sensitivity_fractional_positive_sum,initial_sensitivity_fractional_negative_magnitude_sum,initial_sensitivity_fractional_signed_sum,initial_sensitivity_physical_positive_sum,initial_sensitivity_physical_negative_magnitude_sum,initial_sensitivity_physical_signed_sum,initial_sensitivity_amplitude_normalized_positive_sum,initial_sensitivity_amplitude_normalized_negative_magnitude_sum,initial_sensitivity_amplitude_normalized_signed_sum,initial_fixed_trained_group_percent,epoch_025_group_size,epoch_025_group_percent,epoch_025_mlp_count,epoch_025_confirmed_single_percent,epoch_025_joint_percent,epoch_025_joint_absolute,epoch_025_joint_amplitude_normalized,epoch_025_native_response,epoch_025_native_classifiable,epoch_025_nonadditivity_pp,epoch_025_sensitivity_fractional_positive_sum,epoch_025_sensitivity_fractional_negative_magnitude_sum,epoch_025_sensitivity_fractional_signed_sum,epoch_025_sensitivity_physical_positive_sum,epoch_025_sensitivity_physical_negative_magnitude_sum,epoch_025_sensitivity_physical_signed_sum,epoch_025_sensitivity_amplitude_normalized_positive_sum,epoch_025_sensitivity_amplitude_normalized_negative_magnitude_sum,epoch_025_sensitivity_amplitude_normalized_signed_sum,epoch_025_fixed_trained_group_percent,selected_group_size,selected_group_percent,selected_mlp_count,selected_confirmed_single_percent,selected_joint_percent,selected_joint_absolute,selected_joint_amplitude_normalized,selected_native_response,selected_native_classifiable,selected_nonadditivity_pp,selected_sensitivity_fractional_positive_sum,selected_sensitivity_fractional_negative_magnitude_sum,selected_sensitivity_fractional_signed_sum,selected_sensitivity_physical_positive_sum,selected_sensitivity_physical_negative_magnitude_sum,selected_sensitivity_physical_signed_sum,selected_sensitivity_amplitude_normalized_positive_sum,selected_sensitivity_amplitude_normalized_negative_magnitude_sum,selected_sensitivity_amplitude_normalized_signed_sum,selected_fixed_trained_group_percent,learning_change_group_percent,learning_change_joint_percent,learning_change_joint_absolute,learning_change_joint_amplitude_normalized,learning_change_sensitivity_fractional_positive_sum,learning_change_fixed_trained_group_percent,native_response_trained_initial_ratio,confirmation_unique_rollouts,confirmation_task_failures,confirmation_censored,deployment_classifiable,deployment_group_nonempty,alternative_jaccard,alternative_overlap_count,alternative_matched_sham_task_failure_percent,alternative_matched_sham_censored_percent,alternative_matched_pulse_task_failure_percent,alternative_matched_pulse_censored_percent,alternative_matched_position_rms_percent,alternative_matched_action_rms_percent,alternative_matched_recovery_percent,alternative_matched_position_mean_shift,alternative_matched_action_mean_shift,alternative_matched_available_percent,alternative_matched_match_percent,alternative_matched_match_error_percent,alternative_matched_direction_percent,alternative_matched_usable,alternative_matched_minus_weak_position_rms_percent,alternative_matched_minus_weak_action_rms_percent,alternative_matched_minus_weak_recovery_percent,gain_matched_sham_task_failure_percent,gain_matched_sham_censored_percent,gain_matched_pulse_task_failure_percent,gain_matched_pulse_censored_percent,gain_matched_position_rms_percent,gain_matched_action_rms_percent,gain_matched_recovery_percent,gain_matched_position_mean_shift,gain_matched_action_mean_shift,gain_matched_available_percent,gain_matched_match_percent,gain_matched_match_error_percent,gain_matched_direction_percent,gain_matched_usable,gain_matched_minus_weak_position_rms_percent,gain_matched_minus_weak_action_rms_percent,gain_matched_minus_weak_recovery_percent,joint_strong_sham_task_failure_percent,joint_strong_sham_censored_percent,joint_strong_pulse_task_failure_percent,joint_strong_pulse_censored_percent,joint_strong_position_rms_percent,joint_strong_action_rms_percent,joint_strong_recovery_percent,joint_strong_position_mean_shift,joint_strong_action_mean_shift,joint_weak_sham_task_failure_percent,joint_weak_sham_censored_percent,joint_weak_pulse_task_failure_percent,joint_weak_pulse_censored_percent,joint_weak_position_rms_percent,joint_weak_action_rms_percent,joint_weak_recovery_percent,joint_weak_position_mean_shift,joint_weak_action_mean_shift,native_sham_task_failure_percent,native_sham_censored_percent,native_pulse_task_failure_percent,native_pulse_censored_percent
0.05,0.01,11,4,40.0,1,30.0,8.72404751275334,0.00042840227362375433,0.03209561442267567,0.005876199125251606,True,0.4032645282478523,1.0416834573397085,0.26728297085537167,0.7744004864843368,0.005277226750723396,0.0013379738695515077,0.003939252881171889,0.38428994714692577,0.09867957997064705,0.2856103671762787,-0.9563794659795122,4,40.0,0,40.0,7.0956025254994,0.0005295813340246204,0.0364001719088763,0.008089219402932892,True,0.4558048593149486,0.8791367091206117,0.14248276660775855,0.7366539425128531,0.006267387402284312,0.0009543507500957626,0.00531303665218855,0.451028159290156,0.07327521180127683,0.37775294748887916,5.765385960885072,3,30.0,0,40.0,5.6597700681661145,0.00041344996409673363,0.02841947850473294,0.00792051909744105,True,0.22073021088481873,0.8411136415812234,0.11171292343827163,0.7294007181429517,0.005853416832011485,0.0006834493529038106,0.005169967479107675,0.42158964530272147,0.05608029052551596,0.3655093547772055,5.6597700681661145,-10.0,-3.0642774445872263,-1.4952309527020702e-05,-0.003676135917942726,-0.2005698157584851,6.6161495341456265,1.3478983486799232,60,0,0,True,True,0.0,0,0.0,0.0,0.0,0.0,-2.1031016794320845,-1.6619006686549143,-4.605492765717479,-0.0002982725497175491,-0.00033719326689889774,100.0,100.0,0.3499114176291458,100.0,True,-6.427122923998252,-19.12718909210368,-17.87211792290514,0.0,0.0,0.0,0.0,-2.694420184452828,5.633182400867587,-3.4572306496695515,1.6527272082528396e-05,-6.707179980972998e-06,100.0,100.0,2.824040943417513,100.0,True,-7.018441429018996,-11.83210602258118,-16.723855806857213,0.0,0.0,0.0,0.0,-2.8094932467605194,-12.301138888707197,-5.053757373687717,-1.2833898046422996e-05,1.2298181184350126e-05,0.0,0.0,0.0,0.0,4.324021244566167,17.465288423448765,13.266625157187661,2.797492380008325e-05,-2.222983685000018e-05,0.0,0.0,0.0,0.0
0.05,0.01,22,5,50.0,0,50.0,15.158737994171279,0.00032865864344517465,0.02455504295326518,0.0025289128576966133,True,0.7665556955776861,1.5365422407527953,0.8665196757365203,0.670022565016275,0.0033424345619529,0.001987564477893139,0.0013548700840597613,0.2491770956443855,0.13913420809493848,0.11004288754944702,1.9548642726411547,4,40.0,0,40.0,5.534594174778862,0.00041127676643339453,0.027573365713966104,0.007888182799120201,True,0.317692746583506,0.7908903006556124,0.1831174504646293,0.6077728501909831,0.005698477641023355,0.0011854713214131964,0.004513006319610159,0.3941701812011342,0.09080245016004557,0.3033677310410886,5.215302841735559,4,40.0,1,40.0,5.306998706347377,0.0003898145378906305,0.026512139042592954,0.007929157232103898,True,0.32469064536389286,0.7628642210854168,0.16170139094479402,0.6011628301406229,0.005564861846505762,0.0010800413758083587,0.004484820470697403,0.38173131180929887,0.0808087367430831,0.3009225750662158,5.306998706347377,-10.0,-9.851739287823902,6.115589444545587e-05,0.001957096089327773,-0.7736780196673785,3.3521344337062224,3.1354015255891183,60,0,0,True,True,0.0,0,0.0,0.0,0.0,0.0,-4.9977674931851235,-16.12529156588327,-7.954531448340552,-0.00016560242098439631,-0.00012566545332246484,100.0,100.0,0.4673202172945849,0.0,False,-6.16245400421509,-28.232160510173344,-12.47237273453614,0.0,0.0,0.0,0.0,-2.7933784989962684,5.52818681875622,-3.5404245274560764,2.102049068489011e-05,-4.96808594713569e-06,100.0,100.0,4.291660551137358,100.0,True,-3.958065010026235,-6.578682125533852,-8.058265813651666,0.0,0.0,0.0,0.0,-1.2442293870798982,-9.710473453435197,-2.8456476521210416,-9.349726152233415e-05,-5.4624298002298454e-05,0.0,0.0,0.0,0.0,1.1646865110299665,12.106868944290072,4.51784128619559,6.278381461564161e-05,1.1186578550777935e-05,0.0,0.0,0.0,0.0
0.05,0.01,33,5,50.0,0,50.0,19.24508354418677,0.000363236173625164,0.024841353204562863,0.002070903337987368,True,2.2053476211004273,1.7406604641811214,1.9117177335806201,-0.1710572693994988,0.003164100237462787,0.0033651084466198695,-0.0002010082091570825,0.22927340904688961,0.25561991008747276,-0.026346501040583132,17.165952230769086,4,40.0,0,40.0,9.748276640308784,0.0007242196289528454,0.049571534360312586,0.008080179546674794,True,1.01003456421376,0.9663478674923975,0.20110334869268723,0.7652445187997103,0.007058927617751926,0.0014551743793813768,0.005603753238370549,0.49255085091726725,0.10313224895535165,0.38941860196191563,9.748276640308784,4,40.0,0,40.0,8.946677214884913,0.0006720825130905788,0.04540079609538254,0.008033730470945117,True,0.9235909090020419,0.894083208275731,0.1713247199017076,0.7227584883740233,0.006690675450570305,0.0012419569252456295,0.005448718525324675,0.45416285753286784,0.08709349676333128,0.36706936076953656,8.946677214884913,-10.0,-10.298406329301857,0.00030884633946541475,0.02055944289081968,-0.8465772559053905,-8.219275015884174,3.8793362894246886,60,0,0,True,True,0.0,0,0.0,0.0,0.0,0.0,21.368008615861456,42.155277779004805,72.9809429604193,6.425494160521749e-05,5.520350841207392e-06,100.0,100.0,0.572372994304161,100.0,True,9.347126857281761,4.19195422484799,27.314516570748076,0.0,0.0,0.0,0.0,-4.136942296140889,11.077990697055284,-6.159258468461948,2.473711211787449e-05,3.2280180642071975e-05,100.0,100.0,1.4991362018503114,100.0,True,-16.157824054720585,-26.88533285710153,-51.82568485813317,0.0,0.0,0.0,0.0,-4.3828876164925585,-18.012700896800183,-8.240287966572025,-0.00010824489052226012,-6.809171384308398e-05,0.0,0.0,0.0,0.0,12.020881758579694,37.963323554156815,45.66642638967122,0.00010649213033464479,-2.504094627057106e-05,0.0,0.0,0.0,0.0
0.05,0.05,11,4,40.0,1,30.0,8.72404751275334,0.00042840227362375433,0.03209561442267567,0.005876199125251606,True,0.4032645282478523,1.0416834573397085,0.26728297085537167,0.7744004864843368,0.005277226750723396,0.0013379738695515077,0.003939252881171889,0.38428994714692577,0.09867957997064705,0.2856103671762787,2.081329280196842,3,30.0,0,30.0,6.22126677578928,0.00045627949916541167,0.03150404748061063,0.008002893189547833,True,0.2980097101612121,0.8600666708335106,0.06652684687075773,0.7935398239627529,0.006076996186558075,0.0004882546644609696,0.0055887415220971055,0.4362083381642978,0.03369113755828525,0.4025172006060126,6.22126677578928,3,30.0,0,30.0,6.069618305384317,0.00045957609347406893,0.03132036072398579,0.008164165279571495,True,0.29750138706288054,0.7882782722473124,0.03104499048489256,0.7572332817624199,0.005848942789935012,0.00022830028728923038,0.005620642502645781,0.40760102929514913,0.01608868704286664,0.3915123422522825,6.069618305384317,-10.0,-2.6544292073690237,3.11738198503146e-05,-0.0007752536986898734,-0.25340518509239607,3.988289025187475,1.3893615763441174,60,0,0,True,True,0.0,0,0.0,0.0,0.0,0.0,-0.6994412988119314,-0.7201013027811731,-1.692374396460683,-0.00025083492328093024,-0.00024296074051247606,100.0,100.0,0.22759048131924675,0.0,False,1.5686451907880983,-5.835593519055582,0.21057819117142884,0.0,0.0,0.0,0.0,-2.4153870047143644,3.024260640187171,-3.21913517389526,6.824494907767546e-06,1.2221424405773956e-05,100.0,100.0,1.8229264512165482,100.0,True,-0.14730051511433473,-2.091231576087238,-1.3161825862631482,0.0,0.0,0.0,0.0,2.1099785106707403,-4.089101450104726,1.3997383301354471,5.52843992575276e-06,1.5563872465896742e-05,0.0,0.0,0.0,0.0,-2.2680864896000297,5.115492216274409,-1.9029525876321118,-1.076761849567098e-05,-4.287014112022702e-06,0.0,0.0,0.0,0.0
0.05,0.05,22,5,50.0,0,50.0,15.158737994171279,0.00032865864344517465,0.02455504295326518,0.0025289128576966133,True,0.7665556955776861,1.5365422407527953,0.8665196757365203,0.670022565016275,0.0033424345619529,0.001987564477893139,0.0013548700840597613,0.2491770956443855,0.13913420809493848,0.11004288754944702,8.055504633824428,3,30.0,0,30.0,4.728732460714258,0.00034304830393942776,0.023788696896155342,0.007969391124249011,True,0.23146755264590427,0.7880237552292255,0.11741939286503959,0.6706043623641859,0.0057217851697629815,0.0007698946316667574,0.004951890538096224,0.39669307727329706,0.05915351168665672,0.33753956558664033,3.329209313701531,2,20.0,0,20.0,3.0949747932980776,0.00023212752350284345,0.015625967793286063,0.008011064555082936,True,0.05261220036943777,0.7466566378456572,0.09510742616223913,0.6515492116834181,0.0055014809429123354,0.0006197576249751511,0.0048817233179371845,0.3780612759397515,0.048103218862674144,0.3299580570770773,3.0949747932980776,-30.0,-12.0637632008732,-9.65311199423312e-05,-0.008929075159979118,-0.7898856029071382,-4.960529840526351,3.1677898788412904,60,0,0,True,True,0.0,0,0.0,0.0,0.0,0.0,1.4876100353327537,6.652588259044068,7.4819851071119325,-9.66060233233772e-05,-0.00011223994163076968,100.0,100.0,0.047881238078036154,100.0,True,3.3925265422062423,5.3104871864187775,10.226945465546521,0.0,0.0,0.0,0.0,-1.5938657043429783,1.32950234099658,-2.0004699156918604,6.558694031358033e-06,-1.0923469283928425e-06,100.0,100.0,1.8236548457053514,100.0,True,0.3110508025305103,-0.01259873162871017,0.744490442742729,0.0,0.0,0.0,0.0,1.6177373301893727,-1.614474667017518,1.8555690754154197,-4.1418638364266276e-05,-2.910538626843827e-05,0.0,0.0,0.0,0.0,-1.9049165068734886,1.3421010726252902,-2.7449603584345894,3.590099553795514e-05,2.3333899805173976e-05,0.0,0.0,0.0,0.0
0.05,0.05,33,5,50.0,0,50.0,19.24508354418677,0.000363236173625164,0.024841353204562863,0.002070903337987368,True,2.2053476211004273,1.7406604641811214,1.9117177335806201,-0.1710572693994988,0.003164100237462787,0.0033651084466198695,-0.0002010082091570825,0.22927340904688961,0.25561991008747276,-0.026346501040583132,17.165952230769086,4,40.0,0,40.0,10.805187904652625,0.0007996815971133124,0.05403952021773642,0.00794330827809876,True,1.1069989179946265,1.0461748109476228,0.23874154616342702,0.8074332647841957,0.007608734253713487,0.001679825428127256,0.0059289088255862306,0.5241198435887064,0.11933648860161014,0.4047833549870964,10.805187904652625,4,40.0,0,40.0,10.069830542301627,0.0007484718302867245,0.05065507812281782,0.007965623302299907,True,1.047278481415613,0.9693861685585083,0.22046060046803073,0.7489255680904776,0.00714190584267925,0.0015645884685999176,0.005577317374079332,0.48769494074270153,0.11100567764549021,0.37668926309721135,10.069830542301627,-10.0,-9.175253001885142,0.00038523565666156046,0.025813724918254954,-0.7712742956226131,-7.096121688467459,3.8464486276029635,60,0,0,True,True,0.0,0,0.0,0.0,0.0,0.0,-2.4156038554457804,-24.389702345282583,-14.408419766277236,5.2844974308830905e-06,-1.3960213597857238e-05,100.0,100.0,0.1319439460351032,0.0,False,-8.04370045025159,-61.107639805077426,-48.96617502089494,0.0,0.0,0.0,0.0,-4.68695804001078,5.971233706755741,-6.648153571390147,1.4390417485449832e-05,3.584355966110574e-05,100.0,100.0,0.7466118554366568,100.0,True,-10.31505463481659,-30.7467037530391,-41.20590882600785,0.0,0.0,0.0,0.0,-0.677100961559729,-17.347299785945204,-8.382975878168164,-7.558129739554018e-05,-8.771673643364746e-05,0.0,0.0,0.0,0.0,5.628096594805809,36.71793745979484,34.5577552546177,7.705667528595453e-05,-2.899993125025444e-05,0.0,0.0,0.0,0.0
0.05,0.2,11,4,40.0,1,30.0,8.72404751275334,0.00042840227362375433,0.03209561442267567,0.005876199125251606,True,0.4032645282478523,1.0416834573397085,0.26728297085537167,0.7744004864843368,0.005277226750723396,0.0013379738695515077,0.003939252881171889,0.38428994714692577,0.09867957997064705,0.2856103671762787,-1.9019514089663736,2,20.0,0,20.0,4.56197548456958,0.00033467086628627277,0.023424551813031567,0.008057137281757174,True,0.09150694973835476,0.8479187558565839,0.18129800131818277,0.6666207545384012,0.006075291446749629,0.0012513212647751746,0.004823970181974454,0.43480497607985025,0.09297763511815024,0.3418273409617,4.56197548456958,2,20.0,0,20.0,4.5954132632398785,0.0003354723182854764,0.023277010006289005,0.007995821419738038,True,0.09192969081377898,0.797482826949748,0.14283875682432254,0.6546440701254256,0.005666764574464036,0.0009313609852261231,0.004735403589237913,0.40531826841803936,0.07295590873220467,0.3323623596858347,4.5954132632398785,-20.0,-4.128634249513462,-9.292995533827795e-05,-0.008818604416386662,-0.24420063038996043,6.497364672206253,1.3607131496578877,60,0,0,True,True,0.0,0,0.0,0.0,0.0,0.0,1.5001885393292058,10.897633443117783,11.109101360096151,8.364040608202852e-05,8.467433708310215e-05,100.0,100.0,0.48815957845897046,100.0,True,1.8263071583769275,2.465171342237694,4.995524888392987,0.0,0.0,0.0,0.0,-1.0887728936654795,2.057529558993676,-2.132049759907839,2.358731172774067e-06,1.7777232918888213e-05,100.0,100.0,2.4389205269537646,100.0,True,-0.7626542746177578,-6.374932541886413,-8.245626231611002,0.0,0.0,0.0,0.0,0.5540737446849242,-6.67172359728303,-3.0781626299885123,7.99272721736452e-06,-4.356108001057869e-06,0.0,0.0,0.0,0.0,-0.32611861904772166,8.43246210088009,6.113576471703164,-1.1439726954914258e-06,1.3663392936060339e-05,0.0,0.0,0.0,0.0
0.05,0.2,22,5,50.0,0,50.0,15.158737994171279,0.00032865864344517465,0.02455504295326518,0.0025289128576966133,True,0.7665556955776861,1.5365422407527953,0.8665196757365203,0.670022565016275,0.0033424345619529,0.001987564477893139,0.0013548700840597613,0.2491770956443855,0.13913420809493848,0.11004288754944702,9.233675587239276,4,40.0,0,40.0,5.9720801415634845,0.00045185656097381866,0.030714664010766946,0.008085702659728107,True,0.34572554660159177,0.8026989370540465,0.25371232007968336,0.5489866169743631,0.0058391890612586395,0.0016766803616524995,0.00416250869960614,0.4118995560261541,0.13104819850241772,0.28085135752373636,4.809716711480105,3,30.0,0,30.0,4.585193918255559,0.00034599832154474843,0.023354034143690604,0.008054263116910645,True,0.21011269268467972,0.7738118015108532,0.2225791386823237,0.5512326628285295,0.005614036798475006,0.001459417526407998,0.004154619272067008,0.39624830349089446,0.11412189245381243,0.282126411037082,4.585193918255559,-20.0,-10.57354407591572,1.7339678099573784e-05,-0.0012010088095745775,-0.7627304392419422,-4.648481668983717,3.1848717492965086,60,0,0,True,True,0.0,0,0.0,0.0,0.0,0.0,0.13874775155495733,-12.33354970354803,-10.784869850919343,-0.00011099695915374051,-0.0001255876040622026,100.0,100.0,0.2690349710328246,100.0,True,1.8598361621846804,-17.259049526597934,-10.48300003911866,0.0,0.0,0.0,0.0,-1.129902650713821,2.5000062298347725,-2.0398427714354406,3.641975826740567e-06,1.122419104600974e-05,100.0,100.0,0.46771736280813375,100.0,True,0.591185759915902,-2.4254935932151334,-1.7379729596347593,0.0,0.0,0.0,0.0,1.3885983603259433,-5.8355113195867165,-1.1756864971480208,-5.7035678199664815e-05,-7.74498155247777e-05,0.0,0.0,0.0,0.0,-1.721088410629723,4.925499823049906,-0.3018698118006813,5.236952500218357e-05,6.667121359526249e-05,0.0,0.0,0.0,0.0
0.05,0.2,33,5,50.0,0,50.0,19.24508354418677,0.000363236173625164,0.024841353204562863,0.002070903337987368,True,2.2053476211004273,1.7406604641811214,1.9117177335806201,-0.1710572693994988,0.003164100237462787,0.0033651084466198695,-0.0002010082091570825,0.22927340904688961,0.25561991008747276,-0.026346501040583132,17.165952230769086,4,40.0,0,40.0,10.504355358968741,0.0007417020441955547,0.052375644982482254,0.007901946254779284,True,1.0691903570443215,1.1133828607197644,0.30594730782769025,0.8074355528920741,0.007816823027744302,0.0021908399646930884,0.005625983063051213,0.5591467169886892,0.15335839805382825,0.405788318934861,10.504355358968741,4,40.0,0,40.0,9.381511342198745,0.0006898411723363033,0.04778139261773719,0.008024913787808556,True,0.8762908141650346,0.9791266823211339,0.26539808149231553,0.7137286008288183,0.007119355482895044,0.0019529523504018523,0.005166403132493192,0.49866609729234507,0.1354840562564909,0.36318204103585416,9.381511342198745,-10.0,-9.863572201988024,0.00032660499871113927,0.022940039413174323,-0.7615337818599875,-7.784440888570341,3.875078880121785,60,0,0,True,True,0.0,0,0.0,0.0,0.0,0.0,0.7918347508568457,-21.29001342610346,-12.880549186810752,-4.580254129123683e-05,-6.713100227657897e-05,100.0,100.0,0.5078560259988792,0.0,False,-1.2187838975768361,-59.16601272385262,-49.99503878533772,0.0,0.0,0.0,0.0,-2.334084822982463,6.268594593610111,-5.604065055642149,-1.9694114587124733e-06,5.206842256205569e-05,100.0,100.0,1.6570377982931324,100.0,True,-4.344703471416144,-31.60740470413905,-42.71855465416911,0.0,0.0,0.0,0.0,0.8464052784086906,-15.502070477280094,-7.4934250175247685,-4.733502056242342e-05,-6.799808946138586e-05,0.0,0.0,0.0,0.0,2.010618648433682,37.87599929774916,37.114489598526966,2.453312866074241e-05,4.305210697368267e-05,0.0,0.0,0.0,0.0
0.05,1.0,11,4,40.0,1,30.0,8.72404751275334,0.00042840227362375433,0.03209561442267567,0.005876199125251606,True,0.4032645282478523,1.0416834573397085,0.26728297085537167,0.7744004864843368,0.005277226750723396,0.0013379738695515077,0.003939252881171889,0.38428994714692577,0.09867957997064705,0.2856103671762787,-0.08851479880436774,3,30.0,0,30.0,5.980110630564505,0.00042657555225401704,0.030441630396677327,0.007873958944281622,True,0.22657379169604117,0.8500767423634589,0.1919780742210891,0.6580986681423698,0.005987868131774002,0.0011831064919837616,0.00480476163979024,0.4292502149655701,0.09778530663309817,0.3314649083324719,5.980110630564505,3,30.0,0,30.0,5.769619400322112,0.0004143196990862544,0.02923469067521115,0.007923840776453387,True,0.2064001845724679,0.8412950290643498,0.22604322338054142,0.6152518056838083,0.005996815247435415,0.0014693726328458263,0.004527442614589589,0.4279689289426138,0.11587750930583826,0.31209141963677556,5.769619400322112,-10.0,-2.954428112431229,-1.4082574537499937e-05,-0.0028609237474645152,-0.20038842827535863,5.8581341991264795,1.3484636254756097,60,0,0,True,True,0.0,0,0.0,0.0,0.0,0.0,1.8765384046370626,2.459847609839394,6.639808595625296,1.7318851990983947e-05,1.298703311670296e-06,100.0,100.0,0.10546344203881197,0.0,False,1.978343535735383,-13.16684793221301,-4.174520599408106,0.0,0.0,0.0,0.0,-0.6298549931642472,4.653274795535345,-1.2779416373292496,-8.971207090340515e-07,3.569532008841636e-05,100.0,100.0,1.5735630594560912,100.0,True,-0.5280498620659269,-10.97342074651706,-12.09227083236265,0.0,0.0,0.0,0.0,0.4928101372886795,-8.673640791953186,-3.9329037902303576,1.9532428561499712e-07,-9.782685325839978e-06,0.0,0.0,0.0,0.0,-0.10180513109832035,15.626695542052405,10.814329195033402,-2.379679298029555e-06,3.4628267323219856e-05,0.0,0.0,0.0,0.0
0.05,1.0,22,5,50.0,0,50.0,15.158737994171279,0.00032865864344517465,0.02455504295326518,0.0025289128576966133,True,0.7665556955776861,1.5365422407527953,0.8665196757365203,0.670022565016275,0.0033424345619529,0.001987564477893139,0.0013548700840597613,0.2491770956443855,0.13913420809493848,0.11004288754944702,4.85251590821929,4,40.0,0,40.0,6.199480708951077,0.0004542924224695509,0.031226680044977313,0.007897485469204034,True,0.37392858073497265,0.8201480392830968,0.29475278434519303,0.5253952549379037,0.005826597010689565,0.0018748280162431319,0.003951768994446433,0.4126950081343529,0.14887015218487354,0.26382485594947935,7.281428742218566,5,50.0,1,50.0,7.26201661059982,0.0005322395038884478,0.03705018847164,0.008037626454448723,True,0.529884749460056,0.7980104175643457,0.3054669348005363,0.4925434827638094,0.005745916228348412,0.002015090822193772,0.0037308254061546395,0.4074634620771349,0.15686992611411743,0.2505935359630175,7.26201661059982,0.0,-7.896721383571459,0.00020358086044327314,0.012495145518374821,-0.7385318231884497,2.4095007023805293,3.178293166562315,60,0,0,True,True,0.0,0,0.0,0.0,0.0,0.0,1.8880199727906,-9.99740720067992,-4.865244559324777,-4.74156520347698e-05,-4.734558681230921e-05,100.0,100.0,0.6777827515343978,0.0,False,2.5528547777585398,-26.239972692433835,-16.34125491798877,0.0,0.0,0.0,0.0,-0.7243577036325055,6.935896665447983,1.368550391025103,-1.6500826243986012e-06,4.225636385381243e-05,100.0,100.0,0.4840382165488334,100.0,True,-0.05952289866456573,-9.306668826305932,-10.107459967638889,0.0,0.0,0.0,0.0,0.8122338041674615,-10.839908810128007,-5.014504159707023,-2.302535307536352e-05,-4.933999422063157e-05,0.0,0.0,0.0,0.0,-0.6648348049679398,16.242565491753915,11.476010358663991,1.5204745261933762e-05,5.5426120411484895e-05,0.0,0.0,0.0,0.0
0.05,1.0,33,5,50.0,0,50.0,19.24508354418677,0.000363236173625164,0.024841353204562863,0.002070903337987368,True,2.2053476211004273,1.7406604641811214,1.9117177335806201,-0.1710572693994988,0.003164100237462787,0.0033651084466198695,-0.0002010082091570825,0.22927340904688961,0.25561991008747276,-0.026346501040583132,17.165952230769086,4,40.0,0,40.0,10.711034618100912,0.0007446420529695743,0.052912428465723194,0.007758936791123071,True,1.0519161934276315,1.1142871270072785,0.3365964453261445,0.7776906816811341,0.00781570478844518,0.0023410851647576486,0.005474619623687532,0.5524888207513627,0.16564827053372472,0.3868405502176381,10.711034618100912,4,40.0,0,40.0,10.520812631463517,0.0007418856895850656,0.05214435829546181,0.007803499448074158,True,1.0186340214756247,1.0523566241741529,0.2994341711365598,0.7529224530375932,0.0074187639022720445,0.0020981910336851785,0.0053205728685868665,0.5236801978811872,0.14876047410628127,0.374919723774906,10.520812631463517,-10.0,-8.724270912723252,0.00037864951595990154,0.027303005090898946,-0.6883038400069685,-6.645139599305569,3.7681620889452434,60,0,0,True,True,0.0,0,0.0,0.0,0.0,0.0,3.289096853992235,82.71924064295229,57.34519964798916,-9.868941042529174e-06,-2.8223927646868735e-05,100.0,100.0,0.0719521100533694,100.0,True,1.421094931909339,19.188182949236634,9.663904477130053,0.0,0.0,0.0,0.0,-1.2971030026387553,9.326474134072482,-3.4508527706734404,8.054406263787329e-06,5.654413413334067e-05,100.0,100.0,1.5600241183065027,100.0,True,-3.165104924721651,-54.20458355964317,-51.13214794153255,0.0,0.0,0.0,0.0,1.0057056269447306,-16.84124464290714,-7.136847823925407,-2.9061963090765922e-05,-4.2664940649319325e-05,0.0,0.0,0.0,0.0,1.8680019220828958,63.53105769371565,47.68129517085911,-7.677926741867912e-06,6.296218588844137e-05,0.0,0.0,0.0,0.0
0.1,0.01,11,6,60.0,1,60.0,15.26473818151446,0.000493492143937886,0.03440857332232918,0.0036183510528681093,True,1.1431350571989702,1.400475216455093,0.5502941442880221,0.8501810721670708,0.004280571407452862,0.0016205070139025536,0.0026600643935503084,0.32220667951951204,0.12566148245659656,0.1965451970629155,9.369943644190549,5,50.0,0,50.0,9.440919243663403,0.0003365132611213772,0.022979829100922736,0.0038272665924064214,True,0.7575081940720442,1.1241447987042077,0.639983453876161,0.4841613448280468,0.003966719800911529,0.0022696010181629195,0.0016971187827486101,0.27421831223987825,0.1553461438210622,0.11887216841881607,10.607415861403158,6,60.0,0,60.0,10.198984153210644,0.0003723957098320746,0.025081891259353794,0.003890018792586869,True,1.0328414204854741,1.0933128281803663,0.6103552785046829,0.48295754967568344,0.003925187684291656,0.0021944499212517734,0.0017307377630398821,0.27057377093043405,0.1504763421971267,0.12009742873330738,10.198984153210644,0.0,-5.065754028303816,-0.00012109643410581142,-0.009326682062975388,-0.30716238827472675,0.8290405090200945,1.075080536893572,60,0,0,True,True,0.2,2,0.0,0.0,0.0,0.0,1.6707907312573544,-7.699215595306841,3.18588357721985,2.8091701955088713e-05,-3.6723158378033406e-06,100.0,100.0,2.367142664072648,0.0,False,5.7991477043908946,-13.310051300428839,9.880508286717237,0.0,0.0,0.0,0.0,-4.203525127775343,5.84870177719099,-7.255793920386289,3.877860520087414e-06,3.641807832755197e-05,100.0,100.0,0.5758033262079053,100.0,True,-0.07516815464180304,0.2378660720689929,-0.5611692108889006,0.0,0.0,0.0,0.0,4.141579766927839,-4.47035428720024,7.257974820263358,-1.506120432436778e-06,-3.5159216313171294e-05,0.0,0.0,0.0,0.0,-4.12835697313354,5.610835705121997,-6.694624709497388,-4.966846601612117e-06,2.8178931361783662e-05,0.0,0.0,0.0,0.0
0.1,0.01,22,7,70.0,0,70.0,23.40138147340226,0.00017824584353106759,0.012545523778970547,0.0008382471743196862,True,2.021579762188818,2.082586566270474,1.1093678485484584,0.973218717722016,0.0015807965486900235,0.0008544685311723797,0.0007263280175176437,0.11180183823987518,0.05848999858034817,0.053311839659527,5.389971575874486,5,50.0,1,50.0,7.361131973034096,0.0002638026356050094,0.018062470881185413,0.003874241519572132,True,0.4381441871324946,0.9369782037995347,0.4675066471611901,0.4694715566383446,0.003312953398121876,0.0016496021826360712,0.0016633512154858047,0.23082669767453673,0.1153238176776383,0.11550287999689841,6.04664967833436,4,40.0,1,40.0,5.974728404923447,0.0002126735378986742,0.014438639408737106,0.003811777225413903,True,0.21447529572315477,0.937472026331567,0.4539399327268337,0.48353209360473337,0.0032774756585256075,0.0015773222069693652,0.001700153451556242,0.22676926886645424,0.11032415514502045,0.11644511372143378,5.974728404923447,-30.0,-17.426653068478814,3.442769436760661e-05,0.0018931156297665591,-1.145114539938907,0.5847568290489606,4.547318908062538,60,0,0,True,True,0.0,0,0.0,0.0,0.0,0.0,-2.5530194116277993,0.2818505063636678,-5.215020534109394,-3.13807323056709e-05,-3.1318692415981526e-05,100.0,100.0,0.4890151264029681,100.0,True,-0.48278646769438494,-3.7403638750471035,-1.3729118592738292,0.0,0.0,0.0,0.0,-2.4066682783772664,3.3649444123644345,-4.214878077705386,-4.612523861436383e-06,1.3627012850095849e-05,100.0,100.0,2.700258091806339,100.0,True,-0.336435334443852,-0.6572699690463368,-0.37276940286982096,0.0,0.0,0.0,0.0,2.0395260746710386,-3.885815894171696,3.8451005238440805,6.978535582932293e-06,-1.2322584453994121e-05,0.0,0.0,0.0,0.0,-2.0702329439334144,4.022214381410771,-3.842108674835565,-8.867605815073205e-06,1.0924998585989037e-05,0.0,0.0,0.0,0.0
0.1,0.01,33,5,50.0,0,50.0,22.571789091738225,0.0001595061861046741,0.011480725872598657,0.0007967732557420612,True,3.0374051031189673,2.079113329145387,1.9841048257152634,0.0950085034301234,0.0014034242070211003,0.0013121353807656127,9.128882625548758e-05,0.1041314776945606,0.09983289512599035,0.0042985825685702625,22.571789091738225,5,50.0,0,50.0,11.693257412590185,0.00042479887620157776,0.028248162984937146,0.0038318560542221426,True,0.9377295054131086,1.264349543203253,0.3906872126575948,0.8736623305456581,0.004443342780237742,0.0013580065565624924,0.0030853362236752495,0.3063610030171025,0.09541957966792747,0.21094142334917507,11.693257412590185,5,50.0,0,50.0,11.071379659251956,0.00040206537115842914,0.026676831794471688,0.0038240384815739987,True,0.884211744531805,1.21307780161715,0.38205295122626265,0.8310248503908874,0.004269105911028981,0.0013223557285383645,0.0029467501824906165,0.29324365067178954,0.0931287411264676,0.20011490954532193,11.071379659251956,0.0,-11.500409432486268,0.00024255918505375503,0.01519610592187303,-0.866035527528237,-11.500409432486268,4.799406172352692,60,0,0,True,True,0.0,0,0.0,0.0,0.0,0.0,2.5363809377895397,-9.87419432679263,3.425958971634513,-3.392659239937112e-05,-6.611389544672985e-05,100.0,100.0,0.2724588102447144,0.0,False,6.705748666794086,-17.00693377822794,9.909269257723318,0.0,0.0,0.0,0.0,-4.110943439703374,6.078737181417138,-6.878822135680718,-1.295213940410681e-05,1.7986515727049933e-05,100.0,100.0,2.072608993104669,100.0,True,0.05842428930117283,-1.0540022700181728,-0.3955118495919123,0.0,0.0,0.0,0.0,4.20615354012861,-6.171361007119735,7.018091000651161,-4.246261563065816e-06,-3.6535373894022814e-05,0.0,0.0,0.0,0.0,-4.169367729004547,7.13273945143531,-6.483310286088805,1.1420021870441096e-05,4.750582432876317e-05,0.0,0.0,0.0,0.0
0.1,0.05,11,6,60.0,1,60.0,15.26473818151446,0.000493492143937886,0.03440857332232918,0.0036183510528681093,True,1.1431350571989702,1.400475216455093,0.5502941442880221,0.8501810721670708,0.004280571407452862,0.0016205070139025536,0.0026600643935503084,0.32220667951951204,0.12566148245659656,0.1965451970629155,8.015288439626678,7,70.0,0,70.0,14.038321060168135,0.0005082402339766326,0.03434656177313125,0.0038656794081929134,True,1.880005950092778,1.282914837331833,0.5890768140916243,0.6938380232402088,0.004552584330444,0.0021510831720669334,0.002401501158377067,0.31447671282175027,0.1438306265939563,0.17064608622779395,14.038321060168135,7,70.0,0,70.0,13.455035799009574,0.0004921085315872902,0.03316191814926369,0.0038848140101783086,True,1.7237750691832963,1.2366057410005031,0.5674758607884485,0.6691298802120546,0.00444235681120559,0.0020800697406526854,0.0023622870705529053,0.30406787241841865,0.13930364452082838,0.16476422789759027,13.455035799009574,10.0,-1.8097023825048861,-1.3836123505957774e-06,-0.0012466551730654918,-0.16386947545458996,5.4397473593828956,1.0736420964734712,60,0,0,True,True,0.4,4,0.0,0.0,0.0,0.0,5.333102810342583,2.390321911655513,10.498248947224642,-4.923806579842829e-05,-0.0001232984053849063,100.0,100.0,1.0163458559999108,0.0,False,10.476880180851111,-4.182158589345497,17.944038922736905,0.0,0.0,0.0,0.0,-5.706428728125945,5.060032127877068,-8.646148304762946,7.98271963200071e-06,9.231893364340129e-05,100.0,100.0,0.8875862712031191,100.0,True,-0.5626513576174164,-1.5124483731239424,-1.2003583292506832,0.0,0.0,0.0,0.0,5.057263698840919,-4.893922061892941,8.16413407687362,-6.343183739659897e-06,-7.840459001712293e-05,0.0,0.0,0.0,0.0,-5.143777370508529,6.57248050100101,-7.4457899755122625,-5.7317079169665595e-06,8.949774380077945e-05,0.0,0.0,0.0,0.0
0.1,0.05,22,7,70.0,0,70.0,23.40138147340226,0.00017824584353106759,0.012545523778970547,0.0008382471743196862,True,2.021579762188818,2.082586566270474,1.1093678485484584,0.973218717722016,0.0015807965486900235,0.0008544685311723797,0.0007263280175176437,0.11180183823987518,0.05848999858034817,0.053311839659527,4.359639632962853,6,60.0,1,50.0,9.080863965696572,0.00033051308308009093,0.02231870868250644,0.0038772321330633997,True,0.8344254039992947,1.0508515442973407,0.44620010425538853,0.6046514400419523,0.0037540650258735863,0.0015941449794547513,0.002159920046418835,0.2576557657119538,0.11002504928449627,0.1476307164274575,7.847427527126561,5,50.0,1,50.0,7.853555904478449,0.00028273982653244335,0.019188129958922266,0.0038546823404545074,True,0.5433662500618404,1.0285085517018506,0.415605784574002,0.6129027671278487,0.003683961170183908,0.0014845456190200274,0.0021994155511638807,0.25111354433440164,0.10174988355903486,0.14936366077536678,7.853555904478449,-20.0,-15.547825568923813,0.00010449398300137576,0.006642606179951719,-1.0540780145686235,3.4939162715155954,4.598503232155758,60,0,0,True,True,0.0,0,0.0,0.0,0.0,0.0,0.40131127227263086,-1.640344715402664,-0.6246939822993958,-1.6166806246609643e-05,-2.4661106281205882e-05,100.0,100.0,0.3401311139205151,0.0,False,3.4375893158180126,-5.9682552011411705,3.7369798292090306,0.0,0.0,0.0,0.0,-3.5119038059267305,3.4185252341484285,-5.234332447972234,-1.6606718217381086e-05,3.4683402876059316e-05,100.0,100.0,0.6947499165115738,100.0,True,-0.4756257623813487,-0.909385251590078,-0.8726586364638074,0.0,0.0,0.0,0.0,2.9038258026310215,-3.9850091138918353,4.316013138428776,3.48532196570335e-06,-4.075346390833187e-05,0.0,0.0,0.0,0.0,-3.0362780435453818,4.3279104857385065,-4.361673811508426,-1.649147264958569e-05,3.704708663019668e-05,0.0,0.0,0.0,0.0
0.1,0.05,33,5,50.0,0,50.0,22.571789091738225,0.0001595061861046741,0.011480725872598657,0.0007967732557420612,True,3.0374051031189673,2.079113329145387,1.9841048257152634,0.0950085034301234,0.0014034242070211003,0.0013121353807656127,9.128882625548758e-05,0.1041314776945606,0.09983289512599035,0.0042985825685702625,22.571789091738225,5,50.0,0,50.0,13.68091156036746,0.000493427530260064,0.033079925718753025,0.0038129227367460247,True,1.2086446137570732,1.442298736655669,0.403358663165244,1.038940073490425,0.005070440486194334,0.0014232868525826626,0.003647153633611671,0.34844937351205213,0.09732711068535346,0.2511222628266987,13.68091156036746,5,50.0,0,50.0,12.876027232952225,0.0004678871718615848,0.03135972898913003,0.003842767697119003,True,1.1264210325226616,1.3596246463624637,0.3854176372167554,0.9742070091457083,0.004834406760038853,0.0013865547541033845,0.0034478520059354686,0.33077540122021337,0.09362010750469585,0.23715529371551752,12.876027232952225,0.0,-9.695761858786,0.0003083809857569107,0.019879003116531374,-0.7194886827829232,-9.695761858786,4.822912502930469,60,0,0,True,True,0.0,0,0.0,0.0,0.0,0.0,4.416143761784896,-8.931553181303098,4.220160765096503,-2.7351159684382636e-05,-7.819747829964415e-05,100.0,100.0,0.5380363295056813,0.0,False,9.810932252968453,-14.4501207224073,11.691600171179207,0.0,0.0,0.0,0.0,-5.408319154128616,4.865529169474936,-8.032792358524176,-3.208818475617525e-05,4.288900046958591e-05,100.0,100.0,1.36434611473,100.0,True,-0.01353066294506089,-0.6530383716292665,-0.5613529524414735,0.0,0.0,0.0,0.0,5.386659632095769,-4.877748016513683,8.128791885662423,6.976418721959729e-06,-5.5365964913635276e-05,0.0,0.0,0.0,0.0,-5.394788491183555,5.518567541104202,-7.471439406082703,1.1152605988397812e-05,9.06276069174053e-05,0.0,0.0,0.0,0.0
0.1,0.2,11,6,60.0,1,60.0,15.26473818151446,0.000493492143937886,0.03440857332232918,0.0036183510528681093,True,1.1431350571989702,1.400475216455093,0.5502941442880221,0.8501810721670708,0.004280571407452862,0.0016205070139025536,0.0026600643935503084,0.32220667951951204,0.12566148245659656,0.1965451970629155,8.358868457700474,5,50.0,0,50.0,8.92305560144484,0.0003232142494111411,0.02169629982304742,0.003824466792343281,True,0.6336423058685098,0.9722262252624351,0.48685467445534425,0.4853715508070908,0.0033952080948886692,0.0017633517542250557,0.0016318563406636137,0.2360234870567589,0.11860816989511244,0.11741531716164647,8.92305560144484,5,50.0,0,50.0,8.627894025443705,0.0003284489100579969,0.021738089583109015,0.003972001042761087,True,0.5875385812563348,0.9396763292714916,0.4822695774117146,0.45740675185977697,0.0034260138415660667,0.0018026806246796132,0.0016233332168864535,0.23680632817616215,0.12182707958789765,0.1149792485882645,8.627894025443705,-10.0,-6.6368441560707545,-0.00016504323387988911,-0.012670483739220167,-0.4607988871836015,0.26902556774323116,1.097737887984267,60,0,0,True,True,0.0,0,0.0,0.0,0.0,0.0,-3.490564814483721,-1.9878524144630538,-8.833355980885816,-1.7761868115300547e-05,1.8839308951951628e-05,100.0,100.0,0.8920274143819364,100.0,True,0.1726898578082725,-2.6675204592621182,-1.2237252449985085,0.0,0.0,0.0,0.0,-3.8281435170854694,2.2768641390135347,-6.15424432935453,9.34875232993875e-06,5.265486727779143e-05,100.0,100.0,2.545543901865236,100.0,True,-0.16488884479347599,1.5971960942144703,1.455386406532778,0.0,0.0,0.0,0.0,3.7897946347768663,-0.8281622046031778,7.973536544608484,3.93123537533092e-06,-3.7583994290344444e-05,0.0,0.0,0.0,0.0,-3.6632546722919934,0.6796680447990644,-7.609630735887308,-1.1310091548096142e-05,3.387413644054157e-05,0.0,0.0,0.0,0.0
0.1,0.2,22,7,70.0,0,70.0,23.40138147340226,0.00017824584353106759,0.012545523778970547,0.0008382471743196862,True,2.021579762188818,2.082586566270474,1.1093678485484584,0.973218717722016,0.0015807965486900235,0.0008544685311723797,0.0007263280175176437,0.11180183823987518,0.05848999858034817,0.053311839659527,4.359639632962853,5,50.0,1,50.0,7.6101694320050095,0.00028023653081266,0.018937442585888586,0.003931111047092793,True,0.5932688734548432,0.9634112917764616,0.4433474373173241,0.5200638544591374,0.0034719766315525285,0.001611068063432425,0.0018609085681201036,0.2404837331189692,0.1111703173853977,0.1293134157335715,7.6101694320050095,5,50.0,1,50.0,7.70920306689693,0.00027793479214245935,0.018814376846378107,0.003853333091376952,True,0.5757103149679963,0.9724530467700621,0.4212513243475142,0.5512017224225478,0.0034482621375709283,0.0015132975298158627,0.0019349646077550658,0.23784265159069218,0.10330905124780815,0.13453360034288403,7.70920306689693,-20.0,-15.692178406505331,9.968894861139176e-05,0.00626885306740756,-1.110133519500412,3.349563433934077,4.5968936244900345,60,0,0,True,True,0.0,0,0.0,0.0,0.0,0.0,-1.4013085442169282,-0.43168178574541916,-2.6950135141692755,1.1557561319690854e-05,1.905011451100772e-05,100.0,100.0,0.7402960724296215,100.0,True,1.7890430765260867,-4.033774358178754,1.052003899694831,0.0,0.0,0.0,0.0,-3.439790907006679,2.426519084352652,-5.187915641175101,1.4692207110371565e-06,3.5511767988403835e-05,100.0,100.0,0.4024771759479818,100.0,True,-0.24943928626366407,-1.1755734880806834,-1.4408982273109943,0.0,0.0,0.0,0.0,3.0914247543625484,-3.3071695781451083,3.7761029594149953,-1.1102831321967892e-05,-3.23053026348351e-05,0.0,0.0,0.0,0.0,-3.190351620743015,3.6020925724333352,-3.7470174138641066,3.9936471511222826e-06,3.479919270431606e-05,0.0,0.0,0.0,0.0
0.1,0.2,33,5,50.0,0,50.0,22.571789091738225,0.0001595061861046741,0.011480725872598657,0.0007967732557420612,True,3.0374051031189673,2.079113329145387,1.9841048257152634,0.0950085034301234,0.0014034242070211003,0.0013121353807656127,9.128882625548758e-05,0.1041314776945606,0.09983289512599035,0.0042985825685702625,21.12987897889291,6,60.0,0,60.0,13.606008746339327,0.0004849461474378527,0.03266995138716926,0.0037785657147193516,True,1.358165721768298,1.3019426663617526,0.41317654561869394,0.8887661207430587,0.004533591542060292,0.0014393761019207728,0.0030942154401395186,0.31158381043408856,0.09909789354505705,0.21248591688903154,13.606008746339327,6,60.0,0,60.0,12.998604067378317,0.0004744571048291655,0.031882260925346115,0.0038636422029179117,True,1.2554611619044242,1.277176756342554,0.42455476394902175,0.8526219923935322,0.004550400626843071,0.0015002965469810218,0.0030501040798620494,0.3124128972764949,0.10386551451557319,0.20854738276092172,12.998604067378317,10.0,-9.573185024359908,0.0003149509187244914,0.020401535052747458,-0.8019365728028329,-8.131274911514595,4.849111306226731,60,0,0,True,True,0.2,2,0.0,0.0,0.0,0.0,4.947573358561641,-4.665554235125102,7.158278152615094,7.490625452265362e-06,-3.968668624097988e-05,100.0,100.0,0.5430032225746534,0.0,False,10.035716061963573,-8.214626955673287,14.88536686914864,0.0,0.0,0.0,0.0,-5.214710315396632,3.227996923319898,-8.08575382945288,-2.1596790169744985e-05,2.8304777273054614e-05,100.0,100.0,1.4914555554157471,100.0,True,-0.1265676119946999,-0.3210757972282874,-0.3586651129193328,0.0,0.0,0.0,0.0,5.158654667769991,-3.1763209675409354,8.435638069374862,2.1711664068152568e-05,-1.1821271798497955e-05,0.0,0.0,0.0,0.0,-5.088142703401932,3.5490727205481853,-7.727088716533547,-8.39695825502083e-06,4.395943033973866e-05,0.0,0.0,0.0,0.0
0.1,1.0,11,6,60.0,1,60.0,15.26473818151446,0.000493492143937886,0.03440857332232918,0.0036183510528681093,True,1.1431350571989702,1.400475216455093,0.5502941442880221,0.8501810721670708,0.004280571407452862,0.0016205070139025536,0.0026600643935503084,0.32220667951951204,0.12566148245659656,0.1965451970629155,4.981048481511152,4,40.0,0,40.0,6.645658229106433,0.00023573744662649422,0.01589389976263194,0.003733009076898225,True,0.34501561413587034,0.8162612000860032,0.45418140905762683,0.3620797910283764,0.002755643195932967,0.0016160213410169883,0.0011396218549159785,0.1933763551081392,0.1080306714027597,0.08534568370537951,6.645658229106433,4,40.0,0,40.0,6.694258583417955,0.0002483082754138287,0.016584168286690203,0.003882846987660211,True,0.3452075992045909,0.8250111963272513,0.4677861488140026,0.3572250475132487,0.00289444617455127,0.0017169348138532836,0.0011775113606979862,0.2032553037640622,0.11543118209626407,0.08782412166779811,6.694258583417955,-20.0,-8.570479598096505,-0.0002451838685240573,-0.01782440503563898,-0.5754640201278418,1.7132101019068031,1.0730984724609425,60,0,0,True,True,0.0,0,0.0,0.0,0.0,0.0,-2.434565670489952,0.8979011910507761,-4.2264271530465525,2.703049079907211e-05,3.8498960680347864e-05,100.0,100.0,1.9287719866770123,100.0,True,-0.02133972344932067,0.6578022206719547,2.6419890006634024,0.0,0.0,0.0,0.0,-2.4202296164743675,1.8695695758542241,-4.722202625166028,2.0126077820337715e-05,3.6448894161731325e-05,100.0,100.0,2.520942408318344,100.0,True,-0.007003669433736093,1.6294706054754027,2.146213528543927,0.0,0.0,0.0,0.0,2.4452946575240997,-0.3043238244833324,7.163516033702555,-2.1898442050971795e-05,-4.0050062125747713e-05,0.0,0.0,0.0,0.0,-2.4132259470406314,0.24009897037882144,-6.868416153709955,2.0761345269443244e-05,3.8630027809675354e-05,0.0,0.0,0.0,0.0
0.1,1.0,22,7,70.0,0,70.0,23.40138147340226,0.00017824584353106759,0.012545523778970547,0.0008382471743196862,True,2.021579762188818,2.082586566270474,1.1093678485484584,0.973218717722016,0.0015807965486900235,0.0008544685311723797,0.0007263280175176437,0.11180183823987518,0.05848999858034817,0.053311839659527,-5.983743834381633,4,40.0,1,40.0,6.895113845981649,0.00025061605217735114,0.01711006574087329,0.0038877163925754668,True,0.40348760685471674,0.8891350046656025,0.4081070841141113,0.4810279205514912,0.0031095783845553984,0.0014419007523976898,0.0016676776321577088,0.21975133507613953,0.10067809964212035,0.11907323543401917,6.895113845981649,4,40.0,1,40.0,6.630965525918242,0.00024454108179247603,0.01655881088962307,0.003929729601293895,True,0.37573332672271376,0.8839340460451475,0.3946121767289907,0.48932186931615673,0.003157603656227478,0.001428700766821001,0.001728902889406477,0.2207414868073257,0.09907325607868228,0.12166823072864343,6.630965525918242,-30.0,-16.770415947484018,6.629523826140845e-05,0.004013287110652523,-1.1986525202253266,12.614709360299875,4.688032028838305,60,0,0,True,True,0.0,0,0.0,0.0,0.0,0.0,-0.5131239825392653,-2.3829427137776027,-6.58232822649929,3.5767304044677806e-05,5.158524091747156e-05,100.0,100.0,0.6575586274381576,100.0,True,1.5629371445953444,-4.700376756382784,-3.4352387450818256,0.0,0.0,0.0,0.0,-2.525539245823971,2.076512342776282,-4.502517606989054,1.9946304514131862e-05,3.42831672479713e-05,100.0,100.0,3.3625719940691545,100.0,True,-0.4494781186893615,-0.24092169982889988,-1.3554281255715894,0.0,0.0,0.0,0.0,2.0406094199467484,-2.143136419696612,3.316014704613446,-2.91911531561319e-05,-3.9247998841266925e-05,0.0,0.0,0.0,0.0,-2.0760611271346097,2.317434042605182,-3.1470894814174644,2.9235263236498206e-05,4.23103641223803e-05,0.0,0.0,0.0,0.0
0.1,1.0,33,5,50.0,0,50.0,22.571789091738225,0.0001595061861046741,0.011480725872598657,0.0007967732557420612,True,3.0374051031189673,2.079113329145387,1.9841048257152634,0.0950085034301234,0.0014034242070211003,0.0013121353807656127,9.128882625548758e-05,0.1041314776945606,0.09983289512599035,0.0042985825685702625,14.791965885941272,5,50.0,0,50.0,10.670974169656212,0.00038236096698930004,0.02596647254851001,0.00379446442020963,True,0.7443715570980034,1.1450164778278584,0.46588109963869684,0.6791353781891615,0.003973246558387871,0.0016071653005685206,0.0023660812578193504,0.2763529742798832,0.11189462809456165,0.1644583461853216,10.670974169656212,5,50.0,0,50.0,10.507674284470603,0.00038239390813929767,0.026009430003015543,0.003868859577309547,True,0.692936441150034,1.1177420908810654,0.43808564334856664,0.6796564475324988,0.003936414305722387,0.0015307053258158526,0.002405708979906534,0.27411822884963666,0.10770678454928882,0.16641144430034785,10.507674284470603,0.0,-12.064114807267622,0.00022288772203462356,0.014528704130416886,-0.9613712382643216,-4.2842916014706685,4.855659435640006,60,0,0,True,True,0.0,0,0.0,0.0,0.0,0.0,2.0796473166387885,-2.655631434715855,6.609964218495001,2.4665648639165053e-06,-7.790069361038971e-06,100.0,100.0,0.06345945426246444,0.0,False,4.958892761355383,-5.557527972407361,12.535095071482537,0.0,0.0,0.0,0.0,-3.3262502494261326,2.68694442760673,-5.869230962276751,1.7907524400665202e-05,3.396352657776655e-05,100.0,100.0,2.462737439647417,100.0,True,-0.44700480470953874,-0.21495211008477622,0.05589989071078616,0.0,0.0,0.0,0.0,2.843564922599673,-2.5868909883939084,6.5268285928796965,-5.692765655902678e-06,-1.7848757497134675e-05,0.0,0.0,0.0,0.0,-2.879245444716594,2.9018965376915062,-5.925130852987537,5.5127779096753125e-06,2.618441000124894e-05,0.0,0.0,0.0,0.0
0.2,0.01,11,6,60.0,1,60.0,23.758550451856753,0.0003612851882153268,0.024437801634271707,0.0016689335330788342,True,2.0317584706855487,2.2861397938978727,1.0779909433174977,1.208148850580375,0.003365049369457828,0.0015806881837412536,0.0017843611857165749,0.23330223815976447,0.10844795783941029,0.1248542803203542,-6.05429682971736,3,30.0,0,40.0,4.208119407198829,8.643841385403469e-05,0.0059681339752041505,0.0022459056738241443,True,0.1808503181520981,0.7121303496733631,0.4240773135858985,0.2880530360874646,0.0014624157657902993,0.0008735838255831996,0.0005888319402070998,0.10148780035509579,0.060041544665056304,0.04144625569003949,4.208119407198829,3,30.0,0,30.0,4.810835627426746,0.00010084463690615813,0.006979105805428374,0.0022991672214716713,True,0.18371727623230188,0.7125473065716441,0.32702103308948793,0.3855262734821561,0.00148765870445032,0.000690425487739676,0.0007972332167106441,0.1037936812021577,0.047568318970763204,0.05622536223139451,4.810835627426746,-30.0,-18.947714824430008,-0.0002604405513091687,-0.01745869582884333,-1.5735924873262286,10.865132457144107,1.377626595608147,60,0,0,True,True,0.0,0,0.0,0.0,0.0,0.0,1.5394613442570648,-2.4106683272212215,3.6926552274396673,4.971745947396412e-06,-4.207051514033242e-06,100.0,100.0,2.5991571630272823,0.0,False,3.3771982482437846,-5.503581094290977,8.041425767294431,0.0,0.0,0.0,0.0,-1.8090212582302256,2.6583057293258827,-4.250670416527336,1.5208967095689698e-06,-2.866207730645859e-06,100.0,100.0,4.624139595068829,100.0,True,0.0287156457564941,-0.43460703774387266,0.09810012332742701,0.0,0.0,0.0,0.0,1.8076592910543532,-2.721487670258882,4.298837616284956,2.438326493587665e-06,-3.3098789882026364e-06,0.0,0.0,0.0,0.0,-1.8377369039867197,3.0929127670697554,-4.348770539854763,-7.861197304150785e-07,1.1249144893144588e-06,0.0,0.0,0.0,0.0
0.2,0.01,22,5,50.0,1,60.0,23.49552312596066,7.079543016159473e-05,0.004914582827343906,0.00032582796640642304,True,-1.427632799439017,2.130526354223178,1.54007403621842,0.5904523180047582,0.0006275708340568407,0.0004482163446390918,0.00017935448941774882,0.04412054043549725,0.03151002695046729,0.01261051348502996,3.9552731069243507,6,60.0,1,60.0,11.267821687694013,0.0002407577778135025,0.016433450688458133,0.0022912831417408863,True,0.740580218047299,1.2280667742915425,0.5237100811137415,0.7043566931778011,0.002551879946171196,0.001100464938760741,0.001451415007410455,0.17899305989840975,0.07623529056931237,0.10275776932909737,11.267821687694013,6,60.0,1,60.0,11.065606593282762,0.00023446412023498103,0.01598310670481492,0.002274371858399688,True,0.7075390481369568,1.2129338665685991,0.5295721434087718,0.6833617231598274,0.0024897424644087854,0.001096356918343933,0.0013933855460648522,0.17505515327635376,0.07640206165185504,0.09865309162449873,11.065606593282762,10.0,-12.429916532677897,0.0001636686900733863,0.011068523877471013,-0.9175924876545789,7.110333486358412,6.98028436135755,60,0,0,True,True,0.2,2,0.0,0.0,0.0,0.0,0.3004073875815916,-6.722042373707882,2.013212969058542,-3.581398305670149e-06,-2.6096557715740644e-05,100.0,100.0,0.2534044506145524,0.0,False,3.2990818590082682,-16.995355717612927,9.973860238734854,0.0,0.0,0.0,0.0,-4.08111732976616,8.423777219438122,-9.882633320203427,-8.305072559611811e-06,-2.3085054258505336e-05,100.0,100.0,1.312808756100316,100.0,True,-1.0824428583394834,-1.8495361244669226,-1.9219860505271136,0.0,0.0,0.0,0.0,3.2865525101787973,-7.859697974643664,8.071425977969149,5.326259030794992e-06,1.5811613727674734e-05,0.0,0.0,0.0,0.0,-2.9986744714266766,10.273313343905045,-7.960647269676313,-5.6645383738952206e-06,-2.507356640113206e-05,0.0,0.0,0.0,0.0
0.2,0.01,33,4,40.0,1,40.0,14.544302115509444,7.600747946157787e-05,0.005138090106611599,0.0005591209673019151,True,0.6086191437644998,1.4404421858625465,1.610554555987954,-0.17011237012540753,0.0007147243343546131,0.0007672652899016588,-5.2540955547045645e-05,0.05130546911611414,0.05775997339321326,-0.006454504277099124,13.425672339757488,5,50.0,1,50.0,10.363657385746027,0.0002137591409525257,0.01448156900565132,0.00221695056169753,True,0.6354476444782342,1.0929965416453502,0.5255895939515551,0.5674069476937952,0.0022406897555657503,0.0010324604422944535,0.0012082293132712966,0.15317868355198655,0.07403344284568011,0.07914524070630644,10.363657385746027,5,50.0,1,50.0,10.154020057378021,0.00021990330583088126,0.014787719109093466,0.0023103884797567066,True,0.6295787531784126,1.0675021271383809,0.5034628307039135,0.5640392964344674,0.002295986957846745,0.00103062585572782,0.0012653611021189246,0.15585071903037187,0.07382643850757009,0.08202428052280178,10.154020057378021,10.0,-4.390282058131422,0.0001438958263693034,0.009649629002481867,-0.3729400587241656,-3.271652282379467,4.1321800019514185,60,0,0,True,True,0.0,0,0.0,0.0,0.0,0.0,2.9909754883842954,-8.335954566646498,7.109881056920542,1.4709235881311294e-05,8.914979398396425e-06,100.0,100.0,1.1536676584725287,0.0,False,6.606895204968399,-16.11914891160645,15.835650238200582,0.0,0.0,0.0,0.0,-3.6915927138273297,7.48333390519651,-8.755959349803744,-1.522803786818165e-05,-2.152052834086731e-05,100.0,100.0,0.083459129973933,100.0,True,-0.07567299724322574,-0.2998604397634441,-0.03019016852370271,0.0,0.0,0.0,0.0,3.798035172365122,-6.611408537711084,9.180385279762637,1.3400046345457962e-05,2.2639297517194554e-05,0.0,0.0,0.0,0.0,-3.615919716584104,7.783194344959954,-8.725769181280041,-1.6222050158355532e-05,-2.9712047923206625e-05,0.0,0.0,0.0,0.0
0.2,0.05,11,6,60.0,1,60.0,23.758550451856753,0.0003612851882153268,0.024437801634271707,0.0016689335330788342,True,2.0317584706855487,2.2861397938978727,1.0779909433174977,1.208148850580375,0.003365049369457828,0.0015806881837412536,0.0017843611857165749,0.23330223815976447,0.10844795783941029,0.1248542803203542,7.1838463407364,3,30.0,1,40.0,5.031737391646818,0.0001051341443347978,0.0075679355675960305,0.0023825977622214806,True,0.0343355281593889,0.7557412789395499,0.3952201109770008,0.3605211679625491,0.0016255544967530295,0.0008248843540837971,0.0008006701426692324,0.1139248546228166,0.05978275540490932,0.054142099217907275,6.086119742976637,4,40.0,1,40.0,6.373887015458413,0.00013379999521905797,0.009445343914493838,0.002342163644782373,True,0.11195472901359099,0.7993994727266249,0.372435208513191,0.42696426421343386,0.0017087316089305857,0.0007572537541674586,0.0009514778547631272,0.11841460442905999,0.05519044821373227,0.06322415621532772,6.373887015458413,-20.0,-17.38466343639834,-0.00022748519299626885,-0.014992457719777868,-1.4867403211712478,-0.8099593252779869,1.4033894090806418,60,0,0,True,True,0.0,0,0.0,0.0,0.0,0.0,2.7085211651949104,-1.5488343336824584,7.075202438554862,1.1880184184311521e-05,3.644864745705985e-05,100.0,100.0,0.14171642616919763,0.0,False,4.944037218828412,-5.808818371928359,12.140069816282217,0.0,0.0,0.0,0.0,-2.8034909719595213,3.365554202460941,-6.100381900100804,7.191470010911816e-06,1.543226853633733e-06,100.0,100.0,0.6733264154398457,100.0,True,-0.5679749183260197,-0.89442983578496,-1.0355145223734485,0.0,0.0,0.0,0.0,2.3175739761700287,-3.8476238765589144,5.29247700872193,-1.4555357457711433e-05,-2.1188024011333233e-05,0.0,0.0,0.0,0.0,-2.2355160536335017,4.259984038245901,-5.064867377727356,1.9070728170870164e-05,2.0938117814155643e-05,0.0,0.0,0.0,0.0
0.2,0.05,22,5,50.0,1,60.0,23.49552312596066,7.079543016159473e-05,0.004914582827343906,0.00032582796640642304,True,-1.427632799439017,2.130526354223178,1.54007403621842,0.5904523180047582,0.0006275708340568407,0.0004482163446390918,0.00017935448941774882,0.04412054043549725,0.03151002695046729,0.01261051348502996,12.198655239565104,6,60.0,1,60.0,11.962364706486284,0.00026251558383374573,0.017977127315883593,0.0023670141275496806,True,1.1772800096655232,1.2631982418148655,0.5335382052363532,0.7296600365785124,0.0026960442500819737,0.0011560947961964591,0.0015399494538855148,0.1896930958712938,0.08022106115478325,0.10947203471651056,11.962364706486284,6,60.0,1,60.0,11.872321318120493,0.00025576292242475744,0.017402912678005228,0.002313505900905738,True,1.1084185137018518,1.2682924025807658,0.5466652340257567,0.721627168555009,0.0026566786778358265,0.0011538192379752883,0.0015028594398605382,0.18605951361727588,0.08031005817846423,0.10574945543881166,11.872321318120493,10.0,-11.623201807840166,0.0001849674922631627,0.012488329850661322,-0.8622339516424122,-0.32633392144461126,7.100390817956908,60,0,0,True,True,0.2,2,0.0,0.0,0.0,0.0,1.4011518831589465,-6.975966762147634,3.7776812932662995,-1.2398535307545577e-06,-0.00011311395285079168,100.0,100.0,1.3524316898087472,0.0,False,5.308115431575489,-17.337247009600453,12.744076846781882,0.0,0.0,0.0,0.0,-5.004930397311503,8.262045442564814,-10.743802649229616,-1.7537424248618175e-05,-2.296070437878312e-05,100.0,100.0,0.18465001976450665,100.0,True,-1.0979668488949605,-2.099234804888006,-1.7774070957140342,0.0,0.0,0.0,0.0,4.087126082341808,-7.482892101177752,8.958186736532102,1.6257977449037905e-05,-1.2489076631765138e-05,0.0,0.0,0.0,0.0,-3.906963548416542,10.36128024745282,-8.966395553515582,-1.2196731316603456e-05,2.389680540578745e-07,0.0,0.0,0.0,0.0
0.2,0.05,33,4,40.0,1,40.0,14.544302115509444,7.600747946157787e-05,0.005138090106611599,0.0005591209673019151,True,0.6086191437644998,1.4404421858625465,1.610554555987954,-0.17011237012540753,0.0007147243343546131,0.0007672652899016588,-5.2540955547045645e-05,0.05130546911611414,0.05775997339321326,-0.006454504277099124,13.425672339757488,6,60.0,1,60.0,10.945354405848995,0.00023502408050895575,0.015952209617359298,0.002307576261917622,True,0.7574163307294645,1.0281073386337236,0.4083858015207508,0.6197215371129728,0.002191181028813371,0.0008420518474672582,0.0013491291813461125,0.1503077803285373,0.059677413169272914,0.0906303671592644,9.678799721896125,5,50.0,1,50.0,9.504134139559273,0.00020588074528369682,0.01391583155108619,0.0023191164345856825,True,0.5582788191064627,1.0128266200565816,0.4457692214910225,0.5670573985655593,0.0021771570749791512,0.0009079526370653982,0.0012692044379137527,0.1484994472511879,0.06541160174761777,0.08308784550357015,9.504134139559273,10.0,-5.040167975950171,0.00012987326582211895,0.008777741444474591,-0.4276155658059648,-3.9215382001982153,4.1477901388259015,60,0,0,True,True,0.0,0,0.0,0.0,0.0,0.0,1.96613961290808,-6.726667651897921,3.9265325847467114,3.861596383907451e-06,-3.0193463994910717e-05,100.0,100.0,0.7714851435349503,0.0,False,5.76120973774924,-13.043430149370094,12.26032580968741,0.0,0.0,0.0,0.0,-3.7990468122271137,6.0327475078479464,-8.077158599889867,-1.829702042933866e-05,-1.5826976215854987e-05,100.0,100.0,2.610832912291342,100.0,True,-0.003976687385953692,-0.2840149896242261,0.25663462505083245,0.0,0.0,0.0,0.0,3.954980163528088,-5.400506416118345,8.769536454422733,1.400928032464801e-05,1.7119901248456273e-05,0.0,0.0,0.0,0.0,-3.79507012484116,6.3167624974721726,-8.333793224940699,-1.423955156407776e-05,-2.2595594808316028e-05,0.0,0.0,0.0,0.0
0.2,0.2,11,6,60.0,1,60.0,23.758550451856753,0.0003612851882153268,0.024437801634271707,0.0016689335330788342,True,2.0317584706855487,2.2861397938978727,1.0779909433174977,1.208148850580375,0.003365049369457828,0.0015806881837412536,0.0017843611857165749,0.23330223815976447,0.10844795783941029,0.1248542803203542,3.7347744359271906,3,30.0,1,30.0,5.103108792105216,0.00010691669678576795,0.007632417190819017,0.002361057358025778,True,0.03753065579796032,0.8055021501108977,0.44980651917552245,0.3556956309353752,0.0017304849631628073,0.0009182961904607384,0.0008121887727020689,0.12053505531226574,0.06739571375160151,0.05313934156066423,5.103108792105216,3,30.0,1,30.0,5.4448722145232225,0.00011479516108664923,0.008157637117197865,0.002367091770714908,True,0.05200797394588095,0.8346630398517351,0.41475166690409065,0.41991137294764447,0.0018091443097614647,0.0008426788675609415,0.0009664654422005233,0.12510265250296793,0.0622370118931873,0.06286564060978064,5.4448722145232225,-30.0,-18.31367823733353,-0.0002464900271286776,-0.016280164517073842,-1.4514767540461375,1.7100977785960318,1.4183259691283916,60,0,0,True,True,0.0,0,0.0,0.0,0.0,0.0,2.4116322420066894,-1.6913690905204892,4.066011116012946,-1.6341106781803843e-05,-5.226697089349497e-05,100.0,100.0,1.210032597927821,0.0,False,5.2120043168802805,-4.796358083631846,8.130838014943652,0.0,0.0,0.0,0.0,-3.0490246567398738,1.9967934549822264,-5.6351152313313,1.7244847689693856e-05,3.4264436775507685e-05,100.0,100.0,2.818517396749376,100.0,True,-0.24865258186628214,-1.1081955381291309,-1.570288332400593,0.0,0.0,0.0,0.0,2.8563724521371014,-2.768339047396129,4.357218680698316,-1.5759014249036043e-05,-5.469665766789374e-05,0.0,0.0,0.0,0.0,-2.8003720748735916,3.1049889931113572,-4.064826898930707,1.9285736377347732e-05,5.600234965848092e-05,0.0,0.0,0.0,0.0
0.2,0.2,22,5,50.0,1,60.0,23.49552312596066,7.079543016159473e-05,0.004914582827343906,0.00032582796640642304,True,-1.427632799439017,2.130526354223178,1.54007403621842,0.5904523180047582,0.0006275708340568407,0.0004482163446390918,0.00017935448941774882,0.04412054043549725,0.03151002695046729,0.01261051348502996,17.949904821951357,7,70.0,1,70.0,13.080547192549275,0.0002897115241205252,0.01967388539819674,0.002371275240577821,True,1.2725868460668106,1.2647568609997974,0.5316211754032005,0.7331356855965969,0.0027129299442338476,0.0011567834749579239,0.0015561464692759237,0.19009667050920706,0.08018805070240734,0.10990861980679972,13.080547192549275,7,70.0,1,70.0,12.727547257944927,0.0002836680548525476,0.019118999198357856,0.0023763079320383287,True,1.1788620219776338,1.255202458347501,0.5276923320307707,0.7275101263167303,0.0027102620899384046,0.0011471291669616864,0.0015631329229767183,0.18900956255045603,0.07965115115743004,0.10935841139302599,12.727547257944927,20.0,-10.767975868015732,0.00021287262469095285,0.01420441637101395,-0.875323895875677,-5.22235756400643,7.293136799295582,60,0,0,True,True,0.4,4,0.0,0.0,0.0,0.0,10.23451966455291,-3.116534996418241,16.733480658205767,3.5045477197381478e-06,0.00010920787258722611,100.0,100.0,0.3857183316345126,0.0,False,17.325773218248806,-12.004318339259012,26.937889178125605,0.0,0.0,0.0,0.0,-7.609819923685723,7.233318579355452,-12.199521076250408,4.997453589522191e-06,5.830325636391897e-05,100.0,100.0,0.5483507701156034,100.0,True,-0.5185663699898253,-1.6544647634853193,-1.9951125563305698,0.0,0.0,0.0,0.0,6.9188030932108235,-6.381355121841292,10.31499728985359,2.15752962858868e-06,-8.170512078271288e-05,0.0,0.0,0.0,0.0,-7.091253553695898,8.887783342840772,-10.204408519919838,9.051636988979892e-06,8.300400866369321e-05,0.0,0.0,0.0,0.0
0.2,0.2,33,4,40.0,1,40.0,14.544302115509444,7.600747946157787e-05,0.005138090106611599,0.0005591209673019151,True,0.6086191437644998,1.4404421858625465,1.610554555987954,-0.17011237012540753,0.0007147243343546131,0.0007672652899016588,-5.2540955547045645e-05,0.05130546911611414,0.05775997339321326,-0.006454504277099124,13.425672339757488,5,50.0,1,50.0,9.256681826339186,0.0001979656024808312,0.013521140338272803,0.002307642905245974,True,0.5375705061695271,0.9930696628356184,0.41692709147729695,0.5761425713583214,0.00211926191830979,0.0008796571924378528,0.0012396047258719373,0.14511855384454614,0.06087761232423625,0.0842409415203099,9.256681826339186,5,50.0,1,50.0,9.20307442470165,0.00020166541165166172,0.013651007996059528,0.002344543562927772,True,0.514801182050622,0.9752445294120429,0.4220728578155819,0.553171671596461,0.0021223458378415213,0.0008927303255408906,0.0012296155123006306,0.14454573687236813,0.06259610676098191,0.08194963011138622,9.20307442470165,10.0,-5.341227690807793,0.00012565793219008385,0.008512917889447929,-0.4651976564505036,-4.222597915055838,4.193267110410047,60,0,0,True,True,0.0,0,0.0,0.0,0.0,0.0,-2.1171400874829716,5.204185375945647,-0.325689962707143,2.0561019322411613e-05,8.277809816883362e-05,100.0,100.0,1.2476203711154954,100.0,True,2.990325143212702,0.870233524674835,8.266138945560398,0.0,0.0,0.0,0.0,-4.9968045162653745,4.223867757553257,-8.094426981022417,-3.663008479537163e-06,3.7849706238678876e-05,100.0,100.0,1.4110612235347895,100.0,True,0.11066071443029912,-0.11008409371755512,0.49740192724512333,0.0,0.0,0.0,0.0,5.199921666662166,-3.650595150858693,9.085559439191204,7.801565633307921e-06,-2.5857578322100285e-05,0.0,0.0,0.0,0.0,-5.107465230695674,4.333951851270812,-8.59182890826754,-5.069490474958515e-06,2.651904606804751e-05,0.0,0.0,0.0,0.0
0.2,1.0,11,6,60.0,1,60.0,23.758550451856753,0.0003612851882153268,0.024437801634271707,0.0016689335330788342,True,2.0317584706855487,2.2861397938978727,1.0779909433174977,1.208148850580375,0.003365049369457828,0.0015806881837412536,0.0017843611857165749,0.23330223815976447,0.10844795783941029,0.1248542803203542,2.5089537709841014,2,20.0,1,20.0,3.117467659787043,6.707803580493479e-05,0.0048061062415794935,0.0024200077336095646,True,0.027536604837915663,0.7440402908878655,0.5201584438991098,0.22388184698875577,0.0016366244177150881,0.0011069687474439757,0.0005296556702711126,0.11436886543889846,0.07982350091971195,0.0345453645191865,3.117467659787043,2,20.0,1,20.0,3.4694348551291387,7.427103381509221e-05,0.0052266470771449415,0.002375091637769919,True,0.03374626439134543,0.7826710750143631,0.485685977508457,0.29698509750590607,0.00170768403344762,0.0010037608837032703,0.0007039231497443497,0.11801014250145675,0.07325395643405899,0.04475618606739776,3.4694348551291387,-40.0,-20.289115596727612,-0.0002870141544002346,-0.019211154557126766,-1.5034687188835096,0.9604810841450373,1.4231193697620603,60,0,0,True,True,0.0,0,0.0,0.0,0.0,0.0,1.2926291491735853,0.44391137713950535,3.8650769780272043,-3.17929979933814e-05,-3.214805058734168e-05,100.0,100.0,0.2618140978922547,0.0,False,3.3479495936716286,-1.0405219930749388,7.310048206286823,0.0,0.0,0.0,0.0,-1.869104592134796,1.1578471111081345,-3.4642160693868496,1.600844899085803e-05,2.390490574762311e-05,100.0,100.0,2.2034287808136988,100.0,True,0.18621585236324734,-0.32658625910630956,-0.019244841127230572,0.0,0.0,0.0,0.0,2.0504380489685614,-1.361053048995331,3.572664363340561,-1.0160234013862268e-05,-2.3600316913281565e-05,0.0,0.0,0.0,0.0,-2.0553204444980433,1.484433370214444,-3.444971228259619,1.035769914885091e-05,2.3333718795609136e-05,0.0,0.0,0.0,0.0
0.2,1.0,22,5,50.0,1,60.0,23.49552312596066,7.079543016159473e-05,0.004914582827343906,0.00032582796640642304,True,-1.427632799439017,2.130526354223178,1.54007403621842,0.5904523180047582,0.0006275708340568407,0.0004482163446390918,0.00017935448941774882,0.04412054043549725,0.03151002695046729,0.01261051348502996,3.9552731069243507,6,60.0,1,50.0,10.74506802525439,0.0002412703978828452,0.0165292051881456,0.0024153808811431788,True,0.6653056062802346,1.1507885309271917,0.5312692654739487,0.619519265453243,0.0024883213531833263,0.0011776327592919417,0.0013106885938913844,0.17642128975845323,0.08177501954785846,0.09464627021059478,10.74506802525439,6,60.0,1,60.0,10.347967610516285,0.0002285401671813617,0.015572220687342667,0.0023708411225850114,True,0.6213076259376982,1.1132631497479242,0.5122267220949533,0.6010364276529708,0.0023933331979481037,0.0011094741939000595,0.0012838590040480445,0.16771453160979335,0.07721151011948595,0.09050302149030741,10.347967610516285,10.0,-13.147555515444374,0.00015774473701976697,0.01065763785999876,-1.0172632044752539,6.392694503591935,7.276358591109186,60,0,0,True,True,0.2,2,0.0,0.0,0.0,0.0,3.7963474981938417,-3.809939862781242,-0.13428665221032476,-0.00011906844077672974,-0.00014974384061087142,100.0,100.0,1.6954012362287951,0.0,False,10.78556171179057,-10.279031419159024,7.553764863864954,0.0,0.0,0.0,0.0,-7.831457361815031,6.0080632905594955,-11.690710305712626,7.657095996539698e-05,0.00011283612499634384,100.0,100.0,1.4138837859511162,100.0,True,-0.8422431482183024,-0.46102826581828626,-4.002658789637348,0.0,0.0,0.0,0.0,6.7159415067309824,-5.009168938881525,8.182934175387357,-7.564894954490884e-05,-0.0001149648556553291,0.0,0.0,0.0,0.0,-6.989214213596728,6.469091556377782,-7.688051516075278,9.062871187021624e-05,0.0001272878647886372,0.0,0.0,0.0,0.0
0.2,1.0,33,4,40.0,1,40.0,14.544302115509444,7.600747946157787e-05,0.005138090106611599,0.0005591209673019151,True,0.6086191437644998,1.4404421858625465,1.610554555987954,-0.17011237012540753,0.0007147243343546131,0.0007672652899016588,-5.2540955547045645e-05,0.05130546911611414,0.05775997339321326,-0.006454504277099124,13.425672339757488,5,50.0,1,50.0,9.202484955650592,0.00020107003914707038,0.013918899946940767,0.002371317160600148,True,0.561677227892027,0.9868840088325351,0.49133872848343746,0.49554528034909767,0.0021472392490267064,0.001045312401025249,0.0011019268480014575,0.148668506092364,0.0742405349499208,0.0744279711424432,9.202484955650592,5,50.0,1,50.0,9.37511844970248,0.00020696411897025348,0.014230896220878461,0.0023828267761720153,True,0.5604336808810815,0.9910638732424027,0.4719531407502481,0.5191107324921547,0.002178368491880006,0.0010131510564384627,0.0011652174354415434,0.14985203815538262,0.07146292210230648,0.07838911605307614,9.37511844970248,10.0,-5.169183665806964,0.0001309566395086756,0.009092806114266862,-0.4493783126201437,-4.050553890055008,4.261737469210902,60,0,0,True,True,0.0,0,0.0,0.0,0.0,0.0,-4.372562506070632,8.091344069657701,2.7695972288765303,5.6830035073734833e-05,0.00012689764016654602,100.0,100.0,0.8923841346474856,100.0,True,2.165293158828807,0.5687571037573438,10.86826300064828,0.0,0.0,0.0,0.0,-6.473114019139237,6.827750264868748,-7.859725897324599,5.3514344620640784e-05,0.00010291833266868168,100.0,100.0,0.18865269063027582,100.0,True,0.06474164576020236,-0.6948367010316092,0.23893987444715226,0.0,0.0,0.0,0.0,6.852395145832468,-5.261676240492042,10.156520443393568,-3.525941516270667e-05,-7.262145516912562e-05,0.0,0.0,0.0,0.0,-6.537855664899439,7.5225869659003575,-8.098665771771751,4.675995359075297e-05,9.20926624921191e-05,0.0,0.0,0.0,0.0
0.5,0.01,11,6,60.0,2,70.0,29.959967489676576,0.0001655513086820973,0.01141441478279439,0.0006276466639989839,True,1.9239874464181885,2.7416756965228632,1.2015447826985846,1.5401309138242785,0.0014920972805734685,0.0006603085280390666,0.000831788752534402,0.10410224728034352,0.045541493082883355,0.05856075419746017,8.8017228122254,3,30.0,2,30.0,4.32963825301692,4.821937663405815e-05,0.0033037836740073094,0.0012043289210649354,True,-0.30307655978655423,0.6691315153380244,0.5399291039884874,0.12920241134953706,0.0007161539523785842,0.0005738214681469544,0.0001423324842316297,0.051160046453960335,0.041260940000398164,0.009899106453562175,5.173512012000014,4,40.0,2,40.0,4.869374015340933,5.6823832567452054e-05,0.003918828600974698,0.0012752279016203481,True,-0.26320246450568163,0.6754790503301237,0.49157299134799676,0.18390605898212695,0.0007568709219094746,0.0005476975387926805,0.0002091733831167941,0.05464639435438571,0.03974082200300164,0.014905572351384063,4.869374015340933,-20.0,-25.09059347433564,-0.00010872747611464525,-0.0074955861818196915,-2.0661966461927395,-3.932348796884467,2.031760821439517,60,0,0,True,True,0.0,0,0.0,0.0,0.0,0.0,2.0069163394468292,-1.8279331022658774,4.489372177553919,-1.7315006778575252e-05,2.7076386654696172e-05,100.0,0.0,45.33601401808612,0.0,False,3.580129318739067,-6.374776087724632,9.957283467631793,0.0,0.0,0.0,0.0,-2.6090448301685165,3.609091073815107,-6.781952673817915,1.1075715299155707e-05,1.0354029946028854e-05,100.0,100.0,3.0904426464462316,100.0,True,-1.0358318508762787,-0.9377519116436472,-1.3140413837400393,0.0,0.0,0.0,0.0,1.7547262843737865,-4.1377542218382075,5.883597610534386,-2.102713104582987e-05,1.631457996006182e-05,0.0,0.0,0.0,0.0,-1.5732129792922378,4.546842985458754,-5.4679112900778755,2.2093460762959505e-05,-2.1272995820769238e-05,0.0,0.0,0.0,0.0
0.5,0.01,22,3,30.0,1,30.0,33.68597539721928,8.220788041747573e-05,0.005585815993419731,0.0002609881530534091,True,1.444180791015515,3.146052658207803,3.678838176554171,-0.5327855183463683,0.0007550580155637019,0.0008666927443132499,-0.00011163472874954806,0.052036768760407304,0.06093122438319996,-0.008894455622792655,-26.823220640261347,5,50.0,0,50.0,10.196561537544003,0.0001133472227805429,0.007653980775395424,0.0011888148379809122,True,0.5286913110751901,1.059975944235569,0.49062984064116194,0.5693461035944071,0.0011699653210602554,0.000535112770653151,0.0006348525504071045,0.07960371228366565,0.03684306907100159,0.04276064321266406,11.183230848383264,6,60.0,1,60.0,10.490065873168453,0.00012529915860602203,0.00846165623841859,0.0012775466899593003,True,0.6241382323228437,0.9954575703316656,0.5135937753854294,0.48186379494623616,0.0011742866677593173,0.0006036357742262338,0.0005706508935330835,0.08033142696368822,0.04144726220157132,0.03888416476211691,10.490065873168453,30.0,-23.195909524050826,4.309127818854629e-05,0.002875840244998859,-2.1505950878761375,37.3132865134298,4.895037092729112,60,0,0,True,True,0.2,2,0.0,0.0,0.0,0.0,-0.11077753504548093,-8.766393400226114,8.42405955178538,-5.2404258605850366e-05,2.9375381603741928e-05,100.0,100.0,0.711441723457101,0.0,False,4.888412040208246,-19.520164022301877,23.52898309995829,0.0,0.0,0.0,0.0,-5.673257526279518,9.595819795510806,-15.54411775240151,2.753509289523206e-05,2.32956986020627e-05,100.0,100.0,0.478472268977468,100.0,True,-0.6740679510257914,-1.1579508265649583,-0.439194204228599,0.0,0.0,0.0,0.0,3.945580567193163,-8.483977458817659,14.582964434757773,-2.965398560492654e-05,-1.7237141751729683e-05,0.0,0.0,0.0,0.0,-4.999189575253727,10.753770622075765,-15.104923548172911,3.080075546395218e-05,2.6064517492551645e-05,0.0,0.0,0.0,0.0
0.5,0.01,33,7,70.0,2,70.0,18.877719437607745,7.55229768040942e-05,0.005297854364907272,0.00044452597960560814,True,0.18600904316446257,1.6979059763206736,1.4838278207880709,0.21407815553260257,0.0006322821407395983,0.0006091838688042193,2.309827193537894e-05,0.04748145068132927,0.04144490375430087,0.006036546927028406,8.991884911188109,5,50.0,1,50.0,8.682478749188348,9.409659656537046e-05,0.006290412752197976,0.0011447736549436095,True,0.6849858431485217,0.8756044498930381,0.4941218817854664,0.38148256810757164,0.0009260857774464218,0.0005040310163320966,0.0004220547611143251,0.06340029277141285,0.03576169484534776,0.02763859792606509,7.4318164323503915,4,40.0,1,40.0,7.877204802191007,9.42689541332185e-05,0.006340821750205465,0.0012722750541627524,True,0.496203757693899,0.9000070512932405,0.5292061101868977,0.3708009411063428,0.0010670929112448924,0.0006132599522555994,0.00045383295898929313,0.0725005592747935,0.0425620130731996,0.02993854620159389,7.877204802191007,-30.0,-11.000514635416739,1.874597732912431e-05,0.0010429673852981932,-0.7978989250274331,-1.114680108997102,2.862093808986235,60,0,0,True,True,0.0,0,0.0,0.0,0.0,0.0,-4.167495766574946,10.932084410819076,-12.805865664597682,7.15570702465053e-05,-0.00011514924777853352,100.0,100.0,0.5290628300473275,100.0,True,0.8435801535645497,1.0110066000463824,0.9790109252761017,0.0,0.0,0.0,0.0,-4.141121018596472,9.737123606954,-12.944734557636927,3.238384195690848e-05,9.79944948630864e-06,100.0,100.0,1.9145605061834456,100.0,True,0.8699549015430241,-0.18395420381869343,0.8401420322368569,0.0,0.0,0.0,0.0,4.663723911790507,-7.371113258460782,13.39045675163202,-3.991569944852373e-05,2.7089583940985082e-05,0.0,0.0,0.0,0.0,-5.011075920139496,9.921077810772694,-13.784876589873784,4.3349201415646105e-05,-2.3874825174495474e-05,0.0,0.0,0.0,0.0
0.5,0.05,11,6,60.0,2,70.0,29.959967489676576,0.0001655513086820973,0.01141441478279439,0.0006276466639989839,True,1.9239874464181885,2.7416756965228632,1.2015447826985846,1.5401309138242785,0.0014920972805734685,0.0006603085280390666,0.000831788752534402,0.10410224728034352,0.045541493082883355,0.05856075419746017,8.8017228122254,3,30.0,2,30.0,4.349389369406476,5.251265039110794e-05,0.003648338908819837,0.001322649956325972,True,-0.3149553864927408,0.6899936048455458,0.5706752988267876,0.11931830601875822,0.0008062351482000048,0.0006610896075291944,0.00014514554067081035,0.057927750066862564,0.047902028274726574,0.010025721792135994,5.230309274528555,4,40.0,2,40.0,5.648389380287644,6.743307711695767e-05,0.004720525106681597,0.0013201851006120866,True,-0.27914516387011096,0.764296016003854,0.5482518022516956,0.2160442137521584,0.0008841401574161125,0.0006361190471692374,0.00024802111024687523,0.06389726126473759,0.04583413698415988,0.018063124280577707,5.648389380287644,-20.0,-24.311578109388932,-9.811823156513963e-05,-0.006693889676112792,-1.9773796805190091,-3.1533334319377557,2.1033890185931488,60,0,0,True,True,0.0,0,0.0,0.0,0.0,0.0,0.7373459596300203,-1.8336123320371933,2.662774673355206,-2.619652311757468e-05,4.941193509947839e-05,100.0,0.0,61.69991721771275,0.0,False,3.022514678322663,-6.504411641880726,9.388518373248179,0.0,0.0,0.0,0.0,-2.8567451461734894,3.6251248849289874,-7.407504038803725,2.96997987004984e-05,2.2192583248639903e-05,100.0,100.0,3.2717201844365054,100.0,True,-0.5715764274808466,-1.0456744249145444,-0.6817603389107534,0.0,0.0,0.0,0.0,2.3827875677385757,-4.304207767724321,7.23368090062817,-4.146251214702312e-05,1.0844910206527316e-05,0.0,0.0,0.0,0.0,-2.285168718692643,4.670799309843532,-6.725743699892972,4.296664037286497e-05,-1.6379903966625147e-05,0.0,0.0,0.0,0.0
0.5,0.05,22,3,30.0,1,30.0,33.68597539721928,8.220788041747573e-05,0.005585815993419731,0.0002609881530534091,True,1.444180791015515,3.146052658207803,3.678838176554171,-0.5327855183463683,0.0007550580155637019,0.0008666927443132499,-0.00011163472874954806,0.052036768760407304,0.06093122438319996,-0.008894455622792655,-26.823220640261347,6,60.0,1,60.0,11.6973204723673,0.0001434957406364912,0.009696368098490529,0.0013119237626971897,True,0.7081500271361859,1.1035527751435228,0.5224591027298782,0.5810936724136446,0.001334466360459542,0.0006232788572064182,0.0007111875032531238,0.09149419570665947,0.04331849598485927,0.0481756997218002,11.6973204723673,6,60.0,1,60.0,11.161487243263524,0.00013837830665135658,0.009324892295258375,0.0013214586500867513,True,0.649197753768671,1.081716328301744,0.551401953680169,0.5303143746215749,0.0013178280451888486,0.0006663534714002002,0.0006514745737886484,0.09037714975012465,0.04605885068120734,0.04431829906891731,11.161487243263524,30.0,-22.524488153955758,5.6170426233880845e-05,0.0037390763018386435,-2.064336329906059,37.98470788352487,5.0632897877794685,60,0,0,True,True,0.2,2,0.0,0.0,0.0,0.0,0.08136676421073297,-8.094185494300133,8.512446113579974,-9.774292782249586e-05,2.762080559378299e-06,100.0,100.0,2.0148965259072926,0.0,False,5.8389205680077545,-18.01364592094511,24.25357138655817,0.0,0.0,0.0,0.0,-6.456166008694753,8.742893782141792,-16.228185165278873,6.733187721518987e-05,5.3570409103607616e-05,100.0,100.0,0.30853290881081585,100.0,True,-0.6986122048977315,-1.1765666445031862,-0.48705989230067814,0.0,0.0,0.0,0.0,4.748077002375406,-7.897680200871027,15.3132642784511,-7.296228115423074e-05,-3.329722545666544e-05,0.0,0.0,0.0,0.0,-5.7575538037970215,9.919460426644978,-15.741125272978195,7.810537294024062e-05,4.638671075652887e-05,0.0,0.0,0.0,0.0
0.5,0.05,33,7,70.0,2,70.0,18.877719437607745,7.55229768040942e-05,0.005297854364907272,0.00044452597960560814,True,0.18600904316446257,1.6979059763206736,1.4838278207880709,0.21407815553260257,0.0006322821407395983,0.0006091838688042193,2.309827193537894e-05,0.04748145068132927,0.04144490375430087,0.006036546927028406,8.991884911188109,5,50.0,1,50.0,9.538597474965238,0.00011708669467213012,0.007887934613909603,0.0013057971721182442,True,0.7525771697596956,0.9519180993879692,0.5808867673471539,0.3710313320408153,0.0011446151514710346,0.000690078214643323,0.0004545369368277116,0.07868227477278822,0.04799340004475715,0.030688874728031064,8.258902244875344,4,40.0,1,40.0,8.603787654422257,0.00010661000387496457,0.00719593302377387,0.0013207635813309443,True,0.5503980502118255,0.9752667126529806,0.5876209487469541,0.38764576390602645,0.001196530775390981,0.0007236229236388712,0.0004729078517521098,0.08151984192511451,0.04912903544583399,0.03239080647928052,8.603787654422257,-30.0,-10.273931783185487,3.1087027070870375e-05,0.0018980786588665977,-0.722639263667693,-0.3880972567658514,2.9711729840913925,60,0,0,True,True,0.0,0,0.0,0.0,0.0,0.0,-4.888411413627402,9.166627248768622,-13.784504525852782,0.00010441127713379844,-6.464085802972076e-05,100.0,100.0,0.6195280746583763,100.0,True,0.42896259843450224,0.5175213291293677,0.4296265131323409,0.0,0.0,0.0,0.0,-4.592052995817808,8.726651936179142,-13.661529671666173,7.020602634883312e-05,4.103331023070495e-05,100.0,100.0,0.7794062685957115,100.0,True,0.7253210162440968,0.07754601653988757,0.5526013673189496,0.0,0.0,0.0,0.0,4.915384774752152,-6.790910029159891,14.137658804200704,-7.24090489955915e-05,-2.4702679138951383e-07,0.0,0.0,0.0,0.0,-5.317374012061904,8.649105919639254,-14.214131038985123,7.914514415417392e-05,1.3194594740937064e-05,0.0,0.0,0.0,0.0
0.5,0.2,11,6,60.0,2,70.0,29.959967489676576,0.0001655513086820973,0.01141441478279439,0.0006276466639989839,True,1.9239874464181885,2.7416756965228632,1.2015447826985846,1.5401309138242785,0.0014920972805734685,0.0006603085280390666,0.000831788752534402,0.10410224728034352,0.045541493082883355,0.05856075419746017,8.8017228122254,3,30.0,2,30.0,4.223502559053216,5.1990968764252e-05,0.003628152028443558,0.0013558656378215683,True,-0.31475980270450526,0.6765155956782533,0.5548575156241389,0.12165808005411441,0.0008096258689777833,0.0006566975633215801,0.0001529283056562032,0.058153712867144436,0.04769948305283722,0.010454229814307216,5.091759356178926,4,40.0,2,40.0,5.463499379198922,6.608467857429474e-05,0.004640695804263928,0.0013431466609397946,True,-0.27318447462734124,0.7419818854237141,0.5266095029914972,0.21537238243221699,0.0008739687363516369,0.0006181403141488249,0.0002558284222028121,0.06306815268796809,0.04474062523312579,0.018327527454842302,5.463499379198922,-20.0,-24.496468110477654,-9.946663010780256e-05,-0.006773718978530461,-1.9996938110991491,-3.338223433026478,2.139972596017764,60,0,0,True,True,0.0,0,0.0,0.0,0.0,0.0,0.87183906054904,-1.6994844545916932,2.9281046202427774,-2.6221653449116423e-05,6.0379529835953485e-05,100.0,0.0,64.78388207413575,0.0,False,3.6892004581838056,-5.694628605520613,9.45651768381185,0.0,0.0,0.0,0.0,-3.1055080864602846,2.6547203734152314,-7.162057088960738,5.936820339314593e-05,2.634545539816264e-05,100.0,100.0,1.2089194519809028,100.0,True,-0.2881466888255191,-1.3404237775136885,-0.633644025391666,0.0,0.0,0.0,0.0,2.9530178083870595,-3.6819046030594715,7.142049915373172,-6.167685316957951e-05,2.6601797789294925e-05,0.0,0.0,0.0,0.0,-2.8173613976347656,3.99514415092892,-6.528413063569072,6.244539087784523e-05,-3.565542831159615e-05,0.0,0.0,0.0,0.0
0.5,0.2,22,3,30.0,1,30.0,33.68597539721928,8.220788041747573e-05,0.005585815993419731,0.0002609881530534091,True,1.444180791015515,3.146052658207803,3.678838176554171,-0.5327855183463683,0.0007550580155637019,0.0008666927443132499,-0.00011163472874954806,0.052036768760407304,0.06093122438319996,-0.008894455622792655,-26.823220640261347,6,60.0,1,60.0,11.68100650433117,0.00014521496869311515,0.00981682735343261,0.001329155472686963,True,0.7231418823461724,1.1198974168485138,0.5371428268866363,0.5827545899618777,0.0013629798642821247,0.000652937911185484,0.0007100419530966406,0.09412681261022943,0.045137707369941146,0.04898910524028829,11.68100650433117,6,60.0,1,60.0,11.384560929489119,0.00014285299146297965,0.009614030054885099,0.001335353374520217,True,0.6842439333515183,1.1073237945521817,0.5604376024870635,0.5468861920651182,0.0013588499410836464,0.0006863341961054507,0.0006725157449781957,0.09351386664951757,0.04733028597975641,0.04618358066976116,11.384560929489119,30.0,-22.30141446773016,6.0645111045503914e-05,0.004028214061465368,-2.0387288636556216,38.207781569750466,5.116528696407717,60,0,0,True,True,0.2,2,0.0,0.0,0.0,0.0,1.1921741787119577,-8.010178881219343,9.136574967053868,-0.00018112794785894357,-2.1977751324421145e-05,100.0,100.0,0.1423975309853573,0.0,False,8.634215035257377,-16.7460171221918,26.308953216796247,0.0,0.0,0.0,0.0,-7.930897500516442,7.297210903809304,-17.56744719194402,0.000164650020458473,6.555299453126894e-05,100.0,100.0,0.7525642440293475,100.0,True,-0.48885664397102424,-1.4386273371631555,-0.3950689422016396,0.0,0.0,0.0,0.0,6.2636112344219175,-7.099315199396472,16.758846050729414,-0.0001604871935193497,-4.124231323740599e-05,0.0,0.0,0.0,0.0,-7.442040856545418,8.735838240972459,-17.17237824974238,0.0001760168138078877,4.257483917378328e-05,0.0,0.0,0.0,0.0
0.5,0.2,33,7,70.0,2,70.0,18.877719437607745,7.55229768040942e-05,0.005297854364907272,0.00044452597960560814,True,0.18600904316446257,1.6979059763206736,1.4838278207880709,0.21407815553260257,0.0006322821407395983,0.0006091838688042193,2.309827193537894e-05,0.04748145068132927,0.04144490375430087,0.006036546927028406,8.991884911188109,5,50.0,1,50.0,9.925657073056893,0.0001261377357330863,0.00850281725403704,0.001352721849528183,True,0.7615008493947074,0.9881765682038219,0.6089061035334246,0.37927046467039743,0.0012379570534697122,0.000758642171449487,0.0004793148820202252,0.08458930527397326,0.0521315373960517,0.03245776787792157,8.645730351016434,4,40.0,1,40.0,8.9070158910871,0.00011342067829006944,0.007621468585014302,0.0013526001132619142,True,0.5607448557242013,1.0163866500490844,0.6340430360651679,0.3823436139839165,0.0012797460886134807,0.0007972689633257822,0.00048247712528769865,0.08700417793283419,0.054273500208291844,0.03273067772454234,8.9070158910871,-30.0,-9.970703546520644,3.7897701485975244e-05,0.0023236142201070297,-0.6815193262715893,-0.08486902010100827,3.042792042125337,60,0,0,True,True,0.0,0,0.0,0.0,0.0,0.0,6.785308685754998,-6.926048965943021,16.828167654422632,-0.00021424633608190685,4.510978117562483e-05,100.0,100.0,0.19189207369782926,0.0,False,14.177461779718925,-14.838559125113937,32.78718954226254,0.0,0.0,0.0,0.0,-6.806896206080149,8.324280689780261,-15.739440836865516,0.00016165189152951668,3.748525189390989e-05,100.0,100.0,2.782720190558012,100.0,True,0.5852568878837783,0.41177053060934554,0.2195810509743925,0.0,0.0,0.0,0.0,6.694453135852219,-6.212256617940126,16.052123662723794,-0.00015363344704746125,-1.0593105467479082e-06,0.0,0.0,0.0,0.0,-7.392153093963927,7.912510159170916,-15.959021887839908,0.00016756166579353016,7.016641414080583e-06,0.0,0.0,0.0,0.0
0.5,1.0,11,6,60.0,2,70.0,29.959967489676576,0.0001655513086820973,0.01141441478279439,0.0006276466639989839,True,1.9239874464181885,2.7416756965228632,1.2015447826985846,1.5401309138242785,0.0014920972805734685,0.0006603085280390666,0.000831788752534402,0.10410224728034352,0.045541493082883355,0.05856075419746017,4.538290530038303,3,30.0,2,30.0,3.8068974873491146,4.671294572920976e-05,0.003256822805199739,0.0013509029474906113,True,-0.30518964957839184,0.6401473036152362,0.5077441738127465,0.13240312980248967,0.0007649136344473906,0.0005941572259870584,0.00017075640846033217,0.0547833580285495,0.04345774325009709,0.011325614778452415,2.837152173083901,2,20.0,0,20.0,3.26071192036389,4.0606388984866775e-05,0.002818178187923026,0.001365290360376901,True,0.079466976035881,0.6652899997634906,0.4624301466745716,0.20285985308891896,0.0008066541694433883,0.0005533136566803708,0.0002533405127630175,0.05750993994212717,0.03997371431201158,0.017536225630115598,3.26071192036389,-40.0,-26.699255569312687,-0.00012494491969723052,-0.008596236594871364,-2.0763856967593726,-1.2775786096744128,2.175253114034095,60,0,0,True,True,0.0,0,0.0,0.0,0.0,0.0,1.086521946762642,2.2196345902643078,3.3726471307022443,-1.470225200456924e-05,-0.00014383969843881806,100.0,100.0,0.5976842785425437,0.0,False,3.8222559678814716,1.3988627382228058,8.960170126543032,0.0,0.0,0.0,0.0,-2.2878931582117845,1.1504943502611553,-4.519928387284999,4.108668676777608e-05,8.991629878681408e-06,100.0,0.0,7.064061331510296,100.0,False,0.44784086290704517,0.3297224982196534,1.0675946085557886,0.0,0.0,0.0,0.0,2.449543544613908,-0.5769936756712668,5.229869549229127,-3.693739216632645e-05,9.12308116906603e-06,0.0,0.0,0.0,0.0,-2.7357340211188297,0.8207718520415019,-5.5875229958407875,4.039303581594028e-05,-9.630786450712985e-06,0.0,0.0,0.0,0.0
0.5,1.0,22,3,30.0,1,30.0,33.68597539721928,8.220788041747573e-05,0.005585815993419731,0.0002609881530534091,True,1.444180791015515,3.146052658207803,3.678838176554171,-0.5327855183463683,0.0007550580155637019,0.0008666927443132499,-0.00011163472874954806,0.052036768760407304,0.06093122438319996,-0.008894455622792655,-26.823220640261347,6,60.0,1,60.0,11.719037007771927,0.00014790709557885447,0.01004537379968891,0.001356327887818897,True,0.7120179668991937,1.1252945091618345,0.5404304460053662,0.5848640631564683,0.0013997990733168792,0.0006701865755104932,0.000729612497806386,0.0965181802426995,0.04634293322185573,0.05017524702084377,11.719037007771927,6,60.0,1,60.0,11.330743381784137,0.0001432953422591849,0.009684130994004706,0.001352284560290734,True,0.6762027994397016,1.1025777425214818,0.5519087822598137,0.5506689602616681,0.0013656992078943976,0.000685432716957918,0.0006802664909364795,0.09429296885056627,0.04719739120634951,0.04709557764421676,11.330743381784137,30.0,-22.355232015435142,6.108746184170917e-05,0.004098315000584975,-2.0434749156863212,38.153964022045486,5.181402084614929,60,0,0,True,True,0.2,2,0.0,0.0,0.0,0.0,6.080700850804943,-7.503340392984614,10.77919304947821,-0.00021136816325822104,3.794834639831335e-05,100.0,100.0,0.06456112681711625,0.0,False,15.89110041025089,-14.726965922050027,28.759201203222872,0.0,0.0,0.0,0.0,-10.026005336791656,5.64370166105741,-18.84776210650475,0.00019789784496459161,2.1988283741908787e-05,100.0,100.0,1.488427502294694,100.0,True,-0.21560577734570785,-1.579923868008004,-0.8677539527600864,0.0,0.0,0.0,0.0,8.650809351402344,-5.824471708067502,17.69907993136468,-0.00018197504030488792,-1.2816944638053239e-05,0.0,0.0,0.0,0.0,-9.810399559445948,7.223625529065414,-17.980008153744663,0.0001971987589839887,-5.390440889752523e-06,0.0,0.0,0.0,0.0
0.5,1.0,33,7,70.0,2,70.0,18.877719437607745,7.55229768040942e-05,0.005297854364907272,0.00044452597960560814,True,0.18600904316446257,1.6979059763206736,1.4838278207880709,0.21407815553260257,0.0006322821407395983,0.0006091838688042193,2.309827193537894e-05,0.04748145068132927,0.04144490375430087,0.006036546927028406,8.991884911188109,5,50.0,1,50.0,9.80767021385841,0.00012678143003449507,0.008481770505926455,0.001367709112535457,True,0.7262566946184976,0.9616451944342967,0.6036955457520637,0.357949648682233,0.0012277716004110912,0.0007626192275341068,0.0004651523728769843,0.08323731295843709,0.052233847012974004,0.031003465945463077,8.529571173009987,4,40.0,1,40.0,8.578928080130444,0.00011007488235149611,0.007358171453483123,0.0013563908777484033,True,0.5147482948417222,0.9658900217043767,0.6027472857176569,0.36314273598671976,0.0012278198768237382,0.0007660230580498861,0.000461796818773852,0.08287927860263218,0.05172708024299289,0.031152198359639283,8.578928080130444,-30.0,-10.2987913574773,3.455190554740192e-05,0.0020603170885758505,-0.732015954616297,-0.4129568310576648,3.051319697786435,60,0,0,True,True,0.0,0,0.0,0.0,0.0,0.0,7.746325511780738,-5.601742247051145,15.75299951437037,-0.00022834563494114385,6.134364119458804e-05,100.0,100.0,1.3504308192112677,0.0,False,17.021229011471263,-12.582281467346768,32.46553649129392,0.0,0.0,0.0,0.0,-9.207595944734315,6.927769557458197,-16.46205441231663,0.00019657311020579936,-3.983181951722507e-06,100.0,100.0,1.359359283183315,100.0,True,0.06730755495620855,-0.052769662837426345,0.25048256460692286,0.0,0.0,0.0,0.0,8.214665634287943,-5.13878582697026,16.561450379986418,-0.00018087998046252237,2.1965767452679407e-05,0.0,0.0,0.0,0.0,-9.274903499690524,6.980539220295623,-16.712536976923552,0.0002012133868847032,-3.385984803048721e-05,0.0,0.0,0.0,0.0
