tau,noise_tau,seed,comparison,low_delay,high_delay,joint_weak_recovery_absolute_interaction,joint_weak_recovery_percent_interaction,joint_weak_spectral_radius_interaction,joint_weak_dominant_decay_rate_per_s_interaction,joint_weak_helpful_to_harmful,joint_weak_harmful_to_helpful,joint_strong_recovery_absolute_interaction,joint_strong_recovery_percent_interaction,joint_strong_spectral_radius_interaction,joint_strong_dominant_decay_rate_per_s_interaction,joint_strong_helpful_to_harmful,joint_strong_harmful_to_helpful,gain_matched_recovery_absolute_interaction,gain_matched_recovery_percent_interaction,gain_matched_spectral_radius_interaction,gain_matched_dominant_decay_rate_per_s_interaction,gain_matched_helpful_to_harmful,gain_matched_harmful_to_helpful,weak_rescue_recovery_absolute_interaction,weak_rescue_recovery_percent_interaction,weak_rescue_spectral_radius_interaction,weak_rescue_dominant_decay_rate_per_s_interaction,weak_rescue_helpful_to_harmful,weak_rescue_harmful_to_helpful,gain_matched_minus_weak_interaction,weak_rescue_minus_weak_interaction
0.2,0.01,11,primary,0.0,0.1,0.0011932573026284124,7.998386618720366,0.010033730603080104,-0.23343139437109883,True,False,-0.000726402607814659,-6.305055160342876,-0.008210284408635249,0.19076180756896233,False,True,0.000147951577386422,4.450634087966366,0.005305791569579776,-0.1275588680398687,False,False,0.0009229569764594176,3.0452696748611396,0.00412861320091662,-0.09161910229639858,False,False,-0.0010453057252419904,-0.0002703003261689948
0.2,0.01,22,primary,0.0,0.1,0.010830336122255903,38.84566745562352,0.021702770791502735,-0.4781974051872647,True,False,-0.005134562943090573,-22.94172922769451,-0.016654421139559172,0.368731994493951,False,True,0.0024128511369394673,15.264929330691878,0.015191160029134898,-0.3520135024983747,True,False,0.005700693095340246,15.504262963910897,0.004554973565907616,-0.08643494297269139,False,False,-0.008417484985316435,-0.005129643026915657
0.2,0.01,33,primary,0.0,0.1,0.0013600387621656822,12.59251860315339,0.019457668635270542,-0.45777839435587553,True,False,-0.0007355554270747963,-10.815804652302564,-0.015211379361379285,0.35710941074616787,False,False,0.0009955909755408991,11.341664823807186,0.014397487253812513,-0.3397723458440487,True,False,0.0001735276855474293,0.46662952087181964,0.003684129975000894,-0.08599746118815466,False,False,-0.00036444778662478305,-0.0011865110766182529
0.2,0.05,11,primary,0.0,0.1,0.004124244164738631,18.334974135868144,0.015417008067943105,-0.3496358986954249,True,False,-0.0026403392169193456,-13.743068214771714,-0.012733084030543074,0.2891491812923481,False,True,0.0004625234673835939,6.392016759846541,0.006579695914919026,-0.15906259776949105,False,False,0.003252553555009592,10.512442283432154,0.007813193549755293,-0.16754791794256185,True,False,-0.003661720697355037,-0.0008716906097290386
0.2,0.05,22,primary,0.0,0.1,0.010007276079053572,38.31106113405581,0.02780145798018563,-0.62639762290539,True,False,-0.004301844006626032,-21.250710659417216,-0.01901778210869709,0.42929438656440455,False,True,0.0027739932041214964,16.643222924307878,0.016164526701464066,-0.37899506689099893,True,False,0.004475516348881357,13.131115926136584,0.008372361233486947,-0.17651009001697948,False,False,-0.007233282874932075,-0.005531759730172215
0.2,0.05,33,primary,0.0,0.1,0.0008989914325960371,10.22071117791693,0.017775265195140166,-0.4176894147173187,True,False,-0.0003752579060832175,-8.777688880300282,-0.013768081297846013,0.32352837001582047,False,False,0.0006367636576133581,9.212694292330813,0.01307782557544368,-0.3076812083689584,False,False,0.00011610601922281034,0.48542706638745603,0.0035146047592395924,-0.08263569537440962,True,False,-0.000262227774982679,-0.0007828854133732268
0.2,0.2,11,primary,0.0,0.1,0.00622143784785435,22.190605336801426,0.017940267041118396,-0.3981869030291202,True,False,-0.003929471044061102,-15.90051133196554,-0.0153068243060126,0.34116769193655205,False,True,0.0005736922335710755,6.293671566525815,0.00694287927184456,-0.16400916657182196,True,False,0.005240835077919609,14.603663000205602,0.009841114032006715,-0.2086965924244436,True,False,-0.0056477456142832744,-0.0009806027699347407
0.2,0.2,22,primary,0.0,0.1,0.024254865020642037,65.51961547307698,0.029470913919999897,-0.6555032214911383,True,False,-0.008578197932829042,-29.97329856574106,-0.020906156925261654,0.465616750419691,False,True,0.008540144876299699,29.810871607948066,0.020158013985935308,-0.46413153725798295,True,False,0.007913635686302854,17.652385734906417,0.006429137907223548,-0.13069345681564182,False,False,-0.015714720144342338,-0.016341229334339184
0.2,0.2,33,primary,0.0,0.1,0.0015775771414580971,11.93018143211454,0.01765466798221549,-0.41243720041271625,True,False,-0.0006870950140702541,-9.641315286021591,-0.01341221120567182,0.3142976230173766,False,False,0.001547034956420383,11.672236109042899,0.014021031321463484,-0.32574932355876796,True,False,-8.73782520539549e-05,-0.11410478131671509,0.002547824553520428,-0.06166260692912506,False,False,-3.054218503771404e-05,-0.001664955393512052
0.2,1.0,11,primary,0.0,0.1,0.010985601479586469,20.945889969108844,0.011503061676749748,-0.25039006500254374,True,False,-0.006967574159901431,-14.54077520474819,-0.010437402978163868,0.22786374077117122,False,True,0.006102106238588452,13.315385675693904,0.007932574722655295,-0.17440584422784067,True,False,0.003986597748105704,6.15811659813934,0.003378531765698134,-0.07177878830268303,False,False,-0.0048834952409980165,-0.006999003731480765
0.2,1.0,22,primary,0.0,0.1,0.04475779344529762,87.13474569103778,0.02793383171501762,-0.6018911086696757,True,False,-0.01574037715520815,-36.7903641181084,-0.0219824580221617,0.47642416427249734,False,True,0.017094251520318578,39.41485438963913,0.020610247775348034,-0.4603467986427327,True,False,0.013857005689308814,23.3689025322229,0.005717234831920659,-0.11007997961730592,False,False,-0.027663541924979045,-0.03090078775598881
0.2,1.0,33,primary,0.0,0.1,0.045106656951257124,63.24060418833974,0.033626859609648396,-0.7365657829309905,True,False,-0.01878445695577334,-33.15402566830855,-0.02593866629080488,0.5662873207870256,False,True,0.05007453237249759,69.32455532265666,0.027970622008898993,-0.6039862634470395,True,False,-0.0032013385259793206,-3.8871130799574827,0.004934704283418356,-0.1147212910398864,False,True,0.00496787542124047,-0.048307995477236444
0.2,0.01,11,secondary_same_phase_25_75,0.025,0.075,-5.3433180606686156e-05,1.4076982008492838,0.0036600263581108017,-0.08934572950132802,False,False,8.391865184058725e-05,-1.165512692973536,-0.0027739171346617963,0.06781498071730896,False,False,-0.0001679652463284255,0.6634424189532302,5.215091034127539e-05,-0.006057180120098149,False,False,0.00010684313041276275,0.6701968300964145,0.0031310722871951135,-0.07179699005761009,False,False,-0.00011453206572173934,0.0001602763110194489
0.2,0.01,22,secondary_same_phase_25_75,0.025,0.075,0.0013792046994292127,11.932808881727784,0.016737050929984787,-0.3834287345561793,True,False,-0.000899355210411559,-9.386170554967888,-0.011548536758082872,0.26463042788486835,False,False,7.685170636313049e-05,5.282823021688898,0.009767319764388382,-0.23573834768262736,False,False,0.0011131539101414643,5.379219726932849,0.004796263573353832,-0.09991369205852041,False,False,-0.0013023529930660822,-0.0002660507892877483
0.2,0.01,33,secondary_same_phase_25_75,0.025,0.075,-1.3316860918334214e-05,4.452396002836812,0.016706477142369947,-0.41156008041646475,False,False,0.00010027102347628936,-4.1098290022822495,-0.011143787615429335,0.27301256695963705,False,False,-0.00012604297505309538,3.802604970851652,0.008925172280427995,-0.22428053374008172,False,False,8.713066590090336e-05,0.4273973566587319,0.005538137234418428,-0.13249647279089505,False,False,-0.00011272611413476116,0.00010044752681923758
0.2,0.05,11,secondary_same_phase_25_75,0.025,0.075,0.00019653105556141637,3.489931087557441,0.006542283565107776,-0.15601700546903308,False,False,-0.00013000633846189762,-3.1266388511136167,-0.004860081390470117,0.11599631304209002,False,False,-0.00014050223871370573,1.3234597842250562,0.0016107222275686395,-0.043844848514765555,False,False,0.0003360050410251038,2.1158978694602038,0.004520676308892302,-0.10212961690374289,False,False,-0.0003370332942751221,0.00013947398546368742
0.2,0.05,22,secondary_same_phase_25_75,0.025,0.075,0.0012171828530523048,11.675971134849494,0.02504299312335323,-0.5878054284573246,True,False,-0.000748299398898488,-8.981981637321578,-0.014436846838307482,0.3376618409839538,False,False,0.0001123308747676445,5.642578317977697,0.011484278150393212,-0.2795990018043284,False,False,0.0008907742841036265,4.6450312326475895,0.009076150726365473,-0.20394247236015906,False,False,-0.0011048519782846603,-0.00032640856894867835
0.2,0.05,33,secondary_same_phase_25_75,0.025,0.075,-7.375120329011602e-05,3.760466666125417,0.01633293671296865,-0.4020644483290585,False,False,0.0001570685170992174,-3.4537318172617617,-0.011091317291835434,0.27125332251228906,False,False,-0.00013169159071452913,3.322565018423063,0.008354089397389353,-0.2072805463226759,False,False,4.8109911700823516e-05,0.3525230386037137,0.006032542243262773,-0.14631720186917496,True,False,-5.794038742441311e-05,0.00012186111499093953
0.2,0.2,11,secondary_same_phase_25_75,0.025,0.075,0.0004461802264356836,4.757054215132528,0.008547069479775016,-0.1971517692477005,False,False,-0.00032105218938129586,-4.087525011125592,-0.00669805077446739,0.15507475530134673,False,False,-0.00011925672792655398,1.510744495690186,0.002255192202556877,-0.057348087766769584,False,False,0.0005604551127129272,3.158896658815391,0.0057028892687551735,-0.12615313824958285,False,False,-0.0005654369543622376,0.00011427488627724358
0.2,0.2,22,secondary_same_phase_25_75,0.025,0.075,0.0017775043464008551,14.771379761539126,0.02137562771378465,-0.49045971796148136,True,False,-0.0010997594207439263,-11.44385468426561,-0.014530808731019307,0.33257986866630573,False,False,0.000272239022249144,7.686149341947835,0.012270676478146725,-0.29095160681350296,False,False,0.0011532438662885704,5.182021695534522,0.006163221794850737,-0.1337718184747525,False,False,-0.001505265324151711,-0.0006242604801122847
0.2,0.2,33,secondary_same_phase_25_75,0.025,0.075,-5.294380713575901e-05,4.0781478198156815,0.014358422476491772,-0.3521998107198514,False,False,0.00016937884707556028,-3.6332485846027005,-0.01015405597025798,0.24763797348885852,False,False,-4.377172978279817e-05,3.9443658764963034,0.007948026018025467,-0.1940135789328994,False,False,-5.141298826468951e-06,0.1290334446847785,0.00487644878312965,-0.11970992248541146,False,False,9.172077352960842e-06,4.780250830929006e-05
0.2,1.0,11,secondary_same_phase_25_75,0.025,0.075,0.00027318481140410633,2.9557732202071807,0.006136079296565788,-0.14008114003140792,False,False,-0.00019132887158022915,-2.633572415885066,-0.005345798044769312,0.12241523699759771,False,False,-4.277207937311914e-05,1.7284040304719528,0.0035674079320668906,-0.0843477305720226,False,False,0.00030068386465086777,1.145276989660693,0.0023680158158084774,-0.05134974144399296,False,False,-0.00031595689077722547,2.749905324676144e-05
0.2,1.0,22,secondary_same_phase_25_75,0.025,0.075,0.0032596064726492097,18.907205906789716,0.020675999852393878,-0.4618524179934982,True,False,-0.001961497520530195,-13.507149141832143,-0.015150230026016787,0.3390955334828798,False,True,0.0007595340672577246,9.086250396899732,0.013331697111600205,-0.30979811593657947,False,False,0.0019603478669591133,7.347144522026006,0.005336768853002605,-0.10948449867800969,False,False,-0.002500072405391485,-0.0012992586056900964
0.2,1.0,33,secondary_same_phase_25_75,0.025,0.075,0.0026931307443512423,15.561761100788585,0.04986216458087067,-1.169531323982032,True,False,-0.0011914385289172706,-11.230154655770264,-0.026727856352597,0.6109531069354774,False,False,0.0031190300106294228,16.990330897914177,0.0326239087166551,-0.7500352282927937,True,False,-0.00034954442415687653,-1.163765691131402,0.010129976880484337,-0.23972786367673637,False,True,0.0004258992662781805,-0.003042675168508119
0.2,0.01,11,secondary_same_phase_50_100,0.05,0.1,0.0012785206236266798,6.734980300980786,0.006491036106865633,-0.1452982726765435,True,False,-0.0008213186042310607,-5.184243955126155,-0.005785486008974994,0.13027511191914276,False,True,0.000258253241871096,3.4158704289100954,0.005412984468442517,-0.12619592178379269,False,False,0.0009051905890726675,2.9203230240282263,0.001180854945955434,-0.022046967841505616,False,False,-0.0010202673817555838,-0.00037333003455401227
0.2,0.01,22,secondary_same_phase_50_100,0.05,0.1,0.010826969072264523,35.41936860616308,0.019853377843341513,-0.4290639781223765,True,False,-0.005144219061911703,-19.61633198771049,-0.014223646845851201,0.3083021209760711,False,True,0.0026404452680917033,13.65124422903784,0.012367300609477883,-0.2782150366181576,True,False,0.005478599170300611,13.954060565566227,0.005166748207621419,-0.10247578130206114,False,False,-0.00818652380417282,-0.005348369901963912
0.2,0.01,33,secondary_same_phase_50_100,0.05,0.1,0.0015152578901032852,10.160328696596622,0.015956242156080602,-0.3629879133688416,True,False,-0.0009153435760778251,-8.461550203767288,-0.012444502350630993,0.2833488791015981,False,False,0.0011749834267131398,9.129303302095348,0.010926017839703928,-0.24882574790275558,True,False,0.00016529644620310452,0.4459841832189504,0.004104715247860935,-0.09355602978436517,False,False,-0.0003402744633901455,-0.0013499614439001807
0.2,0.05,11,secondary_same_phase_50_100,0.05,0.1,0.004169136606309867,16.174464718642703,0.011320596497149782,-0.2476730720441842,True,False,-0.0026928155578082747,-11.582599526865556,-0.009727539024201537,0.21453056970172324,False,True,0.0005881557639206524,5.024326763107389,0.005922631799229916,-0.13849034662944448,False,False,0.0031732851109311944,9.793986469772097,0.004888898544524789,-0.09904190918071798,False,False,-0.003580980842389215,-0.0009958514953786728
0.2,0.05,22,secondary_same_phase_50_100,0.05,0.1,0.010038209685085066,34.98105674528804,0.02453408821126668,-0.5391888067971939,True,False,-0.004366944597981958,-18.308097667119718,-0.017133944796242417,0.37861757146773556,False,True,0.0030167897445780873,15.15002063294142,0.012095293555246855,-0.2742411209559148,True,False,0.004292825478177305,11.698065941075807,0.009898085679478807,-0.2115059294235352,False,False,-0.007021419940506979,-0.005745384206907761
0.2,0.05,33,secondary_same_phase_50_100,0.05,0.1,0.0010953518815383298,8.50803902465035,0.01505742494740625,-0.34257657103934425,True,False,-0.0005944017601331713,-7.1334580382669275,-0.011687564544800244,0.26634310498167646,False,False,0.0008208769045464845,7.474263093898604,0.008839020507808049,-0.20011275047363397,False,False,0.00012968054218580154,0.5440388253288853,0.005209242657753355,-0.11969782016291464,True,False,-0.0002744749769918453,-0.0009656713393525283
0.2,0.2,11,secondary_same_phase_50_100,0.05,0.1,0.0062190018110371125,19.96473125219901,0.014077259481667714,-0.30303745280576544,True,False,-0.003942128890750091,-13.765743631561012,-0.012408111311377645,0.2699835438132481,False,True,0.0006463656751688612,4.77164140286348,0.006431521474839275,-0.14806187623386013,True,False,0.0051691808701713315,14.0010275042449,0.006978993839910741,-0.14169775278220398,False,False,-0.005572636135868251,-0.001049820940865781
0.2,0.2,22,secondary_same_phase_50_100,0.05,0.1,0.024296955484248185,61.87287615541287,0.024863313210412574,-0.5374025588222753,True,False,-0.008644012277544742,-26.58300882475332,-0.017160038135298317,0.37264613446094585,False,True,0.008801943427774754,27.975927338052042,0.015038321280775424,-0.3340877228570952,True,False,0.007730614110380753,16.297100295924594,0.00730948918532659,-0.15151400569885232,False,False,-0.01549501205647343,-0.016566341373867432
0.2,0.2,33,secondary_same_phase_50_100,0.05,0.1,0.0018080094199739872,10.618337486953312,0.01696194217983349,-0.3857362712578517,True,False,-0.0009437253490735733,-8.42618426265529,-0.012454349126454045,0.28346169715480807,False,False,0.0017401614691268628,10.13882416856352,0.009905162544941337,-0.22181034982251024,True,False,-5.3067309591349476e-05,0.09847915572447352,0.0056854386634189735,-0.13237885500030822,False,False,-6.784795084712435e-05,-0.0018610767295653367
0.2,1.0,11,secondary_same_phase_50_100,0.05,0.1,0.01109441600839959,20.574903592294636,0.013062962597777839,-0.28664747887328274,True,False,-0.0070852598810148635,-14.216484406137786,-0.011946892632431427,0.26251727072718145,False,True,0.006241309430230454,13.093874080204039,0.010736771800172629,-0.24020738355260596,True,False,0.003956849981099204,6.024470788038894,0.002239599973754558,-0.04488341448836253,False,False,-0.004853106578169135,-0.007137566027300386
0.2,1.0,22,secondary_same_phase_50_100,0.05,0.1,0.04465063275177715,83.30408938444288,0.029072103564616092,-0.6250606883678924,True,False,-0.015712282497344274,-33.58343349978533,-0.021357864382358316,0.4593555007451864,False,True,0.01729880071730563,37.87049089960117,0.020880800701635782,-0.462510006166902,True,False,0.013573347677120186,21.432176006414625,0.0061011914481333696,-0.11971612595751119,False,False,-0.02735183203447152,-0.031077285074656964
0.2,1.0,33,secondary_same_phase_50_100,0.05,0.1,0.04507827095448891,59.6787912921531,0.05058759793767165,-1.1622003444042437,True,False,-0.01895210495289791,-30.71185545930496,-0.04294848638291626,0.9661240286784747,False,True,0.05003123628943905,65.57216930235232,0.04383318821776472,-0.9967346222118455,True,False,-0.0031873938151056845,-3.7454460378447463,0.020048633689372153,-0.48058952431254653,False,True,0.004952965334950141,-0.048265664769594596
