comparison,seed,low_delay,high_delay,gain_matched_dominant_decay_rate_per_s_interaction_mean,gain_matched_dominant_decay_rate_per_s_interaction_min,gain_matched_dominant_decay_rate_per_s_interaction_max,gain_matched_dominant_decay_rate_per_s_interaction_n,gain_matched_dominant_decay_rate_per_s_interaction_valid_n,gain_matched_harmful_to_helpful_mean,gain_matched_harmful_to_helpful_min,gain_matched_harmful_to_helpful_max,gain_matched_harmful_to_helpful_n,gain_matched_harmful_to_helpful_valid_n,gain_matched_helpful_to_harmful_mean,gain_matched_helpful_to_harmful_min,gain_matched_helpful_to_harmful_max,gain_matched_helpful_to_harmful_n,gain_matched_helpful_to_harmful_valid_n,gain_matched_minus_weak_interaction_mean,gain_matched_minus_weak_interaction_min,gain_matched_minus_weak_interaction_max,gain_matched_minus_weak_interaction_n,gain_matched_minus_weak_interaction_valid_n,gain_matched_recovery_absolute_interaction_mean,gain_matched_recovery_absolute_interaction_min,gain_matched_recovery_absolute_interaction_max,gain_matched_recovery_absolute_interaction_n,gain_matched_recovery_absolute_interaction_valid_n,gain_matched_recovery_percent_interaction_mean,gain_matched_recovery_percent_interaction_min,gain_matched_recovery_percent_interaction_max,gain_matched_recovery_percent_interaction_n,gain_matched_recovery_percent_interaction_valid_n,gain_matched_spectral_radius_interaction_mean,gain_matched_spectral_radius_interaction_min,gain_matched_spectral_radius_interaction_max,gain_matched_spectral_radius_interaction_n,gain_matched_spectral_radius_interaction_valid_n,joint_strong_dominant_decay_rate_per_s_interaction_mean,joint_strong_dominant_decay_rate_per_s_interaction_min,joint_strong_dominant_decay_rate_per_s_interaction_max,joint_strong_dominant_decay_rate_per_s_interaction_n,joint_strong_dominant_decay_rate_per_s_interaction_valid_n,joint_strong_harmful_to_helpful_mean,joint_strong_harmful_to_helpful_min,joint_strong_harmful_to_helpful_max,joint_strong_harmful_to_helpful_n,joint_strong_harmful_to_helpful_valid_n,joint_strong_helpful_to_harmful_mean,joint_strong_helpful_to_harmful_min,joint_strong_helpful_to_harmful_max,joint_strong_helpful_to_harmful_n,joint_strong_helpful_to_harmful_valid_n,joint_strong_recovery_absolute_interaction_mean,joint_strong_recovery_absolute_interaction_min,joint_strong_recovery_absolute_interaction_max,joint_strong_recovery_absolute_interaction_n,joint_strong_recovery_absolute_interaction_valid_n,joint_strong_recovery_percent_interaction_mean,joint_strong_recovery_percent_interaction_min,joint_strong_recovery_percent_interaction_max,joint_strong_recovery_percent_interaction_n,joint_strong_recovery_percent_interaction_valid_n,joint_strong_spectral_radius_interaction_mean,joint_strong_spectral_radius_interaction_min,joint_strong_spectral_radius_interaction_max,joint_strong_spectral_radius_interaction_n,joint_strong_spectral_radius_interaction_valid_n,joint_weak_dominant_decay_rate_per_s_interaction_mean,joint_weak_dominant_decay_rate_per_s_interaction_min,joint_weak_dominant_decay_rate_per_s_interaction_max,joint_weak_dominant_decay_rate_per_s_interaction_n,joint_weak_dominant_decay_rate_per_s_interaction_valid_n,joint_weak_harmful_to_helpful_mean,joint_weak_harmful_to_helpful_min,joint_weak_harmful_to_helpful_max,joint_weak_harmful_to_helpful_n,joint_weak_harmful_to_helpful_valid_n,joint_weak_helpful_to_harmful_mean,joint_weak_helpful_to_harmful_min,joint_weak_helpful_to_harmful_max,joint_weak_helpful_to_harmful_n,joint_weak_helpful_to_harmful_valid_n,joint_weak_recovery_absolute_interaction_mean,joint_weak_recovery_absolute_interaction_min,joint_weak_recovery_absolute_interaction_max,joint_weak_recovery_absolute_interaction_n,joint_weak_recovery_absolute_interaction_valid_n,joint_weak_recovery_percent_interaction_mean,joint_weak_recovery_percent_interaction_min,joint_weak_recovery_percent_interaction_max,joint_weak_recovery_percent_interaction_n,joint_weak_recovery_percent_interaction_valid_n,joint_weak_spectral_radius_interaction_mean,joint_weak_spectral_radius_interaction_min,joint_weak_spectral_radius_interaction_max,joint_weak_spectral_radius_interaction_n,joint_weak_spectral_radius_interaction_valid_n,weak_rescue_dominant_decay_rate_per_s_interaction_mean,weak_rescue_dominant_decay_rate_per_s_interaction_min,weak_rescue_dominant_decay_rate_per_s_interaction_max,weak_rescue_dominant_decay_rate_per_s_interaction_n,weak_rescue_dominant_decay_rate_per_s_interaction_valid_n,weak_rescue_harmful_to_helpful_mean,weak_rescue_harmful_to_helpful_min,weak_rescue_harmful_to_helpful_max,weak_rescue_harmful_to_helpful_n,weak_rescue_harmful_to_helpful_valid_n,weak_rescue_helpful_to_harmful_mean,weak_rescue_helpful_to_harmful_min,weak_rescue_helpful_to_harmful_max,weak_rescue_helpful_to_harmful_n,weak_rescue_helpful_to_harmful_valid_n,weak_rescue_minus_weak_interaction_mean,weak_rescue_minus_weak_interaction_min,weak_rescue_minus_weak_interaction_max,weak_rescue_minus_weak_interaction_n,weak_rescue_minus_weak_interaction_valid_n,weak_rescue_recovery_absolute_interaction_mean,weak_rescue_recovery_absolute_interaction_min,weak_rescue_recovery_absolute_interaction_max,weak_rescue_recovery_absolute_interaction_n,weak_rescue_recovery_absolute_interaction_valid_n,weak_rescue_recovery_percent_interaction_mean,weak_rescue_recovery_percent_interaction_min,weak_rescue_recovery_percent_interaction_max,weak_rescue_recovery_percent_interaction_n,weak_rescue_recovery_percent_interaction_valid_n,weak_rescue_spectral_radius_interaction_mean,weak_rescue_spectral_radius_interaction_min,weak_rescue_spectral_radius_interaction_max,weak_rescue_spectral_radius_interaction_n,weak_rescue_spectral_radius_interaction_valid_n
primary,11,0.0,0.1,-0.1562591191522556,-0.17440584422784067,-0.1275588680398687,4,4,0.0,0.0,0.0,4,4,0.5,0.0,1.0,4,4,-0.0038095668194695798,-0.0056477456142832744,-0.0010453057252419904,4,4,0.001821568379232386,0.000147951577386422,0.006102106238588452,4,4,7.612927022508156,4.450634087966366,13.315385675693904,4,4,0.006690235369749664,0.005305791569579776,0.007932574722655295,4,4,0.26223560539225843,0.19076180756896233,0.34116769193655205,4,4,1.0,1.0,1.0,4,4,0.0,0.0,0.0,4,4,-0.0035659467571741345,-0.006967574159901431,-0.000726402607814659,4,4,-12.62235247795708,-15.90051133196554,-6.305055160342876,4,4,-0.011671898930838698,-0.0153068243060126,-0.008210284408635249,4,4,-0.3079110652745469,-0.3981869030291202,-0.23343139437109883,4,4,0.0,0.0,0.0,4,4,1.0,1.0,1.0,4,4,0.005631135198701965,0.0011932573026284124,0.010985601479586469,4,4,17.367464015124696,7.998386618720366,22.190605336801426,4,4,0.013723516847222839,0.010033730603080104,0.017940267041118396,4,4,-0.13491060024152177,-0.2086965924244436,-0.07177878830268303,4,4,0.0,0.0,0.0,4,4,0.5,0.0,1.0,4,4,-0.0022803993593283845,-0.006999003731480765,-0.0002703003261689948,4,4,0.0033507358393735807,0.0009229569764594176,0.005240835077919609,4,4,8.57987288915956,3.0452696748611396,14.603663000205602,4,4,0.00629036313709419,0.003378531765698134,0.009841114032006715,4,4
primary,22,0.0,0.1,-0.41387172632252234,-0.46413153725798295,-0.3520135024983747,4,4,0.0,0.0,0.0,4,4,1.0,1.0,1.0,4,4,-0.014757257482392474,-0.027663541924979045,-0.007233282874932075,4,4,0.00770531018441981,0.0024128511369394673,0.017094251520318578,4,4,25.28346956314674,15.264929330691878,39.41485438963913,4,4,0.018030987122970576,0.015191160029134898,0.020610247775348034,4,4,0.43501682393763597,0.368731994493951,0.47642416427249734,4,4,1.0,1.0,1.0,4,4,0.0,0.0,0.0,4,4,-0.00843874550943845,-0.01574037715520815,-0.004301844006626032,4,4,-27.739025642740298,-36.7903641181084,-21.250710659417216,4,4,-0.019640204548919904,-0.0219824580221617,-0.016654421139559172,4,4,-0.5904973395633671,-0.6555032214911383,-0.4781974051872647,4,4,0.0,0.0,0.0,4,4,1.0,1.0,1.0,4,4,0.02246256766681228,0.010007276079053572,0.04475779344529762,4,4,57.45277243844852,38.31106113405581,87.13474569103778,4,4,0.02672724360167647,0.021702770791502735,0.029470913919999897,4,4,-0.12592961735565467,-0.17651009001697948,-0.08643494297269139,4,4,0.0,0.0,0.0,4,4,0.0,0.0,0.0,4,4,-0.014475854961853966,-0.03090078775598881,-0.005129643026915657,4,4,0.007986712704958317,0.004475516348881357,0.013857005689308814,4,4,17.4141667892942,13.131115926136584,23.3689025322229,4,4,0.0062684268846346924,0.004554973565907616,0.008372361233486947,4,4
primary,33,0.0,0.1,-0.39429728530470365,-0.6039862634470395,-0.3076812083689584,4,4,0.0,0.0,0.0,4,4,0.75,0.0,1.0,4,4,0.0010776644186488234,-0.00036444778662478305,0.00496787542124047,4,4,0.01331348049051806,0.0006367636576133581,0.05007453237249759,4,4,25.38778763695939,9.212694292330813,69.32455532265666,4,4,0.017366741539904668,0.01307782557544368,0.027970622008898993,4,4,0.39030568114159764,0.3142976230173766,0.5662873207870256,4,4,0.25,0.0,1.0,4,4,0.0,0.0,0.0,4,4,-0.005145591325750402,-0.01878445695577334,-0.0003752579060832175,4,4,-15.597208621733246,-33.15402566830855,-8.777688880300282,4,4,-0.0170825845389255,-0.02593866629080488,-0.01341221120567182,4,4,-0.5061176981042252,-0.7365657829309905,-0.41243720041271625,4,4,0.0,0.0,0.0,4,4,1.0,1.0,1.0,4,4,0.012235816071869235,0.0008989914325960371,0.045106656951257124,4,4,24.49600385038115,10.22071117791693,63.24060418833974,4,4,0.022128615355568648,0.01765466798221549,0.033626859609648396,4,4,-0.08625426363289393,-0.1147212910398864,-0.06166260692912506,4,4,0.25,0.0,1.0,4,4,0.25,0.0,1.0,4,4,-0.012985586840184995,-0.048307995477236444,-0.0007828854133732268,4,4,-0.000749770768315759,-0.0032013385259793206,0.0001735276855474293,4,4,-0.7622903185037305,-3.8871130799574827,0.48542706638745603,4,4,0.0036703158927948176,0.002547824553520428,0.004934704283418356,4,4
secondary_same_phase_25_75,11,0.025,0.075,-0.047899461743413974,-0.0843477305720226,-0.006057180120098149,4,4,0.0,0.0,0.0,4,4,0.0,0.0,0.0,4,4,-0.0003332398012840811,-0.0005654369543622376,-0.00011453206572173934,4,4,-0.00011762407308545109,-0.0001679652463284255,-4.277207937311914e-05,4,4,1.3065126823351063,0.6634424189532302,1.7284040304719528,4,4,0.0018713683181334206,5.215091034127539e-05,0.0035674079320668906,4,4,0.11532532151458585,0.06781498071730896,0.15507475530134673,4,4,0.0,0.0,0.0,4,4,0.0,0.0,0.0,4,4,-0.00013961718689570884,-0.00032105218938129586,8.391865184058725e-05,4,4,-2.7533122427744527,-4.087525011125592,-1.165512692973536,4,4,-0.004919461836092154,-0.00669805077446739,-0.0027739171346617963,4,4,-0.14564891106236738,-0.1971517692477005,-0.08934572950132802,4,4,0.0,0.0,0.0,4,4,0.0,0.0,0.0,4,4,0.00021561572819863003,-5.3433180606686156e-05,0.0004461802264356836,4,4,3.1526141809366086,1.4076982008492838,4.757054215132528,4,4,0.0062213646748898455,0.0036600263581108017,0.008547069479775016,4,4,-0.0878573716637322,-0.12615313824958285,-0.05134974144399296,4,4,0.0,0.0,0.0,4,4,0.0,0.0,0.0,4,4,0.00011038105900178534,2.749905324676144e-05,0.0001602763110194489,4,4,0.00032599678720041537,0.00010684313041276275,0.0005604551127129272,4,4,1.7725670870081756,0.6701968300964145,3.158896658815391,4,4,0.003930663420162767,0.0023680158158084774,0.0057028892687551735,4,4
secondary_same_phase_25_75,22,0.025,0.075,-0.27902176805925955,-0.30979811593657947,-0.23573834768262736,4,4,0.0,0.0,0.0,4,4,0.0,0.0,0.0,4,4,-0.0016031356752234847,-0.002500072405391485,-0.0011048519782846603,4,4,0.0003052389176594109,7.685170636313049e-05,0.0007595340672577246,4,4,6.924450269628541,5.282823021688898,9.086250396899732,4,4,0.011713492876132131,0.009767319764388382,0.013331697111600205,4,4,0.3184919177545019,0.26463042788486835,0.3390955334828798,4,4,0.25,0.0,1.0,4,4,0.0,0.0,0.0,4,4,-0.001177227887646042,-0.001961497520530195,-0.000748299398898488,4,4,-10.829789004596805,-13.507149141832143,-8.981981637321578,4,4,-0.013916605588356612,-0.015150230026016787,-0.011548536758082872,4,4,-0.4808865747421209,-0.5878054284573246,-0.3834287345561793,4,4,0.0,0.0,0.0,4,4,1.0,1.0,1.0,4,4,0.0019083745928828956,0.0012171828530523048,0.0032596064726492097,4,4,14.32184142122653,11.675971134849494,18.907205906789716,4,4,0.020957917904879136,0.016737050929984787,0.02504299312335323,4,4,-0.13677812039286041,-0.20394247236015906,-0.09991369205852041,4,4,0.0,0.0,0.0,4,4,0.0,0.0,0.0,4,4,-0.0006289946110097019,-0.0012992586056900964,-0.0002660507892877483,4,4,0.0012793799818731936,0.0008907742841036265,0.0019603478669591133,4,4,5.638354294285242,4.6450312326475895,7.347144522026006,4,4,0.006343101236893162,0.004796263573353832,0.009076150726365473,4,4
secondary_same_phase_25_75,33,0.025,0.075,-0.34390247182211264,-0.7500352282927937,-0.1940135789328994,4,4,0.0,0.0,0.0,4,4,0.25,0.0,1.0,4,4,6.610121051799176e-05,-0.00011272611413476116,0.0004258992662781805,4,4,0.00070438092876975,-0.00013169159071452913,0.0031190300106294228,4,4,7.014966690921299,3.322565018423063,16.990330897914177,4,4,0.01446279910312448,0.007948026018025467,0.0326239087166551,4,4,0.3507142424740655,0.24763797348885852,0.6109531069354774,4,4,0.0,0.0,0.0,4,4,0.0,0.0,0.0,4,4,-0.0001911800353165509,-0.0011914385289172706,0.00016937884707556028,4,4,-5.606741014979244,-11.230154655770264,-3.4537318172617617,4,4,-0.014779254307529938,-0.026727856352597,-0.01015405597025798,4,4,-0.5838389158618517,-1.169531323982032,-0.3521998107198514,4,4,0.0,0.0,0.0,4,4,0.25,0.0,1.0,4,4,0.0006382797182517583,-7.375120329011602e-05,0.0026931307443512423,4,4,6.9631928973916235,3.760466666125417,15.561761100788585,4,4,0.02431500022817526,0.014358422476491772,0.04986216458087067,4,4,-0.15956286520555446,-0.23972786367673637,-0.11970992248541146,4,4,0.25,0.0,1.0,4,4,0.25,0.0,1.0,4,4,-0.0006931410045971629,-0.003042675168508119,0.00012186111499093953,4,4,-5.486128634540465e-05,-0.00034954442415687653,8.713066590090336e-05,4,4,-0.06370296279604448,-1.163765691131402,0.4273973566587319,4,4,0.006644276285323797,0.00487644878312965,0.010129976880484337,4,4
secondary_same_phase_50_100,11,0.05,0.1,-0.16323888204992582,-0.24020738355260596,-0.12619592178379269,4,4,0.0,0.0,0.0,4,4,0.5,0.0,1.0,4,4,-0.0037567477345455463,-0.005572636135868251,-0.0010202673817555838,4,4,0.001933521027797766,0.000258253241871096,0.006241309430230454,4,4,6.576428168771251,3.4158704289100954,13.093874080204039,4,4,0.007125977385671084,0.005412984468442517,0.010736771800172629,4,4,0.21932662404032388,0.13027511191914276,0.2699835438132481,4,4,1.0,1.0,1.0,4,4,0.0,0.0,0.0,4,4,-0.0036353807334510726,-0.0070852598810148635,-0.0008213186042310607,4,4,-11.187267879922628,-14.216484406137786,-5.184243955126155,4,4,-0.0099670072442464,-0.012408111311377645,-0.005785486008974994,4,4,-0.24566406909994398,-0.30303745280576544,-0.1452982726765435,4,4,0.0,0.0,0.0,4,4,1.0,1.0,1.0,4,4,0.005690268762343312,0.0012785206236266798,0.01109441600839959,4,4,15.862269966029285,6.734980300980786,20.574903592294636,4,4,0.011237963670865242,0.006491036106865633,0.014077259481667714,4,4,-0.07691751107319753,-0.14169775278220398,-0.022046967841505616,4,4,0.0,0.0,0.0,4,4,0.0,0.0,0.0,4,4,-0.002389142124524713,-0.007137566027300386,-0.00037333003455401227,4,4,0.0033011266378185993,0.0009051905890726675,0.0051691808701713315,4,4,8.184951946521029,2.9203230240282263,14.0010275042449,4,4,0.0038220868260363805,0.001180854945955434,0.006978993839910741,4,4
secondary_same_phase_50_100,22,0.05,0.1,-0.3372634716495174,-0.462510006166902,-0.2742411209559148,4,4,0.0,0.0,0.0,4,4,1.0,1.0,1.0,4,4,-0.014513696958906187,-0.02735183203447152,-0.007021419940506979,4,4,0.007939494789437545,0.0026404452680917033,0.01729880071730563,4,4,23.66192077490812,13.65124422903784,37.87049089960117,4,4,0.015095429036783986,0.012095293555246855,0.020880800701635782,4,4,0.37973033191248473,0.3083021209760711,0.4593555007451864,4,4,1.0,1.0,1.0,4,4,0.0,0.0,0.0,4,4,-0.00846686460869567,-0.015712282497344274,-0.004366944597981958,4,4,-24.522717994842214,-33.58343349978533,-18.308097667119718,4,4,-0.017468873539937563,-0.021357864382358316,-0.014223646845851201,4,4,-0.5326790080274345,-0.6250606883678924,-0.4290639781223765,4,4,0.0,0.0,0.0,4,4,1.0,1.0,1.0,4,4,0.02245319174834373,0.010038209685085066,0.04465063275177715,4,4,53.89434772282672,34.98105674528804,83.30408938444288,4,4,0.024580720707409215,0.019853377843341513,0.029072103564616092,4,4,-0.14630296059548997,-0.2115059294235352,-0.10247578130206114,4,4,0.0,0.0,0.0,4,4,0.0,0.0,0.0,4,4,-0.014684345139349016,-0.031077285074656964,-0.005348369901963912,4,4,0.007768846608994713,0.004292825478177305,0.013573347677120186,4,4,15.845350702245312,11.698065941075807,21.432176006414625,4,4,0.007118878630140046,0.005166748207621419,0.009898085679478807,4,4
secondary_same_phase_50_100,33,0.05,0.1,-0.4168708676026863,-0.9967346222118455,-0.20011275047363397,4,4,0.0,0.0,0.0,4,4,0.75,0.0,1.0,4,4,0.0010675919859302564,-0.0003402744633901455,0.004952965334950141,4,4,0.013441814522456384,0.0008208769045464845,0.05003123628943905,4,4,23.078639966727447,7.474263093898604,65.57216930235232,4,4,0.018375847277554508,0.008839020507808049,0.04383318821776472,4,4,0.44981942747913933,0.26634310498167646,0.9661240286784747,4,4,0.25,0.0,1.0,4,4,0.0,0.0,0.0,4,4,-0.0053513939095456205,-0.01895210495289791,-0.0005944017601331713,4,4,-13.683261990998616,-30.71185545930496,-7.1334580382669275,4,4,-0.019883725601200386,-0.04294848638291626,-0.011687564544800244,4,4,-0.5633752750175703,-1.1622003444042437,-0.34257657103934425,4,4,0.0,0.0,0.0,4,4,1.0,1.0,1.0,4,4,0.012374222536526128,0.0010953518815383298,0.04507827095448891,4,4,22.241374125088345,8.50803902465035,59.6787912921531,4,4,0.024640801805247997,0.01505742494740625,0.05058759793767165,4,4,-0.20655555731503364,-0.48058952431254653,-0.09355602978436517,4,4,0.25,0.0,1.0,4,4,0.25,0.0,1.0,4,4,-0.01311059357060316,-0.048265664769594596,-0.0009656713393525283,4,4,-0.000736371034077032,-0.0031873938151056845,0.00016529644620310452,4,4,-0.6642359683931093,-3.7454460378447463,0.5440388253288853,4,4,0.008762007564601354,0.004104715247860935,0.020048633689372153,4,4
