model,schedule,compute_duration,rollouts,censored,mean_tracking_rmse,mean_tracking_ise,mean_action_effort,mean_action_variation,mean_peak_abs_error,seed_mean_rmse_min,seed_mean_rmse_max
teacher,serial,0.0,12,0,0.23321940599101434,0.4991424659869037,2.766192303079721,11.746200960519726,0.831420119450167,0.23321940599101434,0.23321940599101434
pd,serial,0.0,12,0,0.23321940599101434,0.4991424659869037,2.766192303079721,11.746200960519726,0.831420119450167,0.23321940599101434,0.23321940599101434
transformer,serial,0.0,36,0,0.23343285128764782,0.5008516260997722,2.745212254450298,11.624214501741031,0.8327025515984516,0.23322502928761782,0.23366540483394152
mlp,serial,0.0,36,0,0.2330326146546698,0.4995665352955257,2.7407157871105037,11.573719361201963,0.8305879798372788,0.23287791493572157,0.23313841511640374
teacher,serial,0.05,12,0,0.25092841539021854,0.5796184983178259,2.7264664348837155,11.707231487341442,0.8419638934496969,0.25092841539021854,0.25092841539021854
pd,serial,0.05,12,0,0.25124351422252744,0.5772470858171369,3.3517856480693196,12.84736288891768,0.8260228223594295,0.25124351422252744,0.25124351422252744
transformer,serial,0.05,36,0,0.2513559135860792,0.5826227252221828,2.723644906862692,11.63475102900217,0.8437767843347588,0.2508686741671882,0.2516876496969703
mlp,serial,0.05,36,0,0.2510694834484898,0.5794533179237675,2.7326414871152975,11.651937155596292,0.8419781283211198,0.2508464134105121,0.2511982360672499
teacher,serial,0.1,12,0,0.26707517771032024,0.6550888898568589,2.9849764330615804,12.021534902957645,0.8466180822887717,0.26707517771032024,0.26707517771032024
pd,serial,0.1,12,0,0.2854775525921828,0.7308503794602699,4.889317897959621,15.722923069381157,0.8163237855584526,0.2854775525921828,0.2854775525921828
transformer,serial,0.1,36,0,0.2681048136102984,0.660798380298943,2.9654002913014024,11.915858918283549,0.848700734536211,0.26744819510942863,0.2687044846684049
mlp,serial,0.1,36,0,0.2690150088621801,0.6610652079240157,2.982754028489736,11.992122542578727,0.8492598541387256,0.2686983500011667,0.2691918720369256
teacher,serial,0.2,12,0,0.3060029544993881,0.8573524023200739,3.720525573949982,12.883495289934789,0.8644417704251147,0.3060029544993881,0.3060029544993881
pd,serial,0.2,12,0,0.7419848396931329,4.387364944276539,27.074385578205042,36.47788419930576,1.5548973011629226,0.7419848396931329,0.7419848396931329
transformer,serial,0.2,36,0,0.30667639101074246,0.8611618041473919,3.7738008556418188,12.847953662276268,0.8662718107977373,0.30660855602253945,0.3067801868017427
mlp,serial,0.2,36,0,0.309358507478978,0.8659937127458389,3.8579076441598796,13.25855095211106,0.8680971014456578,0.30918447026791057,0.30966959654008264
teacher,fixed_cadence,0.0,12,0,0.23321940599101434,0.4991424659869037,2.766192303079721,11.746200960519726,0.831420119450167,0.23321940599101434,0.23321940599101434
pd,fixed_cadence,0.0,12,0,0.23321940599101434,0.4991424659869037,2.766192303079721,11.746200960519726,0.831420119450167,0.23321940599101434,0.23321940599101434
transformer,fixed_cadence,0.0,36,0,0.23343285128764782,0.5008516260997722,2.745212254450298,11.624214501741031,0.8327025515984516,0.23322502928761782,0.23366540483394152
mlp,fixed_cadence,0.0,36,0,0.2330326146546698,0.4995665352955257,2.7407157871105037,11.573719361201963,0.8305879798372788,0.23287791493572157,0.23313841511640374
teacher,fixed_cadence,0.05,12,0,0.25092841539021854,0.5796184983178259,2.7264664348837155,11.707231487341442,0.8419638934496969,0.25092841539021854,0.25092841539021854
pd,fixed_cadence,0.05,12,0,0.25124351422252744,0.5772470858171369,3.3517856480693196,12.84736288891768,0.8260228223594295,0.25124351422252744,0.25124351422252744
transformer,fixed_cadence,0.05,36,0,0.2513559135860792,0.5826227252221828,2.723644906862692,11.63475102900217,0.8437767843347588,0.2508686741671882,0.2516876496969703
mlp,fixed_cadence,0.05,36,0,0.2510694834484898,0.5794533179237675,2.7326414871152975,11.651937155596292,0.8419781283211198,0.2508464134105121,0.2511982360672499
teacher,fixed_cadence,0.1,12,0,0.26624309584833844,0.654428870884253,2.736012291310487,11.670913499625387,0.853149027808732,0.26624309584833844,0.26624309584833844
pd,fixed_cadence,0.1,12,0,0.2756423185475714,0.6881266586728956,4.212848891377228,14.61207543540777,0.8230967807024795,0.2756423185475714,0.2756423185475714
transformer,fixed_cadence,0.1,36,0,0.26675268666376584,0.6575949206343591,2.7242866113563085,11.653280052770343,0.8551794662094796,0.26628346068841996,0.2672261417521391
mlp,fixed_cadence,0.1,36,0,0.2676724461472124,0.6580871853859357,2.735157035342211,11.715384172534364,0.8556093409312586,0.26739294666454244,0.26796590883784005
teacher,fixed_cadence,0.2,12,0,0.2919724178404428,0.7924481332200146,3.1353957466263545,12.82647830560384,0.8788827681009559,0.2919724178404428,0.2919724178404428
pd,fixed_cadence,0.2,12,0,0.39468941650228523,1.3482058674571193,9.239073468054414,23.14026664181493,0.8719377466240363,0.39468941650228523,0.39468941650228523
transformer,fixed_cadence,0.2,36,0,0.29229331035699047,0.7941134825112447,3.1468688191174996,12.452505719330576,0.8790878307118464,0.29218197273499374,0.2923970138869524
mlp,fixed_cadence,0.2,36,0,0.29343810269971693,0.7940582202322854,3.191392744458329,13.016658777422789,0.8815003951564094,0.2931345229355052,0.29392567757128013
