model,seed,epoch,train_mse,validation_mse
transformer,11,1,0.014285477612641227,0.000768549485282385
transformer,11,2,0.0005700042985623343,0.0003082316396143151
transformer,11,3,0.00026716861288159435,0.00011653904427380317
transformer,11,4,0.0001804698662818717,8.089808817761598e-05
transformer,11,5,0.0001553681781965201,9.350360924501e-05
transformer,11,6,0.00016969255743688315,0.0004462805966001851
transformer,11,7,0.0001231625170822934,5.8040054729048957e-05
transformer,11,8,0.00013426675746471548,0.00013837165456529352
transformer,11,9,8.992224504214383e-05,7.073914297471566e-05
transformer,11,10,8.850820376941921e-05,6.175475237176078e-05
transformer,11,11,6.0660527430376275e-05,6.692626964401063e-05
transformer,11,12,8.174510100253854e-05,2.9472419866850294e-05
transformer,11,13,8.56910494721465e-05,0.0001334620270796102
transformer,11,14,0.00010912114251975692,4.229659481033282e-05
transformer,11,15,2.195704173951206e-05,3.917924467756579e-05
transformer,11,16,5.2431464340912936e-05,4.964850274823187e-05
transformer,11,17,8.028604073384788e-05,3.745910184444236e-05
transformer,11,18,3.3608398141657075e-05,0.00014392014656643997
transformer,11,19,7.951370026138646e-05,1.8236954004246477e-05
transformer,11,20,4.253361043715246e-05,2.552734583748327e-05
transformer,11,21,3.673798553675497e-05,1.3627674917902224e-05
transformer,11,22,3.1720064934987794e-05,1.5456097378124525e-05
transformer,11,23,3.753425237096998e-05,1.0111592416845098e-05
transformer,11,24,6.993411209167142e-05,9.57290812459271e-06
transformer,11,25,2.7608580177493735e-05,2.922075868909837e-05
transformer,11,26,3.7435445420271525e-05,3.788520839329454e-05
transformer,11,27,3.674013309946509e-05,8.501952273821262e-06
transformer,11,28,2.3743633863284604e-05,0.00014132025029993
transformer,11,29,4.6600140723882845e-05,6.896710651755916e-05
transformer,11,30,2.1830547922194086e-05,6.606073510402718e-05
transformer,11,31,3.371302621201572e-05,1.608570417147904e-05
transformer,11,32,3.9624951450983326e-05,1.6620636773625877e-05
transformer,11,33,3.1129866996249194e-05,3.5122213976270994e-05
transformer,11,34,2.824476012254682e-05,1.3061487719343752e-05
transformer,11,35,2.010664087061999e-05,3.174615711939218e-05
transformer,11,36,4.228083242214379e-05,1.387585445209281e-05
transformer,11,37,3.485519409700283e-05,3.712651750168474e-05
transformer,22,1,0.01217355761388977,0.0007161255834810891
transformer,22,2,0.0005221664542639697,0.00023684202987145095
transformer,22,3,0.00035272437581293796,0.00013837222155629859
transformer,22,4,0.00023556372965116755,0.00017527613816168024
transformer,22,5,0.00025200471161035843,7.88700717904384e-05
transformer,22,6,0.00015002116763737728,6.055204461904785e-05
transformer,22,7,0.0002080722927981999,6.095691547617499e-05
transformer,22,8,0.00012057685005385485,5.7730703070431875e-05
transformer,22,9,0.000153817359154132,6.399486295897104e-05
transformer,22,10,0.00010908939539082576,0.0003264741220654952
transformer,22,11,9.734382007406537e-05,3.7375983012462155e-05
transformer,22,12,0.0001318751642151598,3.9065485275953935e-05
transformer,22,13,6.958771587773864e-05,2.862968309019626e-05
transformer,22,14,9.719201339144616e-05,3.162624336059563e-05
transformer,22,15,6.681782378173833e-05,0.0003150356728538033
transformer,22,16,9.281609498625729e-05,2.088914409024791e-05
transformer,22,17,4.989336537081102e-05,3.33450190964312e-05
transformer,22,18,9.37479102935256e-05,5.4189318809248416e-05
transformer,22,19,3.8600421357663804e-05,9.895060274039548e-06
transformer,22,20,0.0001216371102780653,1.7082037445166874e-05
transformer,22,21,3.0312879798012503e-05,1.1259585751042973e-05
transformer,22,22,4.498405058675105e-05,1.108364818599485e-05
transformer,22,23,8.656933536800877e-05,3.609928577992619e-05
transformer,22,24,3.093829999823996e-05,6.0420921687173375e-05
transformer,22,25,3.812866829930432e-05,3.275653224411104e-05
transformer,22,26,8.775472726666056e-05,0.00020474089027216208
transformer,22,27,3.352969902697643e-05,4.004824264453209e-05
transformer,22,28,2.0763063299157122e-05,2.551225724477494e-05
transformer,22,29,4.484619433871495e-05,1.0855395169268319e-05
transformer,33,1,0.012869747703260808,0.0004889498166466691
transformer,33,2,0.00034002329576942697,0.00013189715467630214
transformer,33,3,0.0001323485609928424,7.538326838324734e-05
transformer,33,4,0.00016774495329661181,0.00022469481002439204
transformer,33,5,9.278339319031295e-05,4.1921308245919736e-05
transformer,33,6,0.00015191555306653284,2.53043995377742e-05
transformer,33,7,7.206724153892513e-05,3.379837593888012e-05
transformer,33,8,0.00010828637411749027,0.0001748307553418254
transformer,33,9,7.609241028813859e-05,7.48094581158645e-05
transformer,33,10,7.277131018007952e-05,4.732593026440272e-05
transformer,33,11,7.704285959414864e-05,0.000598432414215468
transformer,33,12,8.658806416322762e-05,1.3401413770178493e-05
transformer,33,13,4.435648504195764e-05,0.0001512187189242659
transformer,33,14,0.00010170773752099177,0.0002225301157874408
transformer,33,15,2.9375281554295553e-05,8.032474129444812e-05
transformer,33,16,4.7943115321437436e-05,5.779494611150187e-05
transformer,33,17,5.1279994542159004e-05,1.2276384283271607e-05
transformer,33,18,3.366052424943605e-05,6.345959584067022e-06
transformer,33,19,5.14835027086048e-05,9.94644027594978e-06
transformer,33,20,4.664655906083643e-05,1.0678233108585723e-05
transformer,33,21,4.5852641851702715e-05,5.990987721019969e-05
transformer,33,22,6.253151548346806e-05,3.989047853590369e-05
transformer,33,23,3.287673661648481e-05,5.367030899101882e-06
transformer,33,24,1.6090878093375227e-05,0.0001007819771402331
transformer,33,25,5.340494099651275e-05,3.7197785915677097e-06
transformer,33,26,1.7550909931448823e-05,5.632128582443031e-06
transformer,33,27,5.8465002004600035e-05,3.5755962764156625e-05
transformer,33,28,1.4590724803803917e-05,1.7078423304460523e-05
transformer,33,29,2.7119537865013523e-05,5.30342425704731e-05
transformer,33,30,3.697405348566129e-05,7.413160329124455e-06
transformer,33,31,2.8873839606883912e-05,2.357306745595556e-05
transformer,33,32,3.1986363859584825e-05,6.975278612408414e-06
transformer,33,33,3.730432620198178e-05,5.294570651230992e-06
transformer,33,34,2.9762463292063507e-05,7.058340410843109e-06
transformer,33,35,2.0639981245520283e-05,1.381810818295607e-05
mlp,11,1,0.0034737024727518827,0.00039774405799605734
mlp,11,2,0.00033853733879377415,0.00017929630590862342
mlp,11,3,0.00020034666463700272,0.0002681044884445032
mlp,11,4,0.00017712637632663993,0.000132624261436442
mlp,11,5,0.00011982128005884679,7.427534177298214e-05
mlp,11,6,0.00010185349463622659,5.113644967160773e-05
mlp,11,7,6.047555392650457e-05,7.688640878697479e-05
mlp,11,8,7.596461363411441e-05,3.7886892288267466e-05
mlp,11,9,4.609951501349864e-05,5.351593700854659e-05
mlp,11,10,5.7562120804736225e-05,0.00013151776368905104
mlp,11,11,4.7046927585634276e-05,2.5736777286083963e-05
mlp,11,12,5.586572088895213e-05,6.225693761428003e-05
mlp,11,13,4.562313804627239e-05,3.4243322984021714e-05
mlp,11,14,4.525473134897161e-05,2.527047471828704e-05
mlp,11,15,3.097630996550382e-05,2.8156244747049212e-05
mlp,11,16,3.072381963545495e-05,1.9969381215529e-05
mlp,11,17,2.8507241122919865e-05,4.230974717999292e-05
mlp,11,18,7.398866462670831e-05,4.139594069948479e-05
mlp,11,19,2.985553270655435e-05,1.8768646047862753e-05
mlp,11,20,2.7521340843076046e-05,9.396218940670304e-05
mlp,11,21,3.724956507235253e-05,2.813758641654457e-05
mlp,11,22,3.3484373244438164e-05,1.5884735889067933e-05
mlp,11,23,1.8639745169427657e-05,2.0485701740202484e-05
mlp,11,24,2.6800305798406712e-05,1.6601099137417187e-05
mlp,11,25,2.0329453568003446e-05,1.3749500705853723e-05
mlp,11,26,3.8405553029533046e-05,0.00019793625246997568
mlp,11,27,3.314223800651208e-05,2.038223833451389e-05
mlp,11,28,2.2044230553611583e-05,2.2480688268469058e-05
mlp,11,29,2.384263378696648e-05,1.6170863544882654e-05
mlp,11,30,2.1411689325635125e-05,2.3902204880504563e-05
mlp,11,31,3.0704826793243735e-05,1.57248891843369e-05
mlp,11,32,2.3943393667397025e-05,2.1983078091170794e-05
mlp,11,33,2.880231487993971e-05,3.052224185372404e-05
mlp,11,34,2.768292150723897e-05,1.8546199921318183e-05
mlp,11,35,1.6783496245155782e-05,1.9917439488343402e-05
mlp,22,1,0.003485295041831447,0.0003901202013046642
mlp,22,2,0.0003257044113891809,0.0002775878957438586
mlp,22,3,0.0001795709113294969,0.00029822265442397015
mlp,22,4,0.0001608620979538538,6.988781167326318e-05
mlp,22,5,9.711389065179906e-05,0.0001452203571322786
mlp,22,6,8.45780138232037e-05,4.029633878094934e-05
mlp,22,7,5.511290649833638e-05,6.177822528702997e-05
mlp,22,8,5.9961342388846e-05,5.174772005555537e-05
mlp,22,9,6.706420974790296e-05,3.152547152553546e-05
mlp,22,10,5.5943474645042125e-05,3.8027952363700916e-05
mlp,22,11,3.809965780657525e-05,3.6276868956669034e-05
mlp,22,12,3.331864515990776e-05,1.9702026811212046e-05
mlp,22,13,3.1010341171410347e-05,2.027998255989298e-05
mlp,22,14,4.005916633856401e-05,6.874206459974019e-05
mlp,22,15,4.717889246499521e-05,3.5786366802902125e-05
mlp,22,16,2.9951457797650996e-05,2.1876727286635154e-05
mlp,22,17,4.315525786656588e-05,4.310679877026594e-05
mlp,22,18,4.91053065261462e-05,1.4902698217656619e-05
mlp,22,19,2.0104232586465986e-05,3.810837229572619e-05
mlp,22,20,2.570369017125713e-05,1.67834248865128e-05
mlp,22,21,2.2521341429693278e-05,1.6502635115142775e-05
mlp,22,22,2.746951297395333e-05,4.5755222009399266e-05
mlp,22,23,3.514250947729215e-05,1.6397324363384533e-05
mlp,22,24,2.845022412844063e-05,1.836608634797132e-05
mlp,22,25,2.538783265020719e-05,2.4262202612163093e-05
mlp,22,26,2.596435025427576e-05,2.29311273273873e-05
mlp,22,27,2.0403404922431225e-05,1.5358829459239226e-05
mlp,22,28,2.192541123493085e-05,1.96300365297183e-05
mlp,33,1,0.003389146393290231,0.00043285736008057677
mlp,33,2,0.0003640935293024219,0.0001869681188813923
mlp,33,3,0.00020386188435891968,0.00011251195991971965
mlp,33,4,0.00015793741635282575,0.0001215496064052168
mlp,33,5,0.00010636063163256395,4.984991947157095e-05
mlp,33,6,7.852354262127771e-05,4.6566750656148475e-05
mlp,33,7,6.158324381464513e-05,3.845068884553493e-05
mlp,33,8,6.248558024163665e-05,8.088292002969383e-05
mlp,33,9,4.988480788401686e-05,5.801091019592469e-05
mlp,33,10,4.492393235098468e-05,3.867687669999369e-05
mlp,33,11,5.484015980889408e-05,3.154703625420924e-05
mlp,33,12,5.278646615368723e-05,3.537271982445985e-05
mlp,33,13,3.0400064702841402e-05,2.2242680985553414e-05
mlp,33,14,3.5196670585025605e-05,2.574133783496898e-05
mlp,33,15,3.7972626431190756e-05,3.663407215133564e-05
mlp,33,16,3.209193608217501e-05,2.394409276417532e-05
mlp,33,17,2.830382127863865e-05,1.7366555851285318e-05
mlp,33,18,3.805413354071646e-05,1.4915728194680074e-05
mlp,33,19,2.9675142033076e-05,2.6075482399209713e-05
mlp,33,20,3.2215504405270674e-05,1.7346879882933823e-05
mlp,33,21,2.7254002084736406e-05,2.0494497430107776e-05
mlp,33,22,4.05560008080535e-05,2.1384394793682403e-05
mlp,33,23,2.681340135244424e-05,1.9112329766117858e-05
mlp,33,24,2.6729859585414385e-05,1.547465252879014e-05
mlp,33,25,3.325957156664266e-05,1.899704600691176e-05
mlp,33,26,2.0785145025535528e-05,1.514519859119011e-05
mlp,33,27,2.0200171913711975e-05,1.792974663615992e-05
mlp,33,28,2.5185783843616307e-05,2.5426725570048708e-05
