tau,noise_tau,controller,model_seed,background_seed,censored,failure_reason,task_failure,position_rms,position_mean,position_max,action_rms,action_mean,saturation_fraction,duration_observed
0.05,0.01,passive,,810001,False,,False,0.016548226201573344,-0.00019800914212949876,0.052374036521950225,0.0,0.0,0.0,12.0
0.05,0.01,passive,,810002,False,,False,0.014517664081545258,1.8100890855500323e-05,0.04209825208664731,0.0,0.0,0.0,12.0
0.05,0.01,passive,,810003,False,,False,0.01789028639063872,-0.0005580097293638037,0.0576137684246786,0.0,0.0,0.0,12.0
0.05,0.01,passive,,810004,False,,False,0.013329132513491613,0.001243163844123843,0.03978451278269666,0.0,0.0,0.0,12.0
0.05,0.01,teacher,,810001,False,,False,0.016640060338124363,6.495593042800663e-05,0.048946451248345506,0.042488965517835986,-0.00012623526309400105,0.0,12.0
0.05,0.01,teacher,,810002,False,,False,0.013859529565662687,7.763022208299403e-06,0.03751780811099093,0.03485018773648176,0.0005382719323287376,0.0,12.0
0.05,0.01,teacher,,810003,False,,False,0.013789621512159676,-0.00038842972302836665,0.05359241760979807,0.03658639625111308,-0.00013945317062029108,0.0,12.0
0.05,0.01,teacher,,810004,False,,False,0.015885203525472267,0.0011349062648688508,0.053092173697034784,0.042338679756079654,-0.00023857272818836894,0.0,12.0
0.05,0.05,passive,,810001,False,,False,0.029265620216318178,-0.0003470398817727406,0.09461593622469837,0.0,0.0,0.0,12.0
0.05,0.05,passive,,810002,False,,False,0.025357705637596636,2.581042040380923e-06,0.0675337470551712,0.0,0.0,0.0,12.0
0.05,0.05,passive,,810003,False,,False,0.02997153777621242,-0.001098266132279441,0.09974912947779961,0.0,0.0,0.0,12.0
0.05,0.05,passive,,810004,False,,False,0.0232655971864957,0.0027661592556776334,0.07208543029464407,0.0,0.0,0.0,12.0
0.05,0.05,teacher,,810001,False,,False,0.022971116783594862,-0.00019681881441962598,0.07759392209503503,0.04670031365042249,8.822573301599632e-06,0.0,12.0
0.05,0.05,teacher,,810002,False,,False,0.0189544719131389,3.534850751425579e-06,0.06195238458410624,0.03790309941168723,0.000329078474393869,0.0,12.0
0.05,0.05,teacher,,810003,False,,False,0.019564986636324642,-0.000875278381249088,0.07196465918923424,0.03889648610292837,-9.800601764514099e-05,0.0,12.0
0.05,0.05,teacher,,810004,False,,False,0.020360401434830398,0.002379834792474043,0.059762048602200316,0.04441330922083496,-0.00027691349623006696,0.0,12.0
0.05,0.2,passive,,810001,False,,False,0.027231858262076317,-0.0005516744444695654,0.08294383339701833,0.0,0.0,0.0,12.0
0.05,0.2,passive,,810002,False,,False,0.024311463102017795,-0.00025691174852140986,0.0639017206540011,0.0,0.0,0.0,12.0
0.05,0.2,passive,,810003,False,,False,0.025913202947318376,-0.0023362591337804206,0.08747967990288975,0.0,0.0,0.0,12.0
0.05,0.2,passive,,810004,False,,False,0.025125357576103,0.005663453006460328,0.06483303640881073,0.0,0.0,0.0,12.0
0.05,0.2,teacher,,810001,False,,False,0.019875959852617364,-0.00047243344520263183,0.05319688100187476,0.026582899833134378,0.00012172831482150559,0.0,12.0
0.05,0.2,teacher,,810002,False,,False,0.017781262351863076,-0.0002038485667270433,0.048440038713202904,0.021812937707900066,0.00011051410483010454,0.0,12.0
0.05,0.2,teacher,,810003,False,,False,0.01754097261584163,-0.0020602520687514284,0.05405528956164997,0.022348391915948264,0.0001815930679179365,0.0,12.0
0.05,0.2,teacher,,810004,False,,False,0.02020260448396983,0.004836431254428715,0.044970182494010365,0.02516727454169787,-0.0007065317634559081,0.0,12.0
0.05,1.0,passive,,810001,False,,False,0.016361999216161802,-0.0009158489270044176,0.05282966254663463,0.0,0.0,0.0,12.0
0.05,1.0,passive,,810002,False,,False,0.01700962167094365,-0.0011035309406295974,0.04306534204179293,0.0,0.0,0.0,12.0
0.05,1.0,passive,,810003,False,,False,0.017151663035111935,-0.006419740191228336,0.05486389546648676,0.0,0.0,0.0,12.0
0.05,1.0,passive,,810004,False,,False,0.026359698716420916,0.011019483503821408,0.05903572152493328,0.0,0.0,0.0,12.0
0.05,1.0,teacher,,810001,False,,False,0.012578277012085656,-0.0007850200177156519,0.04098600001929018,0.012136713749569317,0.00016736629853022242,0.0,12.0
0.05,1.0,teacher,,810002,False,,False,0.01347984175637911,-0.0009353478951529706,0.03393841674833274,0.010100622489413623,0.00017389656069094337,0.0,12.0
0.05,1.0,teacher,,810003,False,,False,0.013132133751042864,-0.005538839012114799,0.03737270842333656,0.010316050531325525,0.0008478102797838933,0.0,12.0
0.05,1.0,teacher,,810004,False,,False,0.022119701301121293,0.009372548125399035,0.047995994499701475,0.011926089087912907,-0.0015883084441232472,0.0,12.0
0.1,0.01,passive,,810001,False,,False,0.014931462898468424,-4.919803365287086e-05,0.03988939019728503,0.0,0.0,0.0,12.0
0.1,0.01,passive,,810002,False,,False,0.011453563219459867,7.458800099812042e-05,0.03196985250319228,0.0,0.0,0.0,12.0
0.1,0.01,passive,,810003,False,,False,0.0123753381592559,-0.00029167197435418525,0.035906058167404005,0.0,0.0,0.0,12.0
0.1,0.01,passive,,810004,False,,False,0.009193453519081426,0.0011197034950025744,0.029117336404977896,0.0,0.0,0.0,12.0
0.1,0.01,teacher,,810001,False,,False,0.007068350403161132,-2.881996381455015e-05,0.02256972830581509,0.014361676426925214,0.00014998454898486875,0.0,12.0
0.1,0.01,teacher,,810002,False,,False,0.005926481479181175,5.771119011336866e-05,0.01593983772685263,0.012247380098590003,5.8604978478505905e-05,0.0,12.0
0.1,0.01,teacher,,810003,False,,False,0.006499459210250806,-0.0002827938848932023,0.022505828798359474,0.014540702341393178,0.0002596890689330591,0.0,12.0
0.1,0.01,teacher,,810004,False,,False,0.005503055260152933,0.0007056292857351831,0.017261053069136667,0.011910754391651285,-0.000510518807160069,0.0,12.0
0.1,0.05,passive,,810001,False,,False,0.03024710951769467,-0.00028502514302431364,0.08059185253907035,0.0,0.0,0.0,12.0
0.1,0.05,passive,,810002,False,,False,0.02338072481628252,1.6219210156083695e-06,0.06393326788405677,0.0,0.0,0.0,12.0
0.1,0.05,passive,,810003,False,,False,0.025086061391867125,-0.0007547408068307297,0.07374401653694002,0.0,0.0,0.0,12.0
0.1,0.05,passive,,810004,False,,False,0.019078341904177086,0.002464814778110345,0.05967793587353395,0.0,0.0,0.0,12.0
0.1,0.05,teacher,,810001,False,,False,0.013222861524172347,-0.00013400192900901652,0.04007731506803006,0.023687393838705172,0.0001607400478262258,0.0,12.0
0.1,0.05,teacher,,810002,False,,False,0.01096083399128502,2.9954463209377784e-05,0.029940674144657533,0.01960413384349021,3.1147999246948225e-05,0.0,12.0
0.1,0.05,teacher,,810003,False,,False,0.01170301591317338,-0.0005593719265858202,0.04021903241676093,0.02336848299694683,0.00041241450419918165,0.0,12.0
0.1,0.05,teacher,,810004,False,,False,0.010183986309330921,0.0015709458772581418,0.03204152417457374,0.01825464368048056,-0.001213324620245845,0.0,12.0
0.1,0.2,passive,,810001,False,,False,0.034085516967462516,-0.0008551123679557491,0.09186406389385603,0.0,0.0,0.0,12.0
0.1,0.2,passive,,810002,False,,False,0.027855648845851785,-0.0004910935535340374,0.07105025008306731,0.0,0.0,0.0,12.0
0.1,0.2,passive,,810003,False,,False,0.028560050259680933,-0.0023148677808320587,0.08643792724246724,0.0,0.0,0.0,12.0
0.1,0.2,passive,,810004,False,,False,0.026224740870937263,0.005387034777958422,0.06972302041614725,0.0,0.0,0.0,12.0
0.1,0.2,teacher,,810001,False,,False,0.01348620948299518,-0.0002855998681509292,0.03670806604091702,0.019601086795760652,0.00021827305815340747,0.0,12.0
0.1,0.2,teacher,,810002,False,,False,0.011929528212770898,-0.00013717241637695377,0.0300962226607207,0.01643618735743226,9.749601797905455e-05,0.0,12.0
0.1,0.2,teacher,,810003,False,,False,0.01185935523970554,-0.0013188563540190547,0.03636766372109173,0.018261127965734147,0.0008924215683142224,0.0,12.0
0.1,0.2,teacher,,810004,False,,False,0.012814861408454305,0.0031848998504365117,0.029821260000082974,0.015734708141613405,-0.0024779209830460085,0.0,12.0
0.1,1.0,passive,,810001,False,,False,0.020234723371038228,-0.0011113045838303148,0.05486883028589924,0.0,0.0,0.0,12.0
0.1,1.0,passive,,810002,False,,False,0.01909977460233828,-0.001278785200304108,0.049377154473616854,0.0,0.0,0.0,12.0
0.1,1.0,passive,,810003,False,,False,0.018976797339710104,-0.006518395162243781,0.06334635257211678,0.0,0.0,0.0,12.0
0.1,1.0,passive,,810004,False,,False,0.027065716295259702,0.010924546980987736,0.05300170281011795,0.0,0.0,0.0,12.0
0.1,1.0,teacher,,810001,False,,False,0.00852082488270873,-0.0004993979107341799,0.024789895826428054,0.010417399961412683,0.00039637778442501795,0.0,12.0
0.1,1.0,teacher,,810002,False,,False,0.0090062743629051,-0.0006213807479936218,0.022876440857531412,0.009676402292774776,0.00047498060871131807,0.0,12.0
0.1,1.0,teacher,,810003,False,,False,0.00879526538344103,-0.0036216864613869016,0.025207432598147367,0.010195026600483974,0.002751663714541941,0.0,12.0
0.1,1.0,teacher,,810004,False,,False,0.014469112479320277,0.0061391430351446265,0.030501685481090186,0.012894108932241615,-0.00488355958431332,0.0,12.0
0.2,0.01,passive,,810001,False,,False,0.009025957626942416,-0.00011604346061920818,0.027092494085023792,0.0,0.0,0.0,12.0
0.2,0.01,passive,,810002,False,,False,0.0085852177614808,-7.639709512914189e-05,0.0191603365387716,0.0,0.0,0.0,12.0
0.2,0.01,passive,,810003,False,,False,0.008505332120978896,-0.0006187969825965677,0.022115205074981385,0.0,0.0,0.0,12.0
0.2,0.01,passive,,810004,False,,False,0.009074295581782639,0.0012758278413064648,0.021333079723436937,0.0,0.0,0.0,12.0
0.2,0.01,teacher,,810001,False,,False,0.00408362522793746,-5.448713947176863e-05,0.011144348746102107,0.009671036978190106,7.670495370951948e-05,0.0,12.0
0.2,0.01,teacher,,810002,False,,False,0.0034897124676930855,1.9404525190211262e-05,0.009697034162249466,0.007877597287269915,-6.98358380500514e-06,0.0,12.0
0.2,0.01,teacher,,810003,False,,False,0.0032728879946840646,-0.00019127473051387754,0.009129809325745825,0.007766637491769286,0.00015194031019884056,0.0,12.0
0.2,0.01,teacher,,810004,False,,False,0.0031668534836550404,0.0005072323887809533,0.00967104488211635,0.006677861959331343,-0.0005948408316294518,0.0,12.0
0.2,0.05,passive,,810001,False,,False,0.019503001031547645,-0.0002873074851678641,0.05812895463325086,0.0,0.0,0.0,12.0
0.2,0.05,passive,,810002,False,,False,0.018528269123498836,-0.00033456087283680194,0.041116801530289813,0.0,0.0,0.0,12.0
0.2,0.05,passive,,810003,False,,False,0.018297565616396564,-0.0015059792366043572,0.04734452378113348,0.0,0.0,0.0,12.0
0.2,0.05,passive,,810004,False,,False,0.01972523690957636,0.0029359832205972844,0.04543437628299482,0.0,0.0,0.0,12.0
0.2,0.05,teacher,,810001,False,,False,0.008511211664995365,-0.00018791992266520733,0.023107762343915043,0.019127594854695094,0.00022080507814941445,0.0,12.0
0.2,0.05,teacher,,810002,False,,False,0.0073021627259517805,-2.2339640858217507e-05,0.019311064713853684,0.015687489920474758,-8.521700470913791e-06,0.0,12.0
0.2,0.05,teacher,,810003,False,,False,0.006801445967273632,-0.0004623070910887661,0.018543385153013084,0.015234357467123037,0.00040612053473912743,0.0,12.0
0.2,0.05,teacher,,810004,False,,False,0.0067709508490456805,0.0011545722796258335,0.019890989812692928,0.013151775981862129,-0.001349787180937284,0.0,12.0
0.2,0.2,passive,,810001,False,,False,0.028886219335860122,-0.0006910233232223082,0.082399093717578,0.0,0.0,0.0,12.0
0.2,0.2,passive,,810002,False,,False,0.028100280773882238,-0.0012264881775451578,0.056142767625614404,0.0,0.0,0.0,12.0
0.2,0.2,passive,,810003,False,,False,0.026931942715891076,-0.0033452686361696324,0.06726309231158,0.0,0.0,0.0,12.0
0.2,0.2,passive,,810004,False,,False,0.0311532020968757,0.006167522913202673,0.0669850111441933,0.0,0.0,0.0,12.0
0.2,0.2,teacher,,810001,False,,False,0.010603779545812021,-0.00033041199150464463,0.02712693898926533,0.021612086709923997,0.0005268282025348239,0.0,12.0
0.2,0.2,teacher,,810002,False,,False,0.0095771285292076,-0.0001772219465596896,0.02382906012187762,0.01846027750742123,0.00018157294691229013,0.0,12.0
0.2,0.2,teacher,,810003,False,,False,0.008815986372202317,-0.001144094018507266,0.023844111769495066,0.01737233425956213,0.0012956809165277623,0.0,12.0
0.2,0.2,teacher,,810004,False,,False,0.010258881221977753,0.0024823306062722044,0.02290170563405295,0.017253365635348603,-0.0030614517568294257,0.0,12.0
0.2,1.0,passive,,810001,False,,False,0.020351196268284022,-0.0010458539382088444,0.056263186370978484,0.0,0.0,0.0,12.0
0.2,1.0,passive,,810002,False,,False,0.02195307826280214,-0.0018243451069146638,0.04331617607279011,0.0,0.0,0.0,12.0
0.2,1.0,passive,,810003,False,,False,0.020633543722292983,-0.007096812207834384,0.046047609929831014,0.0,0.0,0.0,12.0
0.2,1.0,passive,,810004,False,,False,0.030460706177482113,0.011349964773424754,0.06380479139424729,0.0,0.0,0.0,12.0
0.2,1.0,teacher,,810001,False,,False,0.006965642202560891,-0.00042382062458452645,0.01748120811209346,0.012803337246287157,0.000638679542690264,0.0,12.0
0.2,1.0,teacher,,810002,False,,False,0.007340663264894914,-0.0005267151859313284,0.01904970252190549,0.012151082995333077,0.0006672719483007859,0.0,12.0
0.2,1.0,teacher,,810003,False,,False,0.0069558028086564895,-0.0028948813815899564,0.020455364653788853,0.011511847053010405,0.003686020335751989,0.0,12.0
0.2,1.0,teacher,,810004,False,,False,0.011424193006238691,0.004762306588646421,0.022063463726017227,0.016316034778079677,-0.006288617714560917,0.0,12.0
0.5,0.01,passive,,810001,False,,False,0.0033746326735482834,0.00028762337962935934,0.00681477449356769,0.0,0.0,0.0,12.0
0.5,0.01,passive,,810002,False,,False,0.004484574387554786,-0.00013446990178208622,0.009963798449981182,0.0,0.0,0.0,12.0
0.5,0.01,passive,,810003,False,,False,0.0028817386505272436,-0.0008838458681025501,0.005591547725358865,0.0,0.0,0.0,12.0
0.5,0.01,passive,,810004,False,,False,0.004654215252037789,0.001152969599505908,0.010445522617151122,0.0,0.0,0.0,12.0
0.5,0.01,teacher,,810001,False,,False,0.0015700568821283162,-7.349408410466708e-05,0.003285421871129025,0.004468190147073517,0.00023040519491429197,0.0,12.0
0.5,0.01,teacher,,810002,False,,False,0.0015883056923382765,-3.7917415941148464e-05,0.003570341163625642,0.004192991341289957,7.068246810278506e-05,0.0,12.0
0.5,0.01,teacher,,810003,False,,False,0.001508398461669239,-0.00022993475847784758,0.003653002934329782,0.004023858998108992,0.00029892576776746366,0.0,12.0
0.5,0.01,teacher,,810004,False,,False,0.002072892675652895,0.0005703649579850687,0.004431672706600005,0.004831737229947246,-0.0009505851332633752,0.0,12.0
0.5,0.05,passive,,810001,False,,False,0.007472785355807158,0.0006975525838839905,0.015006736953280187,0.0,0.0,0.0,12.0
0.5,0.05,passive,,810002,False,,False,0.010034406089994927,-0.00032352931017904437,0.022175125883267813,0.0,0.0,0.0,12.0
0.5,0.05,passive,,810003,False,,False,0.00638894801241874,-0.001954233335669629,0.012358455063288592,0.0,0.0,0.0,12.0
0.5,0.05,passive,,810004,False,,False,0.010227634274196458,0.0024611999816267585,0.022907719602432028,0.0,0.0,0.0,12.0
0.5,0.05,teacher,,810001,False,,False,0.0034250141578073537,-0.00015797423258521106,0.007040872693260151,0.009536952435185746,0.0004980940928542273,0.0,12.0
0.5,0.05,teacher,,810002,False,,False,0.003495458225194965,-0.00010310692195722237,0.007797628691998605,0.008995023318288086,0.00016877051743155664,0.0,12.0
0.5,0.05,teacher,,810003,False,,False,0.003308040845403695,-0.0005280035067765562,0.00793372037583874,0.008626491762300098,0.0007170959896670288,0.0,12.0
0.5,0.05,teacher,,810004,False,,False,0.004592367189846187,0.0012812117393272327,0.009734530043574868,0.010534486576877496,-0.0021988063651975677,0.0,12.0
0.5,0.2,passive,,810001,False,,False,0.013650222188420841,0.0015798357593429285,0.027000641013523792,0.0,0.0,0.0,12.0
0.5,0.2,passive,,810002,False,,False,0.01903462632639224,-0.0008707041639479261,0.04047840792900211,0.0,0.0,0.0,12.0
0.5,0.2,passive,,810003,False,,False,0.011919237581539493,-0.0035985758966016,0.02232161301950343,0.0,0.0,0.0,12.0
0.5,0.2,passive,,810004,False,,False,0.018659750635589455,0.004381837608576831,0.0407657368333018,0.0,0.0,0.0,12.0
0.5,0.2,teacher,,810001,False,,False,0.005515242573067907,-0.00015112771070522777,0.010904535167069407,0.014588378691590517,0.0007375742385087689,0.0,12.0
0.5,0.2,teacher,,810002,False,,False,0.005985075762375168,-0.00022204797100732973,0.013775618817333605,0.014356574902394684,0.00040185747993681017,0.0,12.0
0.5,0.2,teacher,,810003,False,,False,0.005630667133690129,-0.0011509647880311225,0.012640419134667562,0.013633303286258443,0.0017217291442762643,0.0,12.0
0.5,0.2,teacher,,810004,False,,False,0.008235428378190282,0.0024511900260551483,0.017431610165683023,0.01800772974633219,-0.004561279174221793,0.0,12.0
0.5,1.0,passive,,810001,False,,False,0.013897515602029896,0.0010016821495072727,0.02877487157201264,0.0,0.0,0.0,12.0
0.5,1.0,passive,,810002,False,,False,0.023466877147416517,-0.0022736318859714905,0.05027168661608991,0.0,0.0,0.0,12.0
0.5,1.0,passive,,810003,False,,False,0.015237114029062667,-0.00626724460778696,0.030461370849147115,0.0,0.0,0.0,12.0
0.5,1.0,passive,,810004,False,,False,0.027261054957865984,0.009268224305563613,0.048415867609705836,0.0,0.0,0.0,12.0
0.5,1.0,teacher,,810001,False,,False,0.004712114895902919,-0.00014694269862331586,0.009771372803759738,0.011310268515005283,0.0004828572531469643,0.0,12.0
0.5,1.0,teacher,,810002,False,,False,0.006013934052673868,-0.0004674711320216661,0.014390603805660844,0.012874508684944306,0.0008316464862086499,0.0,12.0
0.5,1.0,teacher,,810003,False,,False,0.00583671381526139,-0.0026069363854690475,0.013155967502229372,0.012300728936503965,0.0043659681515555784,0.0,12.0
0.5,1.0,teacher,,810004,False,,False,0.010160464531024704,0.003989798474608907,0.018775915250189488,0.01995354262033201,-0.0076041420065018905,0.0,12.0
