tau,noise_tau,seed,performance_independent_tapes,best_epoch,validation_mse,performance_position_rms,performance_position_mean,performance_action_rms,performance_action_mean,performance_saturation_fraction,performance_task_failure,performance_censored,performance_failure_percent,performance_censored_percent,performance_saturation_percent,teacher_position_rms,passive_position_rms,ratio_to_teacher,ratio_to_passive,discovery_available,discovery_classifiable,candidate_selected,candidate_layer,candidate_head,candidate_prevalence_percent,calibration_available,calibration_available_percent,common_initial_epoch,common_initial_classifiable,common_initial_eligible_percent,common_epoch_025_epoch,common_epoch_025_classifiable,common_epoch_025_eligible_percent,common_selected_epoch,common_selected_classifiable,common_selected_eligible_percent,common_eligible_change_pp,confirmation_assay_available,response_raw_weak_percent,response_raw_weak_absolute,response_raw_weak_eligible,response_raw_strong_percent,response_raw_strong_absolute,response_raw_strong_eligible,response_centered_weak_percent,response_centered_weak_absolute,response_centered_weak_eligible,response_centered_strong_percent,response_centered_strong_absolute,response_centered_strong_eligible,confirmation_eligible_percent,confirmation_raw_eligible_percent,confirmation_alternative_matched_position_rms,confirmation_alternative_matched_action_rms,confirmation_alternative_matched_position_mean,confirmation_alternative_matched_action_mean,confirmation_alternative_matched_task_failure,confirmation_alternative_matched_censored,confirmation_alternative_matched_pulse_task_failure,confirmation_alternative_matched_pulse_censored,effect_alternative_matched_position_rms_percent,effect_alternative_matched_action_rms_percent,effect_alternative_matched_recovery_percent,effect_alternative_matched_position_mean,effect_alternative_matched_action_mean,effect_alternative_matched_task_failure,effect_alternative_matched_censored,alternative_matched_matched,alternative_matched_match_error_percent,alternative_matched_matched_percent,confirmation_centered_strong_position_rms,confirmation_centered_strong_action_rms,confirmation_centered_strong_position_mean,confirmation_centered_strong_action_mean,confirmation_centered_strong_task_failure,confirmation_centered_strong_censored,confirmation_centered_strong_pulse_task_failure,confirmation_centered_strong_pulse_censored,effect_centered_strong_position_rms_percent,effect_centered_strong_action_rms_percent,effect_centered_strong_recovery_percent,effect_centered_strong_position_mean,effect_centered_strong_action_mean,effect_centered_strong_task_failure,effect_centered_strong_censored,centered_strong_matched,centered_strong_match_error_percent,centered_strong_matched_percent,confirmation_centered_weak_position_rms,confirmation_centered_weak_action_rms,confirmation_centered_weak_position_mean,confirmation_centered_weak_action_mean,confirmation_centered_weak_task_failure,confirmation_centered_weak_censored,confirmation_centered_weak_pulse_task_failure,confirmation_centered_weak_pulse_censored,effect_centered_weak_position_rms_percent,effect_centered_weak_action_rms_percent,effect_centered_weak_recovery_percent,effect_centered_weak_position_mean,effect_centered_weak_action_mean,effect_centered_weak_task_failure,effect_centered_weak_censored,centered_weak_matched,centered_weak_match_error_percent,centered_weak_matched_percent,confirmation_gain_matched_position_rms,confirmation_gain_matched_action_rms,confirmation_gain_matched_position_mean,confirmation_gain_matched_action_mean,confirmation_gain_matched_task_failure,confirmation_gain_matched_censored,confirmation_gain_matched_pulse_task_failure,confirmation_gain_matched_pulse_censored,effect_gain_matched_position_rms_percent,effect_gain_matched_action_rms_percent,effect_gain_matched_recovery_percent,effect_gain_matched_position_mean,effect_gain_matched_action_mean,effect_gain_matched_task_failure,effect_gain_matched_censored,gain_matched_matched,gain_matched_match_error_percent,gain_matched_matched_percent,confirmation_native_position_rms,confirmation_native_action_rms,confirmation_native_position_mean,confirmation_native_action_mean,confirmation_native_task_failure,confirmation_native_censored,confirmation_native_pulse_task_failure,confirmation_native_pulse_censored,both_controls_matched,both_controls_matched_percent
0.05,0.01,11,4,50.0,0.0010390363848258438,0.01472042156804488,0.0005659827768734582,0.037307364517452625,0.00036458597104581175,0.0,0.0,0.0,0.0,0.0,0.0,0.015043603735354748,0.015571327296812234,0.9785169715318716,0.945354322560444,True,True,True,1,1,100.0,True,100.0,0,True,37.5,25,True,50.0,50,True,37.5,0.0,True,2.0964378942443407,0.00020270433700819972,True,-2.070235120635233,-0.00020020113775016252,False,2.0964378942443407,0.00020270433700819972,True,-2.070235120635233,-0.00020020113775016252,False,100.0,100.0,0.014367610459561538,0.03595895102569146,1.825776503388177e-06,0.00011765267427332563,0.0,0.0,0.0,0.0,1.7314506920555806,6.130002767531617,3.6276523233186087,8.352346988576615e-06,-4.6803733576674726e-05,0.0,0.0,True,0.30638556496937364,100.0,0.014098509001645186,0.03249843070470229,-1.4034186768520986e-05,0.00019953131815814764,0.0,0.0,0.0,0.0,-0.1739518642170368,-4.083449537606021,-0.03605641207180543,-7.5076162833325475e-06,3.5074910308147285e-05,0.0,0.0,,,,0.014177420033102567,0.035385250341408145,5.656403277859174e-07,0.00012941584918625454,0.0,0.0,0.0,0.0,0.38478639837438156,4.436770527046585,0.02878539731565599,7.092210812974356e-06,-3.5040558663745815e-05,0.0,0.0,,,,0.014109364949423523,0.03502136017673004,8.382197316567194e-07,0.00013750231725475595,0.0,0.0,0.0,0.0,-0.09708512849672113,3.362777457649968,-1.1014847890266966,7.364790216845158e-06,-2.69540905952444e-05,0.0,0.0,False,6.80429832730295,0.0,0.014123076356251681,0.03388198444171943,-6.5265704851884385e-06,0.00016445640785000035,0.0,0.0,0.0,0.0,False,0.0
0.05,0.01,22,4,50.0,0.000525990140781481,0.014744276739063667,7.257671781858466e-05,0.03756110973844821,-0.00013179853972462784,0.0,0.0,0.0,0.0,0.0,0.0,0.015043603735354748,0.015571327296812234,0.9801027066681092,0.946886315984259,True,True,True,0,3,100.0,True,100.0,0,True,62.5,25,True,50.0,50,True,37.5,-25.0,True,1.1826171436106758,0.00011675955663690771,True,-1.1824262040937117,-0.00011673148856433668,False,1.1826171436106758,0.00011675955663690771,True,-1.1824262040937117,-0.00011673148856433668,False,100.0,100.0,0.014048308113401803,0.034651877951150566,-0.0005001251433379874,-0.0003569171518453679,0.0,0.0,0.0,0.0,-0.7718590466722297,1.469794214617437,-2.5553152055439954,-5.230061733911551e-06,-1.8728627176965555e-05,0.0,0.0,True,0.8713314201439692,100.0,0.013936543863469953,0.03229517327872416,-0.00052090415743266,-0.00033462928658641733,0.0,0.0,0.0,0.0,-1.561289251096687,-5.431255664204349,-2.6343598756390696,-2.6009075828584095e-05,3.559238081984992e-06,0.0,0.0,,,,0.014436520828050112,0.036253572753490886,-0.0004768103280003451,-0.0003520812112675438,0.0,0.0,0.0,0.0,1.9702238901511349,6.159977015595985,3.065449043322732,1.8084753603730822e-05,-1.3892686599141469e-05,0.0,0.0,,,,0.014143104991967326,0.035298071934747585,-0.00048458260333312934,-0.00036120004064091674,0.0,0.0,0.0,0.0,-0.10227535358241502,3.3620198143597513,-1.1592804449774063,1.0312478270946561e-05,-2.3011515972514416e-05,0.0,0.0,True,2.6806000912391434,100.0,0.01415758471179004,0.03414994404922004,-0.0004948950816040759,-0.0003381885246684023,0.0,0.0,0.0,0.0,True,100.0
0.05,0.01,33,4,50.0,0.0007825203147935278,0.01506498019760906,-6.0419293517392254e-05,0.0390920352385543,-0.00025527725992208206,0.0,0.0,0.0,0.0,0.0,0.0,0.015043603735354748,0.015571327296812234,1.001420966852781,0.9674820848890104,True,True,True,1,3,100.0,True,100.0,0,True,62.5,25,True,50.0,50,True,50.0,-12.5,True,2.9648607836537777,0.00029499702524891404,True,-2.841454637809254,-0.0002826953906749814,False,2.9648607836537777,0.00029499702524891404,True,-2.841454637809254,-0.0002826953906749814,False,100.0,100.0,0.014235704465905389,0.03301531637230408,-0.0006567447797672286,-0.0004571199320099767,0.0,0.0,0.0,0.0,-0.6543368276058281,-6.500645918889525,-0.15288599830667327,-1.6632629789041595e-05,5.635698325947945e-05,0.0,0.0,True,0.9721287486830411,100.0,0.014230598995979752,0.03312785500065215,-0.0006517167824710818,-0.0004517271909954906,0.0,0.0,0.0,0.0,-0.6899659948721104,-6.181936598007609,-0.6798552737687591,-1.1604632492894884e-05,6.174972427396556e-05,0.0,0.0,,,,0.014545739072767398,0.03800740596057399,-0.000627804572287372,-0.0005747895443653537,0.0,0.0,0.0,0.0,1.5092788683273461,7.636948485925177,1.3890536097498574,1.230757769081492e-05,-6.131262909589755e-05,0.0,0.0,,,,0.014335067068315218,0.03714741540621283,-0.0006272480651128983,-0.0005529633388349956,0.0,0.0,0.0,0.0,0.03907765388899698,5.201455806046518,-1.469125809700389,1.2864084865288642e-05,-3.948642356553945e-05,0.0,0.0,True,2.9643257165708197,100.0,0.014329467448621508,0.03531074272840791,-0.000640112149978187,-0.0005134769152694562,0.0,0.0,0.0,0.0,True,100.0
0.05,0.05,11,4,49.0,0.00086855630815765,0.020384794558583913,0.0003868456233585705,0.042591588276671026,6.097641980482539e-05,0.0,0.0,0.0,0.0,0.0,0.0,0.0204627441919722,0.026965115204155732,0.99619065592293,0.7559691254514762,True,True,True,0,3,100.0,True,100.0,0,True,37.5,25,True,37.5,49,True,37.5,0.0,True,2.5228271718871764,0.0002557993584736424,True,-2.4509160121626627,-0.00024803020350797934,False,2.5228271718871764,0.0002557993584736424,True,-2.4509160121626627,-0.00024803020350797934,False,100.0,100.0,0.01871775249760032,0.03655727370488347,-0.0006604976928294541,7.894943830342562e-05,0.0,0.0,0.0,0.0,-1.3283444243068043,-4.31949838945711,-6.751240943861713,4.7755065857259986e-05,4.794162749717257e-05,0.0,0.0,True,1.5658858287744641,100.0,0.01884457044115069,0.0356445211390741,-0.0007315196423117792,5.253201805863818e-05,0.0,0.0,0.0,0.0,-0.6598167018452394,-6.708424435966009,-3.9206042153910103,-2.326688362506513e-05,2.1524207252385127e-05,0.0,0.0,,,,0.019217621068239633,0.04128940059249809,-0.0006813607380503903,-1.976634580632307e-06,0.0,0.0,0.0,0.0,1.306740073234236,8.065787174964512,5.52984914624528,2.6892020636323745e-05,-3.298444538688536e-05,0.0,0.0,,,,0.018827955889045976,0.03954904114833997,-0.0006929244187167799,2.985191221058125e-06,0.0,0.0,0.0,0.0,-0.7474012215695436,3.5107849080025177,-1.371008038661159,1.532833996993415e-05,-2.8022619585194928e-05,0.0,0.0,True,0.2572451348963454,100.0,0.01896973592709359,0.038207652645557706,-0.0007082527586867141,3.100781080625305e-05,0.0,0.0,0.0,0.0,True,100.0
0.05,0.05,22,4,45.0,0.00036849756054426906,0.020467131948984172,0.00016679443887608316,0.04210043832027206,-0.0001665424721108537,0.0,0.0,0.0,0.0,0.0,0.0,0.0204627441919722,0.026965115204155732,1.0002144266170172,0.7590226036130517,True,True,True,0,1,100.0,True,100.0,0,True,62.5,25,True,50.0,45,True,25.0,-37.5,True,1.867331030198327,0.00019364211249088808,True,-1.774654447051388,-0.00018404029521108464,False,1.867331030198327,0.00019364211249088808,True,-1.7746544470513992,-0.0001840402952110855,False,100.0,100.0,0.01886156287322412,0.03730324536141159,-0.0009706034808711839,-0.00018641196326741496,0.0,0.0,0.0,0.0,-1.534937079637022,-2.0784017648268094,-4.139687264384195,-3.339440517638708e-05,-4.221053619017954e-05,0.0,0.0,True,0.06587461238486128,100.0,0.01939972500169539,0.0379765208595865,-0.0009445819316846694,-0.00010057814320745102,0.0,0.0,0.0,0.0,1.2744890637556239,-0.31104312899965514,3.576913775931101,-7.372855989872581e-06,4.3623283869784394e-05,0.0,0.0,,,,0.01888869842322957,0.03813250302146947,-0.000931713555958511,-0.00017992881218000038,0.0,0.0,0.0,0.0,-1.3932784240619722,0.09841246768571565,-3.948504653887197,5.495519736285802e-06,-3.572738510276496e-05,0.0,0.0,,,,0.01903204642767856,0.03914900628198703,-0.0009232519513699799,-0.0001773441360176659,0.0,0.0,0.0,0.0,-0.6449432848983028,2.7667493085363315,-1.167691809678939,1.3957124324816923e-05,-3.314270894043048e-05,0.0,0.0,True,4.309967893524657,100.0,0.019155589113347807,0.03809501277932814,-0.0009372090756947968,-0.00014420142707723542,0.0,0.0,0.0,0.0,True,100.0
0.05,0.05,33,4,47.0,0.0005812220612671149,0.020474153943986627,0.00020027764712683336,0.041735044421760716,-0.00013583150355973083,0.0,0.0,0.0,0.0,0.0,0.0,0.0204627441919722,0.026965115204155732,1.000557586602627,0.7592830139598755,True,True,True,1,3,100.0,True,100.0,0,True,62.5,25,True,50.0,47,True,50.0,-12.5,True,2.7566840831867445,0.0002758043659201858,True,-2.6536157277214203,-0.00026579993760062186,False,2.7566840831867445,0.00027580436592018493,True,-2.6536157277214203,-0.00026579993760062186,False,100.0,100.0,0.019145538937448112,0.03966006007891398,-0.0009227481111855574,-0.00018353327748578985,0.0,0.0,0.0,0.0,-0.08941579051332527,5.235261066543595,0.3309297162950031,7.983935863104495e-06,-3.8238137773216266e-05,0.0,0.0,True,1.5096562729422809,100.0,0.019182149134214063,0.03587311863424336,-0.000925478240949741,-0.0001045423398754522,0.0,0.0,0.0,0.0,0.10163373589910929,-4.813129449776044,-1.335265140205033,5.253806098920889e-06,4.0752799837121386e-05,0.0,0.0,,,,0.01921679897200067,0.03984901154117926,-0.0009333223989975131,-0.00019789845362979858,0.0,0.0,0.0,0.0,0.2824531710340805,5.736630868324699,2.154990751638408,-2.5903519488511533e-06,-5.2603313917225e-05,0.0,0.0,,,,0.01900269513637995,0.03890585178965369,-0.0009182667880037821,-0.00017799134774054026,0.0,0.0,0.0,0.0,-0.8348431019121749,3.2340208752546173,-1.5942961394946442,1.2465259044879863e-05,-3.269620802796668e-05,0.0,0.0,True,1.8928026182198525,100.0,0.01916267339334626,0.03768704489062432,-0.0009307320470486619,-0.00014529513971257358,0.0,0.0,0.0,0.0,True,100.0
0.05,0.2,11,4,50.0,0.0010056707226199868,0.018782650990955354,0.0005946304103293683,0.023532268748177407,-7.575450258086032e-07,0.0,0.0,0.0,0.0,0.0,0.0,0.018850199826072972,0.025645470471878873,0.9964165454084902,0.7323964288957446,True,True,True,0,3,100.0,True,100.0,0,True,37.5,25,True,25.0,50,True,25.0,-12.5,True,2.360593551876211,0.00023717966693251498,True,-2.320444834459845,-0.00023367530091278257,False,2.360593551876222,0.00023717966693251585,True,-2.320444834459845,-0.00023367530091278257,False,100.0,100.0,0.0160107260493383,0.02205240347526035,-0.0016928496833297406,0.00021756268117662978,0.0,0.0,0.0,0.0,0.8774049071214263,2.8914085672202328,6.226585240359728,-8.611382572701375e-05,-9.160075946315383e-05,0.0,0.0,True,1.8130294038315082,100.0,0.01590071254404752,0.020306402691877137,-0.0016344863804877696,0.00028791635879634305,0.0,0.0,0.0,0.0,0.18425227405090006,-5.255026816265684,-3.220565454861113,-2.775052288504277e-05,-2.1247081843440562e-05,0.0,0.0,,,,0.01588665595979455,0.02279145422284601,-0.0015758285867900337,0.00032960807185055687,0.0,0.0,0.0,0.0,0.09568716232963848,6.339648234477102,4.604190852623069,3.0907270812693174e-05,2.044463121077326e-05,0.0,0.0,,,,0.015777938661675428,0.022084579659915234,-0.0015918687995793014,0.0003116235684913998,0.0,0.0,0.0,0.0,-0.5892985696711928,3.0415351946952773,-1.1460859100441256,1.486705802342548e-05,2.460127851616203e-06,0.0,0.0,True,3.7427508042846003,100.0,0.015871469001486997,0.02143269664818831,-0.0016067358576027269,0.0003091634406397836,0.0,0.0,0.0,0.0,True,100.0
0.05,0.2,22,4,47.0,0.0005951880672831594,0.018895011679633526,0.0006086242256645426,0.024099550930249798,1.584369275305371e-05,0.0,0.0,0.0,0.0,0.0,0.0,0.018850199826072972,0.025645470471878873,1.0023772614600388,0.7367777362615573,True,True,True,0,1,100.0,True,100.0,0,True,62.5,25,True,50.0,47,True,37.5,-25.0,True,1.842311716566647,0.0001895047676736053,True,-1.7402896602467466,-0.00017916671213391057,False,1.842311716566647,0.00018950476767360617,True,-1.7402896602467466,-0.00017916671213391057,False,100.0,100.0,0.015870903925298212,0.021599153977865125,-0.0016371882286686915,0.0002815632340459898,0.0,0.0,0.0,0.0,-0.3799235864349493,-0.2713413330744485,-2.379153723746774,-4.7577452905516945e-05,-5.673866672826057e-05,0.0,0.0,True,2.2985609958234896,100.0,0.016042836705035812,0.02153067702105937,-0.0015759660202397747,0.00037224704108407194,0.0,0.0,0.0,0.0,0.699281273986041,-0.587516450804948,3.3828936112498154,1.3644755523399858e-05,3.3945140309821556e-05,0.0,0.0,,,,0.015814361654369172,0.021736869225904478,-0.0016073485149322871,0.0003018699980915818,0.0,0.0,0.0,0.0,-0.734833765279197,0.3645241725385162,-3.6596836844576264,-1.773773916911251e-05,-3.6431902682668594e-05,0.0,0.0,,,,0.015862642530888996,0.022257011558656177,-0.0015775551570339917,0.00033630667355223046,0.0,0.0,0.0,0.0,-0.43177953277565573,2.766150514680099,-0.6550483301728582,1.2055618729182871e-05,-1.9952272220199237e-06,0.0,0.0,False,6.413752076175802,0.0,0.01593143119004585,0.02165792086906746,-0.0015896107757631746,0.0003383019007742504,0.0,0.0,0.0,0.0,False,0.0
0.05,0.2,33,4,50.0,0.0007877047537776178,0.0187844618273039,0.00047290787490033865,0.02346329688378436,-0.0001212154855279011,0.0,0.0,0.0,0.0,0.0,0.0,0.018850199826072972,0.025645470471878873,0.9965126099789062,0.7324670392731418,True,True,True,1,3,100.0,True,100.0,0,True,62.5,25,True,50.0,50,True,50.0,-12.5,True,2.4307849385454494,0.00024256155888565094,True,-2.3822851326754435,-0.0002379055675250999,False,2.4307849385454494,0.0002425615588856518,True,-2.3822851326754435,-0.0002379055675250999,False,100.0,100.0,0.01585263717473361,0.022258305778061045,-0.0017344919430469109,0.00016750453940525024,0.0,0.0,0.0,0.0,-0.21671487158043679,4.314444010456531,1.4828382715612376,6.858985502206094e-07,-6.69217194809664e-06,0.0,0.0,True,0.6610411485119216,100.0,0.01592514419425921,0.020575779584210082,-0.001726453938355011,0.00019143064332564897,0.0,0.0,0.0,0.0,0.23967535065125833,-3.570782573930964,-0.9859076923724008,8.723903242120398e-06,1.7233931972302082e-05,0.0,0.0,,,,0.015868373003211537,0.022219190907436265,-0.0017456349284419796,0.00015358320369315015,0.0,0.0,0.0,0.0,-0.11766683039725612,4.131130598265642,1.688147965808362,-1.045708684484811e-05,-2.061350766019673e-05,0.0,0.0,,,,0.015803480567785858,0.02183345179384604,-0.001725449936146926,0.0001751959604929154,0.0,0.0,0.0,0.0,-0.5261276003868942,2.3233487496169714,-1.0995629446752586,9.727905450205437e-06,9.99249139568522e-07,0.0,0.0,True,4.188131450650992,100.0,0.015887066811171337,0.02133770254848874,-0.0017351778415971315,0.00017419671135334688,0.0,0.0,0.0,0.0,True,100.0
0.05,1.0,11,4,49.0,0.0010707751223089272,0.015342300106681857,0.0005487753377278208,0.01103438088399002,-7.642014779978115e-05,0.0,0.0,0.0,0.0,0.0,0.0,0.01532748845515723,0.019220745659659574,1.0009663456324212,0.7982156560597031,True,True,True,1,1,100.0,True,100.0,0,True,37.5,25,True,37.5,49,True,37.5,0.0,True,2.2029368870697508,0.0002152853806596305,True,-2.141662393214511,-0.00020935408469627097,False,2.2029368870697508,0.0002152853806596305,True,-2.141662393214511,-0.0002093540846962701,False,100.0,100.0,0.014975349334734545,0.00937389659891119,-0.006859953224646102,0.0010319988310493497,0.0,0.0,0.0,0.0,0.2820498468879995,-4.132837069342998,-1.9840840235573198,-3.8932575310449656e-05,-3.8947673623023144e-05,0.0,0.0,True,1.0072433789957045,100.0,0.014949653944996966,0.009461635440089553,-0.006826437462200454,0.0010662377276482364,0.0,0.0,0.0,0.0,0.1099813163381036,-3.235528922849229,-1.2060725606420575,-5.416812864801786e-06,-4.708777024136409e-06,0.0,0.0,,,,0.01491951200675817,0.010137375479308569,-0.006816372970184929,0.0010763219927291652,0.0,0.0,0.0,0.0,-0.09186341431761669,3.6752877002083073,1.6658713955447713,4.647679150723491e-06,5.3754880567924174e-06,0.0,0.0,,,,0.01489174948590672,0.010024324611664755,-0.0067924557416695714,0.0011059759251462959,0.0,0.0,0.0,0.0,-0.27777443633583143,2.5191125884495014,-0.6406645258275612,2.8564907666081205e-05,3.502942047392305e-05,0.0,0.0,True,1.0638939308025315,100.0,0.014933230181871145,0.009778005640671302,-0.006821020649335653,0.0010709465046723728,0.0,0.0,0.0,0.0,True,100.0
0.05,1.0,22,4,47.0,0.0008427864362182931,0.015447740107075308,0.00022731545754581684,0.012175574515472307,-0.00039765081678827334,0.0,0.0,0.0,0.0,0.0,0.0,0.01532748845515723,0.019220745659659574,1.0078454896423437,0.8037013953884715,True,True,True,0,1,100.0,True,100.0,0,True,62.5,25,True,50.0,47,True,50.0,-12.5,True,1.857269594470845,0.00020038012478118712,True,-1.7013817437868006,-0.0001829180404524077,False,1.857269594470834,0.00020038012478118625,True,-1.7013817437868006,-0.0001829180404524077,False,100.0,100.0,0.015171381613863465,0.01041217779119047,-0.007235862634722584,0.0006687643907091707,0.0,0.0,0.0,0.0,0.21858128855813952,0.04399040639866403,-1.6558556515921863,-7.728882793842269e-05,-7.836977016214056e-05,0.0,0.0,True,4.3917576995160506,100.0,0.015162173995864163,0.010340730313350248,-0.007137543555833355,0.0007733251088342702,0.0,0.0,0.0,0.0,0.15775792807435352,-0.6425029411944005,3.125683649898492,2.1030250950807017e-05,2.6190947962958936e-05,0.0,0.0,,,,0.015119348859225203,0.010444068019769524,-0.007191277940214838,0.0007128185712982889,0.0,0.0,0.0,0.0,-0.12513485958866033,0.35040331885585196,-3.8108007149701972,-3.270413343067595e-05,-3.431558957302239e-05,0.0,0.0,,,,0.015102356387932416,0.010740382458409449,-0.007131994533168201,0.0007795628492410025,0.0,0.0,0.0,0.0,-0.23738313129473276,3.1975001943674863,0.23202980566698894,2.657927361596115e-05,3.2428688369691254e-05,0.0,0.0,True,2.1370198240723064,100.0,0.01513829213983851,0.010407599445897874,-0.007158573806784162,0.0007471341608713113,0.0,0.0,0.0,0.0,True,100.0
0.05,1.0,33,4,47.0,0.000830144180682461,0.015342378123824548,0.00041138165687950733,0.010884923854535787,-0.00021459816618718804,0.0,0.0,0.0,0.0,0.0,0.0,0.01532748845515723,0.019220745659659574,1.0009714356471955,0.7982197150667818,True,True,True,0,0,100.0,True,100.0,0,True,62.5,25,True,50.0,47,True,50.0,-12.5,True,3.226631761863452,0.00031420166803373343,True,-3.2453816240511637,-0.0003159961337979378,False,3.226631761863452,0.00031420166803373343,True,-3.245381624051152,-0.00031599613379793695,False,100.0,100.0,0.014929166261106946,0.010887254315668594,-0.006806614007198718,0.0010940538763731023,0.0,0.0,0.0,0.0,-0.4279722531224106,12.019280050402115,10.776158884378173,0.00012986316154873535,0.0001319216166353978,0.0,0.0,True,1.2890797961151161,100.0,0.015012720717946921,0.0090198039069548,-0.006942870875605253,0.0009570297578646011,0.0,0.0,0.0,0.0,0.1293051292401648,-7.1949721612770245,-4.216852347351885,-6.3937068577992265e-06,-5.102501873103398e-06,0.0,0.0,,,,0.01499018749834988,0.01065523927401681,-0.006921699789302658,0.0009772397526294186,0.0,0.0,0.0,0.0,-0.020983127163554105,9.632070458972542,7.435057291556957,1.4777379444795569e-05,1.5107492891714086e-05,0.0,0.0,,,,0.01491481029724734,0.010160234615810441,-0.006881658447451238,0.001019179805994891,0.0,0.0,0.0,0.0,-0.5237212324532781,4.538952963400611,-1.2597041036645718,5.4818721296215345e-05,5.704754625718658e-05,0.0,0.0,True,0.17275658375073996,100.0,0.014993333568598636,0.009719089705602436,-0.006936477168747453,0.0009621322597377045,0.0,0.0,0.0,0.0,True,100.0
0.1,0.01,11,4,48.0,0.0006916232928327082,0.006224115483468604,-3.7962075264039765e-05,0.013221075197299023,-0.00015758363323079222,0.0,0.0,0.0,0.0,0.0,0.0,0.006249336588186512,0.011988454449066405,0.9959641948610057,0.5191758045135922,True,True,True,1,1,100.0,True,100.0,0,True,50.0,25,True,62.5,48,True,87.5,37.5,True,2.1118896714151236,0.00010322514593830634,True,-2.094749945873553,-0.00010237924246362653,False,2.1118896714151236,0.00010322514593830634,True,-2.094749945873536,-0.00010237924246362566,False,100.0,100.0,0.006171779123088519,0.014260038164724919,-0.0004520290815839848,0.0001185999911870826,0.0,0.0,0.0,0.0,0.8794527089099002,-1.402736171275898,1.971322008913523,-6.151615306081886e-06,-6.250865574056077e-06,0.0,0.0,True,2.9839199218439507,100.0,0.006149986860298258,0.014214013043377464,-0.0004531256070733662,0.0001182728675891606,0.0,0.0,0.0,0.0,0.5232520899755455,-1.7209647047358945,1.435740879137959,-7.2481407954632965e-06,-6.57798917197808e-06,0.0,0.0,,,,0.006085725436028284,0.014713130793336728,-0.0004388357996039986,0.00013157012831626258,0.0,0.0,0.0,0.0,-0.5271188292296669,1.7300530208735232,-1.394678306204289,7.041666673904289e-06,6.719271555123902e-06,0.0,0.0,,,,0.006080741724039383,0.0146825781488321,-0.00043842222758704713,0.00013238070557514944,0.0,0.0,0.0,0.0,-0.6085789929640373,1.5188048379380925,-1.4864507559350426,7.455238690855779e-06,7.529848814010766e-06,0.0,0.0,False,5.4224910706690315,0.0,0.0061179744312227155,0.01446291470065174,-0.0004458774662779029,0.00012485085676113868,0.0,0.0,0.0,0.0,False,0.0
0.1,0.01,22,4,48.0,0.0002073139074898551,0.006233584379001518,1.0664258312091489e-05,0.013037762198614926,-0.00011182573623955301,0.0,0.0,0.0,0.0,0.0,0.0,0.006249336588186512,0.011988454449066405,0.9974793789768387,0.5199656390642545,True,True,True,1,1,100.0,True,100.0,0,True,87.5,25,True,50.0,48,True,37.5,-50.0,True,1.453305977483832,6.98877305035225e-05,True,-1.4510551860235255,-6.971733410154977e-05,False,1.453305977483832,6.988773050352294e-05,True,-1.4510551860235255,-6.971733410154977e-05,False,100.0,100.0,0.006061191142941269,0.014307449201923148,-0.00039656938323654237,0.00017606970170209736,0.0,0.0,0.0,0.0,-0.6872306561151564,0.5536827283829648,-1.408060341658146,5.30458535998046e-06,4.636899248459145e-06,0.0,0.0,True,0.576371696716105,100.0,0.006117610504097952,0.014040829997894513,-0.00040898636892405056,0.00016461173682554318,0.0,0.0,0.0,0.0,0.2372019956431215,-1.3201343631769724,0.8382204982293029,-7.1124003275277285e-06,-6.821065628095035e-06,0.0,0.0,,,,0.006088581000270811,0.01441609429153587,-0.00039474756503918827,0.00017831356864465527,0.0,0.0,0.0,0.0,-0.2384471547899114,1.317247478236916,-0.8204661943599478,7.126403557334562e-06,6.88076619101706e-06,0.0,0.0,,,,0.006076603459907792,0.0143888842621347,-0.0003978159140611422,0.0001752385335198304,0.0,0.0,0.0,0.0,-0.43469945492811135,1.1260136234231943,-1.0889725412988494,4.058054535380641e-06,3.805731066192184e-06,0.0,0.0,True,0.5523570795287074,100.0,0.00610313374904844,0.014228667527345201,-0.00040187396859652283,0.00017143280245363821,0.0,0.0,0.0,0.0,True,100.0
0.1,0.01,33,4,50.0,0.0003869323818771927,0.006238210068951052,0.0001464304649294602,0.013145007781418899,2.3343791641915524e-05,0.0,0.0,0.0,0.0,0.0,0.0,0.006249336588186512,0.011988454449066405,0.9982195679367801,0.5203514844598546,True,True,True,0,3,100.0,True,100.0,0,True,62.5,25,True,62.5,50,True,62.5,0.0,True,4.205425775045835,0.00020301433466809625,True,-4.061116775104379,-0.0001960543594617067,False,4.205425775045835,0.00020301433466809625,True,-4.061116775104379,-0.0001960543594617067,False,100.0,100.0,0.005992297617877978,0.01435211569601106,-0.00030192744893552787,0.00026981940146637173,0.0,0.0,0.0,0.0,-1.78985935744721,-0.3800002345329512,-2.5624121135862654,-3.6489397686225973e-05,-4.563896254224456e-05,0.0,0.0,True,0.006352991479371716,100.0,0.006122446480171297,0.013825356615901424,-0.0002823354759931941,0.00029533302758635627,0.0,0.0,0.0,0.0,0.3432019297893163,-4.036307119765514,1.859389579165005,-1.6897424743892223e-05,-2.012533642226002e-05,0.0,0.0,,,,0.006080275692874642,0.015014753615041544,-0.00024952976243744235,0.00033542666646166016,0.0,0.0,0.0,0.0,-0.34795181715664425,4.219460272655784,-1.709578191394423,1.5908288811859544e-05,1.9968302453043875e-05,0.0,0.0,,,,0.006024066602212777,0.014898884245748877,-0.00025497230219863505,0.00032676785875228336,0.0,0.0,0.0,0.0,-1.269184881886598,3.4151951185664498,-3.115302241263662,1.0465749050666846e-05,1.1309494743667078e-05,0.0,0.0,True,0.9994995181082723,100.0,0.006101505993854179,0.014406861804657597,-0.0002654380512493019,0.0003154583640086163,0.0,0.0,0.0,0.0,True,100.0
0.1,0.05,11,4,46.0,0.0006863098944165579,0.011563344636833735,0.0003918009719158552,0.02108158364441392,1.4223990341027124e-05,0.0,0.0,0.0,0.0,0.0,0.0,0.011517674434490418,0.02444805940750535,1.0039652277552276,0.47297597097967964,True,True,True,0,2,100.0,True,100.0,0,True,50.0,25,True,87.5,46,True,87.5,37.5,True,2.1745688068982028,0.00010607388825134177,True,-2.2101205922835376,-0.00010747121071543169,False,2.1745688068982028,0.00010607388825134177,True,-2.2101205922835376,-0.00010747121071543212,False,100.0,100.0,0.010923520289447828,0.021840715276072467,-0.00035534998409460607,0.0007665657441506777,0.0,0.0,0.0,0.0,0.8562218487298212,-1.1265909641730465,1.533506809266716,2.31134659561677e-05,2.3130957974988728e-05,0.0,0.0,True,0.230707639994011,100.0,0.010915820582891214,0.021755488240924332,-0.0003627644273946291,0.0007586200275511483,0.0,0.0,0.0,0.0,0.7851309099054404,-1.5124156681992962,1.5147194065526115,1.5699022656144688e-05,1.5185241375459358e-05,0.0,0.0,,,,0.010747315151133705,0.022411528173530378,-0.00039941320036810936,0.0007229015207286597,0.0,0.0,0.0,0.0,-0.7706698537429224,1.4574918545390503,-1.4093973136917737,-2.0949750317335585e-05,-2.0533265447029254e-05,0.0,0.0,,,,0.010723098747941005,0.022423772505064738,-0.00035340118274532987,0.0007702130702867488,0.0,0.0,0.0,0.0,-0.9942584834212731,1.5129222186486713,-1.8419906256243124,2.5062267305443905e-05,2.6778284111059853e-05,0.0,0.0,False,6.866199757640492,0.0,0.010830784744080118,0.022089574425575277,-0.0003784634500507738,0.000743434786175689,0.0,0.0,0.0,0.0,False,0.0
0.1,0.05,22,4,50.0,0.0003008023211004312,0.01157952855995669,0.00013661136137140792,0.02118110819574058,-0.00024169616142494878,0.0,0.0,0.0,0.0,0.0,0.0,0.011517674434490418,0.02444805940750535,1.0053703658510305,0.47363794266639714,True,True,True,0,3,100.0,True,100.0,0,True,87.5,25,True,50.0,50,True,50.0,-37.5,True,1.6710160017045395,8.247281613561926e-05,True,-1.7748532000397388,-8.759657261618896e-05,False,1.6710160017045395,8.247281613561926e-05,True,-1.77485320003975,-8.759657261618939e-05,False,100.0,100.0,0.010971931527900056,0.021930112543625636,-0.0006522499426778103,0.0004859593876065998,0.0,0.0,0.0,0.0,0.5476544428723917,-1.4848672127742324,1.225822539196586,-4.5398446103016386e-06,-1.3442624000534198e-06,0.0,0.0,True,0.0935547068545425,100.0,0.010947484938975634,0.021884786215440735,-0.0006713928939835194,0.00046076309530625073,0.0,0.0,0.0,0.0,0.3236239547829367,-1.6884835522257502,0.5664987031584134,-2.3682795916010746e-05,-2.65405547004025e-05,0.0,0.0,,,,0.010878746141687216,0.022613902058830255,-0.0006295311458484299,0.0005082003204244271,0.0,0.0,0.0,0.0,-0.30630385865625387,1.5868732880959469,-0.5018541877482852,1.8178952219078748e-05,2.089667041777388e-05,0.0,0.0,,,,0.010830783173894274,0.022529328033658168,-0.000632213189258782,0.000504379903059454,0.0,0.0,0.0,0.0,-0.745840315791102,1.2069472250808122,-1.3541324674319344,1.5496908808726667e-05,1.707625305280081e-05,0.0,0.0,True,1.9215061849221036,100.0,0.01091217054111781,0.022260653691642044,-0.0006477100980675087,0.00048730365000665323,0.0,0.0,0.0,0.0,True,100.0
0.1,0.05,33,4,49.0,0.00035189677781038325,0.011516346234265763,0.00014807021388959986,0.02108810060944869,-0.00023002792421418017,0.0,0.0,0.0,0.0,0.0,0.0,0.011517674434490418,0.02444805940750535,0.9998846815620455,0.4710535933469771,True,True,True,0,3,100.0,True,100.0,0,True,62.5,25,True,62.5,49,True,62.5,0.0,True,3.9371596094862626,0.00019228303699738488,True,-3.8375055642227265,-0.0001874160821060543,False,3.9371596094862626,0.00019228303699738488,True,-3.837505564222737,-0.00018741608210605474,False,100.0,100.0,0.010646715359569976,0.022559089344331283,-0.0006427256550488492,0.0004879899691881999,0.0,0.0,0.0,0.0,-1.4905430410527387,1.9342499904592358,-2.546614999717589,-1.8459666907442106e-05,-1.8520152249211074e-05,0.0,0.0,True,0.2896699524280807,100.0,0.010893739964300412,0.021386638325683008,-0.0006677730454447315,0.0004584087816711371,0.0,0.0,0.0,0.0,0.7950688914218684,-3.3635221585966546,1.609295352299922,-4.350705730332444e-05,-4.8101339766273865e-05,0.0,0.0,,,,0.01072334890292787,0.022905985671722535,-0.0005818236488288677,0.0005542833026992369,0.0,0.0,0.0,0.0,-0.7814859764022297,3.5017164966352876,-1.4215315974890674,4.2442339312539394e-05,4.777318126182595e-05,0.0,0.0,,,,0.010644736604481427,0.022643765178779335,-0.0005944049469412929,0.0005399363461571443,0.0,0.0,0.0,0.0,-1.5088516069009295,2.316861519897917,-2.7214013784310542,2.9861041200114125e-05,3.34262247197333e-05,0.0,0.0,False,5.856835989231265,0.0,0.010807810425761333,0.022131020090345246,-0.0006242659881414071,0.000506510121437411,0.0,0.0,0.0,0.0,False,0.0
0.1,0.2,11,4,49.0,0.0006699689008571484,0.012475502992836042,0.00022249494140686745,0.017658777863850866,-0.00045045023784041633,0.0,0.0,0.0,0.0,0.0,0.0,0.01252248858598148,0.029181489235983123,0.9962479028970298,0.42751426741623394,True,True,True,1,1,100.0,True,100.0,0,True,50.0,25,True,62.5,49,True,62.5,12.5,True,1.917974148424073,9.637222766457638e-05,True,-1.905593579552245,-9.560321929258419e-05,False,1.917974148424073,9.637222766457638e-05,True,-1.905593579552245,-9.560321929258419e-05,False,100.0,100.0,0.010470637138139054,0.01721151778778108,-0.0011910571124966816,0.0007874729506234922,0.0,0.0,0.0,0.0,-0.9769773512672941,0.2667834914839462,-2.132179966255221,1.5723771550496925e-05,1.8436693604845797e-05,0.0,0.0,True,1.0346284059947082,100.0,0.010662211789645704,0.017018399056132696,-0.001237804033142454,0.0007361514984466674,0.0,0.0,0.0,0.0,0.8347845123892306,-0.8582418719436213,1.341007548589901,-3.102314909527544e-05,-3.2884758571979054e-05,0.0,0.0,,,,0.010486547129376345,0.017310641564649176,-0.0011762772554049956,0.0008015585038480209,0.0,0.0,0.0,0.0,-0.8265132102750705,0.8442353116335566,-1.3100016791320668,3.050362864218288e-05,3.252224682937443e-05,0.0,0.0,,,,0.01047892778594529,0.01730091605587472,-0.0011723106832251357,0.0008058410250271371,0.0,0.0,0.0,0.0,-0.898570947276911,0.7875787462651607,-1.4746540954279186,3.447020082204279e-05,3.680476800849066e-05,0.0,0.0,True,1.410377039484638,100.0,0.010573942158160385,0.017165722474026427,-0.0012067808840471785,0.0007690362570186465,0.0,0.0,0.0,0.0,True,100.0
0.1,0.2,22,4,42.0,0.00033993755348425345,0.012599520926731065,0.0003227213711193484,0.017393895686582426,-0.0003552447487082756,0.0,0.0,0.0,0.0,0.0,0.0,0.01252248858598148,0.029181489235983123,1.0061515201407984,0.43176415106309385,True,True,True,0,3,100.0,True,100.0,0,True,87.5,25,True,50.0,42,True,50.0,-37.5,True,1.597576135392198,7.811550927444826e-05,True,-1.701602756210402,-8.321993325223574e-05,False,1.597576135392198,7.811550927444826e-05,True,-1.701602756210402,-8.321993325223574e-05,False,100.0,100.0,0.010584664467341314,0.017152148068378583,-0.0011240839815238827,0.0008458568461569462,0.0,0.0,0.0,0.0,-0.853167462447002,1.345414239406395,-1.1786937194766312,-6.946820978828618e-06,-1.0777265297143529e-05,0.0,0.0,True,0.08797407991040254,100.0,0.010741293257126338,0.016665204809660904,-0.001177951919500807,0.0007892996283052301,0.0,0.0,0.0,0.0,0.6139785618120008,-1.5317452900644124,0.3706886891507555,-6.0814758955753025e-05,-6.733448314885963e-05,0.0,0.0,,,,0.010617787997830254,0.01716667979608029,-0.0010640579998552528,0.0009160533597813335,0.0,0.0,0.0,0.0,-0.5428984746512655,1.4312766023986123,-0.29555404470812396,5.307916068980124e-05,5.941924832724376e-05,0.0,0.0,,,,0.010560168224273374,0.017109286981863925,-0.0010742271614131377,0.0009028938468157628,0.0,0.0,0.0,0.0,-1.0826244203647528,1.092164643480431,-1.7049189365521689,4.2909999131916354e-05,4.625973536167302e-05,0.0,0.0,False,5.706275794200032,0.0,0.010675746462532982,0.016924444186354977,-0.001117137160545054,0.0008566341114540898,0.0,0.0,0.0,0.0,False,0.0
0.1,0.2,33,4,50.0,0.00040317161215676204,0.012545168716946895,0.00028634847878879774,0.017351360707081216,-0.0003903270728834404,0.0,0.0,0.0,0.0,0.0,0.0,0.01252248858598148,0.029181489235983123,1.0018111520573318,0.42990159328392646,True,True,True,0,3,100.0,True,100.0,0,True,62.5,25,True,75.0,50,True,75.0,12.5,True,3.8196838604696803,0.00018613830332449548,True,-3.7242199590484972,-0.00018148655632379326,False,3.8196838604696803,0.00018613830332449548,True,-3.7242199590484857,-0.00018148655632379282,False,100.0,100.0,0.010482058337875404,0.016958301953542622,-0.001214019243989512,0.0007627317448131356,0.0,0.0,0.0,0.0,-1.0614870561077572,0.7327813483310353,-2.661685360377042,-5.748869488700825e-05,-5.615955732605278e-05,0.0,0.0,True,0.46578938404302755,100.0,0.010740649092605421,0.01643209226611149,-0.0012324509992781005,0.0007355935189669093,0.0,0.0,0.0,0.0,1.379310725142946,-2.3929187089380077,1.7906540521127834,-7.592045017559682e-05,-8.329778317227917e-05,0.0,0.0,,,,0.010451072915031029,0.01725109093555903,-0.0010823438838226044,0.0009009011541159962,0.0,0.0,0.0,0.0,-1.3539536271134578,2.471955977221163,-1.6306647231166704,7.418666527989927e-05,8.200985197680775e-05,0.0,0.0,,,,0.010415929580587173,0.017109599277556443,-0.001093521142454229,0.0008882115273115547,0.0,0.0,0.0,0.0,-1.6856660768716503,1.6314916260595336,-2.752830564410924,6.300940664827467e-05,6.932022517236631e-05,0.0,0.0,True,4.665683859505922,100.0,0.010594517772689539,0.016834938663017062,-0.0011565305491025037,0.0008188913021391884,0.0,0.0,0.0,0.0,True,100.0
0.1,1.0,11,4,49.0,0.0006861821000958666,0.010171560426489826,0.000479285769554659,0.010912828401498147,-0.00018428868200216037,0.0,0.0,0.0,0.0,0.0,0.0,0.010197869277093785,0.02134425290208658,0.9974201620074642,0.4765479716320017,True,True,True,1,1,100.0,True,100.0,0,True,50.0,25,True,37.5,49,True,50.0,0.0,True,1.8265187494009516,9.250160732226283e-05,True,-1.8150649127960272,-9.187634998869152e-05,False,1.8265187494009516,9.250160732226327e-05,True,-1.8150649127960272,-9.187634998869152e-05,False,100.0,100.0,0.009883355939902217,0.010674378754760763,-0.004358559884371062,0.003543067648928193,0.0,0.0,0.0,0.0,0.5398390182621338,-0.16497085246730547,2.641291957790437,-2.6966907231785152e-05,-2.9277429063292136e-05,0.0,0.0,True,0.4764404112728311,100.0,0.009898742692495991,0.010613073398410142,-0.004398130977651755,0.0035050621903269016,0.0,0.0,0.0,0.0,0.6963629397113591,-0.7383458636766815,1.3344156804450336,-6.653800051247775e-05,-6.728288766458344e-05,0.0,0.0,,,,0.009763236524426781,0.010769224670086203,-0.004266386020974463,0.0036385172927272677,0.0,0.0,0.0,0.0,-0.6820927595978854,0.7221013545982924,-1.3091855540224406,6.520695616481394e-05,6.617221473578273e-05,0.0,0.0,,,,0.009747687241544886,0.010785682914682553,-0.004249767963558454,0.003655480487520496,0.0,0.0,0.0,0.0,-0.8402700434376298,0.8760315613806746,-1.4134243351489273,8.182501358082288e-05,8.31354095290112e-05,0.0,0.0,False,5.1502529561413315,0.0,0.00983028820854487,0.010692017467122228,-0.004331592977139277,0.003572345077991485,0.0,0.0,0.0,0.0,False,0.0
0.1,1.0,22,4,49.0,0.00022252696593111926,0.010169187454581372,0.00036831160785771194,0.010863432686134218,-0.00029533675406128183,0.0,0.0,0.0,0.0,0.0,0.0,0.010197869277093785,0.02134425290208658,0.9971874690944669,0.47643679547983847,True,True,True,0,3,100.0,True,100.0,0,True,87.5,25,True,37.5,49,True,37.5,-50.0,True,1.5738112535827797,7.929728728254181e-05,True,-1.6914700943610528,-8.520095173168013e-05,False,1.5738112535827797,7.929728728254181e-05,True,-1.6914700943610528,-8.520095173168013e-05,False,100.0,100.0,0.009995122842166464,0.010390559092695734,-0.004623715046082457,0.003282890773259623,0.0,0.0,0.0,0.0,1.0441008429900478,-1.739765439449037,-1.2505782401376453,-0.00015265863672176468,-0.00015289307397552002,0.0,0.0,True,0.3376411721750984,100.0,0.009935330099736031,0.010485281136350852,-0.004539002891685197,0.003363490390831318,0.0,0.0,0.0,0.0,0.4396356461911388,-0.8440089989559141,0.7535469964934594,-6.794648232450514e-05,-7.229345640382507e-05,0.0,0.0,,,,0.009864794757471764,0.010647880829610296,-0.00442199134617962,0.0034892956803593894,0.0,0.0,0.0,0.0,-0.2734301509272341,0.6936449286732538,-0.6729960231526944,4.90650631810724e-05,5.351183312424625e-05,0.0,0.0,,,,0.009761166948063102,0.010726899190465104,-0.004340764231132789,0.0035682572747270276,0.0,0.0,0.0,0.0,-1.3210389686851398,1.4408966023239822,-2.0124973514839772,0.00013029217822790352,0.00013247342749188448,0.0,0.0,False,8.963437655747173,0.0,0.009891842036080503,0.01057453113069128,-0.004471056409360692,0.003435783847235143,0.0,0.0,0.0,0.0,False,0.0
0.1,1.0,33,4,50.0,0.0004187089548189454,0.010245288133573664,0.00039983120559221796,0.010764275234068279,-0.0002653202992061996,0.0,0.0,0.0,0.0,0.0,0.0,0.010197869277093785,0.02134425290208658,1.004649878831688,0.4800021898434356,True,True,True,0,3,100.0,True,100.0,0,True,62.5,25,True,62.5,50,True,62.5,0.0,True,3.5883515099660257,0.0001753265508163582,True,-3.507870845584038,-0.000171076883553153,False,3.588351509966037,0.0001753265508163582,True,-3.507870845584027,-0.000171076883553153,False,100.0,100.0,0.0098595295600895,0.010456166388476181,-0.004326375087682063,0.003573960227233421,0.0,0.0,0.0,0.0,-0.37513461991280916,-0.15274595273433444,2.7579383657894585,0.00011384855247422929,0.00011013407799700904,0.0,0.0,True,0.047692258815537125,100.0,0.010036807501685637,0.010272353740752376,-0.004593631123579439,0.003305765138752698,0.0,0.0,0.0,0.0,1.4161568366152455,-1.907996151756275,2.057468156618114,-0.0001534074834231465,-0.00015806101048371386,0.0,0.0,,,,0.009763431667204548,0.010671999367910348,-0.004292529269469166,0.0036165606493340366,0.0,0.0,0.0,0.0,-1.3461484582126593,1.9082704397641814,-1.9504648707474037,0.00014769437068712626,0.00015273450009762463,0.0,0.0,,,,0.009720198272025598,0.010683806792513073,-0.0042612066835902174,0.0036469487145853537,0.0,0.0,0.0,0.0,-1.7829970064498823,2.021021029239467,-2.664521609890136,0.0001790169565660752,0.00018312256534894168,0.0,0.0,True,0.38690681037848934,100.0,0.00989665534048511,0.01047216219238883,-0.004440223640156293,0.003463826149236412,0.0,0.0,0.0,0.0,True,100.0
0.2,0.01,11,4,50.0,0.00043833982429386655,0.003489332055690914,2.616114669341368e-06,0.007932671449527882,-0.00016237593152456872,0.0,0.0,0.0,0.0,0.0,0.0,0.0035032697934924127,0.008797700772796188,0.9960215060149267,0.39661863318657675,True,True,True,1,2,100.0,True,100.0,0,True,62.5,25,True,50.0,50,True,25.0,-37.5,True,1.8903592767675392,5.521252903282754e-05,True,-1.84784910236791,-5.397549051138124e-05,False,1.8903592767675503,5.5212529032827974e-05,True,-1.84784910236791,-5.3975490511381456e-05,False,100.0,100.0,0.0028350735112403396,0.006734294972593301,-0.0002486870212902765,6.339406843478927e-05,0.0,0.0,0.0,0.0,0.9693026442915142,-1.1135140549549227,1.8138464595476744,-1.1628898029398963e-05,-1.525425103311354e-05,0.0,0.0,True,0.007046838653822476,100.0,0.0028422524384656487,0.006757565770597827,-0.00023881212909566377,7.375201945115646e-05,0.0,0.0,0.0,0.0,1.2249754770416121,-0.7718053164500471,2.168602785664109,-1.7540058347862374e-06,-4.896300016746352e-06,0.0,0.0,,,,0.002774326078727105,0.006864471782450219,-0.00023541694786968358,8.349717179155246e-05,0.0,0.0,0.0,0.0,-1.1941777289595668,0.7980041263358162,-2.10977458167928,1.6411753911939526e-06,4.848852323649652e-06,0.0,0.0,,,,0.002776934350898267,0.006883795403931749,-0.0002289839249823575,8.85006600990897e-05,0.0,0.0,0.0,0.0,-1.1012858088084276,1.0817524670035938,-1.9451616450164688,8.074198278520018e-06,9.852340631186885e-06,0.0,0.0,True,0.4042599626187509,100.0,0.0028078568802521347,0.006810126690451717,-0.00023705812326087753,7.864831946790281e-05,0.0,0.0,0.0,0.0,True,100.0
0.2,0.01,22,4,47.0,0.0002906167335471008,0.003572256847103715,-1.5992367043892532e-05,0.007961018011275566,-0.00017670926068806035,0.0,0.0,0.0,0.0,0.0,0.0,0.0035032697934924127,0.008797700772796188,1.0196921897763773,0.40604436765452057,True,True,True,0,3,100.0,True,100.0,0,True,75.0,25,True,75.0,47,True,62.5,-12.5,True,2.813227218769232,8.280884094116455e-05,True,-2.8575536102645014,-8.411469776243565e-05,False,2.813227218769232,8.280884094116455e-05,True,-2.857553610264496,-8.411469776243544e-05,False,100.0,100.0,0.0029084065673731854,0.006690533134200193,-0.00029134406012801007,5.738992444203822e-05,0.0,0.0,0.0,0.0,0.940670289225265,-1.7335835033375657,1.554788821352382,-2.389011334777766e-05,-1.854318614774475e-05,0.0,0.0,True,0.0904404307869417,100.0,0.0029253895090562763,0.006693932504476501,-0.0002763411177241031,7.057145117003202e-05,0.0,0.0,0.0,0.0,1.5300890920174615,-1.6836556532398572,2.564890086144067,-8.88717094387067e-06,-5.361659419750946e-06,0.0,0.0,,,,0.0028390182940477154,0.006925840365589658,-0.0002602961964140898,7.937251605981136e-05,0.0,0.0,0.0,0.0,-1.467555196942183,1.7224637115243135,-2.429192705546468,7.157750366142634e-06,3.4394054700283944e-06,0.0,0.0,,,,0.002831965436286193,0.006937531973536781,-0.00025424399012697203,9.040132832403054e-05,0.0,0.0,0.0,0.0,-1.7123353449067236,1.8941828246357817,-2.930998333045509,1.3209956653260381e-05,1.4468217734247567e-05,0.0,0.0,True,4.290196706145954,100.0,0.002881303006052693,0.006808565299038286,-0.0002674539467802324,7.593311058978297e-05,0.0,0.0,0.0,0.0,True,100.0
0.2,0.01,33,4,50.0,0.0006170087635762407,0.0035202148925416437,0.00022753546145634445,0.007950822061882707,6.277356160959779e-05,0.0,0.0,0.0,0.0,0.0,0.0,0.0035032697934924127,0.008797700772796188,1.0048369380744548,0.4001289636295288,True,True,True,0,3,100.0,True,100.0,0,True,50.0,25,True,50.0,50,True,50.0,0.0,True,3.601417765628978,0.00010616997527856508,True,-3.5096032804038613,-0.00010338939027073886,False,3.601417765628978,0.00010616997527856508,True,-3.5096032804038613,-0.00010338939027073907,False,100.0,100.0,0.002818814888649036,0.006974887920868079,3.0642994494696984e-05,0.00035174966287509146,0.0,0.0,0.0,0.0,-0.21148201380114529,2.140184895915054,-0.1500578565956756,4.189242065785513e-05,2.481496623427164e-05,0.0,0.0,True,1.1670998124729848,100.0,0.0028744500000087857,0.006669005566634771,-3.3549800935212006e-05,0.00030515022887993564,0.0,0.0,0.0,0.0,1.7580496971822956,-2.3391530622351664,3.147531951590521,-2.2300374772053858e-05,-2.1784467760884178e-05,0.0,0.0,,,,0.002776677329094724,0.00699486542495643,1.095249683737197e-05,0.0003488215593189136,0.0,0.0,0.0,0.0,-1.7031885591341833,2.432735254357099,-3.0269218933443365,2.220192300053012e-05,2.188686267809377e-05,0.0,0.0,,,,0.0027736837087207144,0.006983355558087953,4.2458070490372836e-06,0.0003462677913688828,0.0,0.0,0.0,0.0,-1.8091653445338474,2.2641848857474,-3.268252164274821,1.5495233212195432e-05,1.9333094728062972e-05,0.0,0.0,True,3.574264289376049,100.0,0.0028247888089077437,0.006828740253383886,-1.1249426163158148e-05,0.0003269346966408198,0.0,0.0,0.0,0.0,True,100.0
0.2,0.05,11,4,50.0,0.00048615194765138037,0.007323076790991284,4.2914423400971635e-05,0.015791046138224574,-0.0002648501993260465,0.0,0.0,0.0,0.0,0.0,0.0,0.007346442801816615,0.019013518170254852,0.9968194115906609,0.38515106596356585,True,True,True,0,3,100.0,True,100.0,0,True,62.5,25,True,37.5,50,True,37.5,-25.0,True,2.337546282036873,6.857802955430228e-05,True,-2.2139083629764524,-6.49509903788599e-05,False,2.337546282036884,6.857802955430228e-05,True,-2.2139083629764524,-6.49509903788599e-05,False,100.0,100.0,0.00585578969958171,0.013070537146534264,-0.0003758082293001076,0.0002482750182575943,0.0,0.0,0.0,0.0,1.0554019179696672,0.10949809795230969,1.5500375124159582,2.2510553951439298e-05,2.8932309669947142e-05,0.0,0.0,True,0.7729696955615541,100.0,0.005861524483970017,0.01289308678214902,-0.00041843674262558863,0.00019994457527319483,0.0,0.0,0.0,0.0,1.1543690890951197,-1.2496248452555592,1.764523389497774,-2.011795937404174e-05,-1.939813331445231e-05,0.0,0.0,,,,0.005727183987983114,0.013238833732615708,-0.00037602680881150085,0.00023955054984090544,0.0,0.0,0.0,0.0,-1.1639916294917452,1.3985106745073361,-1.7492394245543275,2.2291974440046035e-05,2.0207841253258303e-05,0.0,0.0,,,,0.005709644491842715,0.01319121597442247,-0.0003729781333697359,0.0002451941166073088,0.0,0.0,0.0,0.0,-1.4666768218977055,1.0337980525368717,-2.4498328311936657,2.5340649881811016e-05,2.5851408019661644e-05,0.0,0.0,False,5.234685805601215,0.0,0.005794633031428708,0.013056240811181946,-0.0003983187832515469,0.00021934270858764714,0.0,0.0,0.0,0.0,False,0.0
0.2,0.05,22,4,47.0,0.0002790144932122878,0.0074413144336825275,7.034390066740508e-05,0.015663314858782258,-0.00023000475950539186,0.0,0.0,0.0,0.0,0.0,0.0,0.007346442801816615,0.019013518170254852,1.012913955015406,0.3913696753567615,True,True,True,0,3,100.0,True,100.0,0,True,75.0,25,True,62.5,47,True,62.5,-12.5,True,2.6323717465292273,7.744985989323241e-05,True,-2.690438367842524,-7.91582866530847e-05,False,2.6323717465292273,7.744985989323262e-05,True,-2.690438367842524,-7.91582866530847e-05,False,100.0,100.0,0.005938299307665478,0.012764089330695434,-0.00044451681189286603,0.00021650163897086392,0.0,0.0,0.0,0.0,0.8204203648735975,-1.770284389815413,1.2199955185004496,-5.1731501441624236e-05,-5.3019531635352835e-05,0.0,0.0,True,1.0086618532013834,100.0,0.005977628761163117,0.01279300218324143,-0.00042126962540204514,0.00025197935435884716,0.0,0.0,0.0,0.0,1.488155658922219,-1.5477772285530378,2.3077564730237032,-2.8484314950803346e-05,-1.7541816247369595e-05,0.0,0.0,,,,0.005806289838705856,0.013200549903580383,-0.00036835906510431003,0.0002829046640891317,0.0,0.0,0.0,0.0,-1.4208358371289864,1.5886233112176518,-2.1731816733638776,2.4426245346931762e-05,1.3383493482914963e-05,0.0,0.0,,,,0.005782356456130434,0.013199279496640248,-0.0003610246792677736,0.0003014410231883337,0.0,0.0,0.0,0.0,-1.827176704604716,1.5788465297171816,-2.954972455957694,3.176063118346821e-05,3.191985258211693e-05,0.0,0.0,False,6.386137677251711,0.0,0.0058899767390123035,0.012994122248453335,-0.0003927853104512418,0.00026952117060621676,0.0,0.0,0.0,0.0,False,0.0
0.2,0.05,33,4,49.0,0.0006904568937089709,0.007412504072100345,0.0002207672185353682,0.01567517163581616,-8.194844930484589e-05,0.0,0.0,0.0,0.0,0.0,0.0,0.007346442801816615,0.019013518170254852,1.0089922799463429,0.3898544186155207,True,True,True,0,3,100.0,True,100.0,0,True,50.0,25,True,62.5,49,True,50.0,0.0,True,2.9808991565392406,8.781146072931053e-05,True,-2.936431988661675,-8.642562998977823e-05,False,2.9808991565392295,8.781146072931031e-05,True,-2.936431988661675,-8.642562998977801e-05,False,100.0,100.0,0.0059988000223736284,0.012925034351939885,-0.0002151499545581781,0.0004289676270934149,0.0,0.0,0.0,0.0,2.1607694911472075,-0.4531921948413342,3.6878790415623364,2.857449057343329e-07,-3.471211085809213e-06,0.0,0.0,True,1.8865095566426224,100.0,0.005976808705919261,0.012782117082741701,-0.00025371392646375893,0.0003958729004952873,0.0,0.0,0.0,0.0,1.7862529540527472,-1.5539210239894352,2.8789039204414557,-3.827822699984651e-05,-3.6565937683936804e-05,0.0,0.0,,,,0.005770696398555453,0.013193424800352665,-0.00017731345157891097,0.00046897569033100357,0.0,0.0,0.0,0.0,-1.723881046638731,1.6139135208875555,-2.7593262360390947,3.812224788500145e-05,3.653685215177947e-05,0.0,0.0,,,,0.005770182045233956,0.01318934022121159,-0.00018306100421516485,0.0004671770947907749,0.0,0.0,0.0,0.0,-1.7326405870332295,1.5824546633209202,-2.8452942436623885,3.237469524874757e-05,3.473825661155078e-05,0.0,0.0,True,0.4178287994719769,100.0,0.005871921337567311,0.012983876265764185,-0.00021543569946391242,0.0004324388381792241,0.0,0.0,0.0,0.0,True,100.0
0.2,0.2,11,4,45.0,0.000500471534307111,0.009810979008170566,0.0001898264632581555,0.01880533284611275,-0.00028734396056582644,0.0,0.0,0.0,0.0,0.0,0.0,0.009813943917299922,0.02876791123062728,0.9996978881116154,0.34103897670976785,True,True,True,1,2,100.0,True,100.0,0,True,62.5,25,True,25.0,45,True,25.0,-37.5,True,1.675310194114199,5.016668237806023e-05,True,-1.6185160165936185,-4.8465996241166525e-05,False,1.675310194114199,5.016668237806023e-05,True,-1.6185160165936185,-4.8465996241166525e-05,False,100.0,100.0,0.0075509136881939404,0.015105616729669747,-0.0007707198585980796,0.000867193430469896,0.0,0.0,0.0,0.0,-0.8488868774780944,0.4623138676507432,-1.254606060303498,4.79926777689967e-05,4.551191112047977e-05,0.0,0.0,True,0.667481924125403,100.0,0.007706052758559019,0.01505647672119658,-0.0008250596431326984,0.000815238666005663,0.0,0.0,0.0,0.0,1.1882456008789566,0.13550040196856905,2.2888808550994844,-6.347106765622139e-06,-6.442853343753248e-06,0.0,0.0,,,,0.00752753757235973,0.01501813725072727,-0.0008130405155479801,0.000827582131803584,0.0,0.0,0.0,0.0,-1.1558388572188938,-0.11948236270348245,-2.226814821316059,5.672020819096199e-06,5.900612454167765e-06,0.0,0.0,,,,0.007536646003665782,0.015088030446400644,-0.000786335112160062,0.0008512821326342719,0.0,0.0,0.0,0.0,-1.0362359667492105,0.3453534852205564,-1.599654963752406,3.2377424207014234e-05,2.9600613284855694e-05,0.0,0.0,False,10.022689369009747,0.0,0.007615561187763177,0.015036102741541386,-0.0008187125363670763,0.0008216815193494162,0.0,0.0,0.0,0.0,False,0.0
0.2,0.2,22,4,44.0,0.0002627606377189542,0.009855547632932261,2.915275220111808e-05,0.018989390941733696,-0.00043882636094672836,0.0,0.0,0.0,0.0,0.0,0.0,0.009813943917299922,0.02876791123062728,1.0042392453006586,0.34258822456458765,True,True,True,0,3,100.0,True,100.0,0,True,75.0,25,True,75.0,44,True,75.0,0.0,True,2.5394011541796213,7.713379583441124e-05,True,-2.5631676797727767,-7.785570873496302e-05,False,2.5394011541796213,7.713379583441124e-05,True,-2.5631676797727767,-7.785570873496302e-05,False,100.0,100.0,0.007548867547458876,0.01546012566705057,-0.000899296547967593,0.0007742334602108057,0.0,0.0,0.0,0.0,-1.4545742627459113,1.674247876814139,-0.780344067496197,8.92919389680289e-05,9.649731321438701e-05,0.0,0.0,True,0.78666923553786,100.0,0.00781631751388178,0.015081765827768132,-0.0010498241450062108,0.0006421732115312493,0.0,0.0,0.0,0.0,2.036806482625808,-0.8140535066488819,2.7065366064238594,-6.123565807058889e-05,-3.556293546516935e-05,0.0,0.0,,,,0.0075111352656560115,0.015338545415541954,-0.0009337991462410003,0.0007073148002686333,0.0,0.0,0.0,0.0,-1.9471440092574954,0.8746696007359445,-2.572878413465829,5.478934069462157e-05,2.9578653272214583e-05,0.0,0.0,,,,0.0074835801451945015,0.015373138321560741,-0.0009143267961901015,0.0007463329992877944,0.0,0.0,0.0,0.0,-2.306857709365384,1.1021714837788243,-3.1432691956112313,7.42616907455204e-05,6.859685229137569e-05,0.0,0.0,True,1.4773666998739994,100.0,0.0076602921860482705,0.01520554711728151,-0.000988588486935622,0.0006777361469964187,0.0,0.0,0.0,0.0,True,100.0
0.2,0.2,33,4,49.0,0.0005641615194548305,0.009883809896765084,0.00021157529433005033,0.018677184696552912,-0.0002638218434165352,0.0,0.0,0.0,0.0,0.0,0.0,0.009813943917299922,0.02876791123062728,1.0071190522438185,0.3435706477793372,True,True,True,0,3,100.0,True,100.0,0,True,50.0,25,True,50.0,49,True,50.0,0.0,True,2.72479768824746,8.128079342561057e-05,True,-2.6715407709203554,-7.96921586573799e-05,False,2.72479768824746,8.128079342561057e-05,True,-2.6715407709203607,-7.969215865738012e-05,False,100.0,100.0,0.007528925425770586,0.014877140116709361,-0.0008054743153385593,0.0008472276283708674,0.0,0.0,0.0,0.0,-1.8041437387486203,-0.5471517675849524,-3.7105934569422905,-1.938865034648127e-05,-2.0947396727158613e-05,0.0,0.0,True,0.5495685075173473,100.0,0.00782224093154945,0.014840813038838161,-0.0008534577741391668,0.0008077031171708489,0.0,0.0,0.0,0.0,2.021417761179456,-0.789996248036795,2.9093539555125725,-6.737210914708872e-05,-6.047190792717711e-05,0.0,0.0,,,,0.007516745866166874,0.015084300352190407,-0.0007180031568483441,0.0009296056217809505,0.0,0.0,0.0,0.0,-1.9629953963939073,0.8377028010661647,-2.7800825910987315,6.808250814373392e-05,6.143059668292455e-05,0.0,0.0,,,,0.007531135109237801,0.015094086028238064,-0.0007251624590505631,0.0009262209479153779,0.0,0.0,0.0,0.0,-1.7753239872092097,0.9031194972311862,-2.480878679773768,6.092320594151498e-05,5.804592281735189e-05,0.0,0.0,True,4.794830799614446,100.0,0.007667253703394347,0.01495898848662677,-0.0007860856649920781,0.000868175025098026,0.0,0.0,0.0,0.0,True,100.0
0.2,1.0,11,4,50.0,0.0005635337697135077,0.008298118183683971,0.0002034799116930545,0.013268828088500943,-0.0003557351003918392,0.0,0.0,0.0,0.0,0.0,0.0,0.008171575320587746,0.023349631107715315,1.0154857366091221,0.3553854082492147,True,True,True,1,2,100.0,True,100.0,0,True,62.5,25,True,12.5,50,True,12.5,-50.0,True,1.7352557036667715,5.4033537003033826e-05,True,-1.6684610487749274,-5.195389167999024e-05,False,1.7352557036667715,5.4033537003033826e-05,True,-1.6684610487749274,-5.195389167999024e-05,False,100.0,100.0,0.007959143137131716,0.011920014166836908,-0.0036896496828051125,0.004145275648362218,0.0,0.0,0.0,0.0,1.140354452009129,-0.6299423128793613,1.4614110188206242,-9.915941368748155e-05,-9.607757535896877e-05,0.0,0.0,True,0.47677741396225315,100.0,0.007923606490931105,0.011998964791788164,-0.0036139719515536142,0.004220612563971239,0.0,0.0,0.0,0.0,0.6887745607017992,0.02822201864192131,2.706162527845146,-2.3481682435983267e-05,-2.0740659749948244e-05,0.0,0.0,,,,0.007817897125456386,0.011992023568398912,-0.0035692881340460584,0.004259968949954628,0.0,0.0,0.0,0.0,-0.6545211319125555,-0.029642826060038985,-2.6392194915760614,2.120213507157253e-05,1.8615726233441043e-05,0.0,0.0,,,,0.007778202255171359,0.012068489068285613,-0.0034989561480180077,0.004328096431943897,0.0,0.0,0.0,0.0,-1.158941417033954,0.6078044981181252,-1.7724048300580164,9.153412109962327e-05,8.674320822271014e-05,0.0,0.0,True,3.4165792676267333,100.0,0.007869404037839626,0.011995579397134498,-0.003590490269117631,0.004241353223721187,0.0,0.0,0.0,0.0,True,100.0
0.2,1.0,22,4,50.0,0.0003130844345799199,0.008325363414080106,9.493976719045726e-05,0.01328061669663368,-0.00045564417985992367,0.0,0.0,0.0,0.0,0.0,0.0,0.008171575320587746,0.023349631107715315,1.0188198832488151,0.35655224597227975,True,True,True,0,3,100.0,True,100.0,0,True,75.0,25,True,50.0,50,True,62.5,-12.5,True,2.0983084898623217,6.486926582830767e-05,True,-2.112126692452038,-6.53019697759152e-05,False,2.0983084898623217,6.486926582830767e-05,True,-2.112126692452038,-6.53019697759152e-05,False,100.0,100.0,0.008272761838875986,0.011728719381992776,-0.003985216777755866,0.0038631008196707427,0.0,0.0,0.0,0.0,3.2550017009776777,-1.5902722909284073,4.996368182046584,-0.00020670072955565957,-0.00022548721133809754,0.0,0.0,True,0.5066007924509228,100.0,0.008085101329836964,0.011885240308777405,-0.0038529072637180544,0.004034626283394476,0.0,0.0,0.0,0.0,0.9127505208490261,-0.27698468603476467,2.4320841175271557,-7.439121551784753e-05,-5.396174761436445e-05,0.0,0.0,,,,0.007951353231035886,0.011947001267505888,-0.0037164757399446562,0.00413045233012856,0.0,0.0,0.0,0.0,-0.7566025245039909,0.24122015232572735,-2.2906155079220447,6.204030825555061e-05,4.186429911971941e-05,0.0,0.0,,,,0.007795250825846103,0.012116359861318031,-0.0035583243091250804,0.004303217463195322,0.0,0.0,0.0,0.0,-2.704966858849156,1.6622221014245042,-3.228843016100269,0.0002201917390751264,0.00021462943218648195,0.0,0.0,True,1.308031782176151,100.0,0.00801197201355298,0.011918252041776151,-0.003778516048200207,0.00408858803100884,0.0,0.0,0.0,0.0,True,100.0
0.2,1.0,33,4,36.0,0.0006532651284104022,0.008440528953635309,0.0006385389204751259,0.013572094922216844,8.990332432505304e-05,0.0,0.0,0.0,0.0,0.0,0.0,0.008171575320587746,0.023349631107715315,1.0329133150581078,0.36148446691504016,True,True,True,0,3,100.0,True,100.0,0,True,50.0,25,True,50.0,36,True,50.0,0.0,True,2.4367749244467496,7.646791262445321e-05,True,-2.4255057567856566,-7.609058042011389e-05,False,2.4367749244467607,7.646791262445321e-05,True,-2.4255057567856673,-7.609058042011411e-05,False,100.0,100.0,0.007985125430197297,0.0121722139618132,-0.003210145670980986,0.004615736230876593,0.0,0.0,0.0,0.0,1.8763952328471056,-0.6572791567933223,5.06988942394373,-5.765133774753885e-05,-5.184717237857739e-05,0.0,0.0,True,1.0051631256940843,100.0,0.008002832608107514,0.012101821294285806,-0.0033165105096626206,0.004512006568885661,0.0,0.0,0.0,0.0,2.10230820954469,-1.2317842666707102,3.157257902748567,-0.0001640161764291737,-0.0001555768343695094,0.0,0.0,,,,0.007681643730149873,0.012404715869135656,-0.00299247188542439,0.004819468087413412,0.0,0.0,0.0,0.0,-1.99550657886981,1.2402698139287738,-2.9197196266098957,0.00016002244780905688,0.0001518846841582419,0.0,0.0,,,,0.007642729708523856,0.012480366409943978,-0.0029376315173854613,0.00487520749637042,0.0,0.0,0.0,0.0,-2.491982217471489,1.8576867095515315,-2.4930817847127473,0.00021486281584798565,0.0002076240931152499,0.0,0.0,True,3.5781827743648207,100.0,0.00783805258514165,0.012252748725318981,-0.003152494333233447,0.00466758340325517,0.0,0.0,0.0,0.0,True,100.0
0.5,0.01,11,4,50.0,0.0005019915447313599,0.001767016165945305,-9.39166321710193e-06,0.004432009568444256,-0.0001500228921779328,0.0,0.0,0.0,0.0,0.0,0.0,0.0016849134279471817,0.0038487902409170254,1.0487281640921773,0.45910950073607804,True,True,True,0,3,100.0,True,100.0,0,True,50.0,25,True,12.5,50,True,25.0,-25.0,True,1.7417947415656498,2.9549790088998482e-05,True,-1.4298285643645547,-2.4257238433760117e-05,False,1.7417947415656498,2.9549790088998482e-05,True,-1.4298285643645547,-2.4257238433760117e-05,False,100.0,100.0,0.0012067310901660313,0.0031832151746048394,-0.00023660263892585876,7.153094141621652e-05,0.0,0.0,0.0,0.0,0.5492326943216108,-0.7835763330931944,0.2078095417427761,-1.9453929429468533e-05,2.368365888191017e-06,0.0,0.0,True,0.32052929350553166,100.0,0.0012142698272636122,0.0031724422518638407,-0.00022428610249957363,8.332946264561178e-05,0.0,0.0,0.0,0.0,1.1773877462824434,-1.1193534666432248,2.2828145086521756,-7.137393003183405e-06,1.4166887117586272e-05,0.0,0.0,,,,0.0011841489340190317,0.0032553402095900977,-0.00020886841122406713,5.734724103186762e-05,0.0,0.0,0.0,0.0,-1.3323948626942195,1.464461463778699,-2.626234726760357,8.280298272323095e-06,-1.1815334496157885e-05,0.0,0.0,,,,0.0011875187245429914,0.0032452469949080286,-0.00021030383273554278,7.854469086353963e-05,0.0,0.0,0.0,0.0,-1.051611634114169,1.1498698923240624,-2.1046408003305817,6.844876760847454e-06,9.382115335514128e-06,0.0,0.0,False,13.710704178410257,0.0,0.0012001395314816558,0.0032083550857382763,-0.00021714870949639023,6.91625755280255e-05,0.0,0.0,0.0,0.0,False,0.0
0.5,0.01,22,4,47.0,0.00032602710488401814,0.0018131988162557486,0.00020051813751852465,0.004521677736078452,6.10015965584249e-05,0.0,0.0,0.0,0.0,0.0,0.0,0.0016849134279471817,0.0038487902409170254,1.0761376734143924,0.4711087647696097,True,True,True,1,0,100.0,True,100.0,0,True,25.0,25,True,62.5,47,True,62.5,37.5,True,2.3126013384620503,3.961961418714891e-05,True,-2.2816345694044893,-3.908909207026891e-05,False,2.3126013384620503,3.961961418714891e-05,True,-2.281634569404484,-3.90890920702688e-05,False,100.0,100.0,0.0011862371036286184,0.003300734697147101,1.5032027704111846e-05,0.0002450128071513444,0.0,0.0,0.0,0.0,-1.5456599130643567,2.0207861880713773,-3.454182889061075,2.96925851638166e-08,1.9843946323461182e-05,0.0,0.0,True,0.6612588237523731,100.0,0.0012212704287688685,0.0031560139802460645,-1.5275501365429498e-06,0.00019872654904499182,0.0,0.0,0.0,0.0,1.362007447182223,-2.4523153092123384,3.3854831823248555,-1.652988525549098e-05,-2.6442311782891417e-05,0.0,0.0,,,,0.0011888346320599952,0.0033174088663093203,3.1517092799688e-05,0.0002520643445761181,0.0,0.0,0.0,0.0,-1.3300723658649205,2.536159886064393,-3.2906660036986723,1.6514757680739972e-05,2.6895483748234862e-05,0.0,0.0,,,,0.0011836022109978895,0.003316125316897694,2.8096145720930965e-05,0.00024270114147414778,0.0,0.0,0.0,0.0,-1.7643485836216999,2.4964872882641043,-3.986283107451849,1.3093810601982935e-05,1.7532280646264536e-05,0.0,0.0,True,3.554821032982155,100.0,0.0012048601438810777,0.003235355088385933,1.500233511894803e-05,0.00022516886082788324,0.0,0.0,0.0,0.0,True,100.0
0.5,0.01,33,4,48.0,0.0006495465834935507,0.0018442947479773019,1.1413923749184967e-05,0.004500660174415387,-0.00012980434674924883,0.0,0.0,0.0,0.0,0.0,0.0,0.0016849134279471817,0.0038487902409170254,1.0945931805079758,0.47918816888755,True,True,True,1,0,100.0,True,100.0,0,True,62.5,25,True,50.0,48,True,37.5,-25.0,True,1.9494597176990092,3.330557126122395e-05,True,-1.907461254244347,-3.2584708360229955e-05,False,1.9494597176990092,3.330557126122373e-05,True,-1.907461254244347,-3.2584708360229955e-05,False,100.0,100.0,0.0012577388725574933,0.003136968088802896,-0.00019652683696901865,4.697660382732163e-05,0.0,0.0,0.0,0.0,1.9654713456453976,-1.8317575619477,3.7315224362800548,-2.1254791172684397e-07,1.0140029003105237e-05,0.0,0.0,True,1.9810135565223603,100.0,0.0012553856316018296,0.003116987331632571,-0.0002132295475945169,2.707396205327299e-05,0.0,0.0,0.0,0.0,1.774693014411799,-2.4570351415933556,3.48412865822052,-1.69152585372251e-05,-9.762612770943405e-06,0.0,0.0,,,,0.0012119406567849779,0.0032802310888721876,-0.00017833129096491552,4.6031350631296276e-05,0.0,0.0,0.0,0.0,-1.7474111611490706,2.6515130755205396,-3.440828820900521,1.798299809237629e-05,9.19477580707988e-06,0.0,0.0,,,,0.0012118480071941294,0.0032792928735986973,-0.00018157266952144522,5.4727915092371575e-05,0.0,0.0,0.0,0.0,-1.7549223062738428,2.622152577797965,-3.656787725331556,1.4741619535846588e-05,1.789134026815518e-05,0.0,0.0,True,2.4182586473059193,100.0,0.0012334948840612672,0.0031955019371793644,-0.0001963142890572918,3.6836574824216395e-05,0.0,0.0,0.0,0.0,True,100.0
0.5,0.05,11,4,49.0,0.0004947716868463367,0.003757314121899579,4.109855359223368e-05,0.009557792465930954,-0.0002862331995533578,0.0,0.0,0.0,0.0,0.0,0.0,0.0037052201045630504,0.00853094343310432,1.0140596282721164,0.4404335993272823,True,True,True,0,3,100.0,True,100.0,0,True,50.0,25,True,12.5,49,True,25.0,-25.0,True,1.7980127215212027,3.057073322218994e-05,True,-1.4831228432890475,-2.5216828472760877e-05,False,1.7980127215211916,3.0570733222189724e-05,True,-1.4831228432890475,-2.5216828472760877e-05,False,100.0,100.0,0.0025455169383607605,0.006795633160271819,-0.0004010371015120114,0.00014071965005137257,0.0,0.0,0.0,0.0,0.5429249741508491,-1.21786384241932,0.7459367434181408,-4.292430471404269e-05,-1.514006214948778e-05,0.0,0.0,True,0.9172725572115039,100.0,0.002562242485800006,0.0067941354801092846,-0.0003612054627007914,0.0001603168213900833,0.0,0.0,0.0,0.0,1.2035512838773688,-1.2396343003364563,2.4496658494478796,-3.092665902822687e-06,4.457109189222959e-06,0.0,0.0,,,,0.002496127047412318,0.006986530007337044,-0.0003537525747292182,0.00015499553923923297,0.0,0.0,0.0,0.0,-1.407878819481967,1.5570355516638656,-2.8372656414455966,4.360222068750506e-06,-8.641729616273852e-07,0.0,0.0,,,,0.002495391368223163,0.0069738069543599235,-0.0003365930060810008,0.000184275857980053,0.0,0.0,0.0,0.0,-1.4369367041126235,1.3720917323191806,-2.7754016458128805,2.1519790716967877e-05,2.841614577919264e-05,0.0,0.0,True,0.41964808540658993,100.0,0.002531771319578381,0.006879415068966711,-0.0003581127967979687,0.00015585971220086035,0.0,0.0,0.0,0.0,True,100.0
0.5,0.05,22,4,47.0,0.00033079983030327064,0.0037660327940959065,0.00017883380917490412,0.009621491601104634,-0.00014109377387083315,0.0,0.0,0.0,0.0,0.0,0.0,0.0037052201045630504,0.00853094343310432,1.0164127063485282,0.44145560495476016,True,True,True,0,3,100.0,True,100.0,0,True,25.0,25,True,62.5,47,True,62.5,37.5,True,2.333179531523999,3.954845070286504e-05,True,-2.2721221255923076,-3.8513499750577186e-05,False,2.333179531523999,3.954845070286504e-05,True,-2.272122125592302,-3.851349975057708e-05,False,100.0,100.0,0.002579995267421744,0.006695360345566153,-0.00025740963802530566,0.00023390498060996243,0.0,0.0,0.0,0.0,2.1855983529651013,-2.6075541806989566,4.2898780650936885,-3.760790801907393e-05,-2.6155805970083787e-05,0.0,0.0,True,0.5550750858916137,100.0,0.002570301339276243,0.0067549198013512135,-0.0002329739203544221,0.00023631350625033054,0.0,0.0,0.0,0.0,1.801651971184115,-1.7411869097551436,3.5937297701420734,-1.3172190348190377e-05,-2.3747280329715673e-05,0.0,0.0,,,,0.002478566785473789,0.007008677241930693,-0.00020810608380718312,0.00028523280516559214,0.0,0.0,0.0,0.0,-1.8316687516533592,1.9500345491836324,-3.649588688106664,1.1695646199048605e-05,2.5172018585545926e-05,0.0,0.0,,,,0.0024764870810320225,0.007017587290085599,-0.00019002902884259892,0.00029702218559881033,0.0,0.0,0.0,0.0,-1.9140393844458758,2.079642417526184,-3.8561704774886407,2.977270116363281e-05,3.6961399018764116e-05,0.0,0.0,False,5.045409773897133,0.0,0.0025248129961621744,0.006874619781074724,-0.00021980173000623173,0.0002600607865800462,0.0,0.0,0.0,0.0,False,0.0
0.5,0.05,33,4,50.0,0.0006836424639195572,0.003807338478897232,0.0002583867007807302,0.009637006289397562,-6.770959188644263e-05,0.0,0.0,0.0,0.0,0.0,0.0,0.0037052201045630504,0.00853094343310432,1.0275606769509917,0.44629747093655053,True,True,True,0,3,100.0,True,100.0,0,True,62.5,25,True,50.0,50,True,37.5,-25.0,True,1.9957268959710728,3.401989257058693e-05,True,-1.9221849719436135,-3.276627198810949e-05,False,1.9957268959710728,3.401989257058693e-05,True,-1.9221849719436135,-3.276627198810949e-05,False,100.0,100.0,0.0025355791433155066,0.0070867267600227745,-6.932337583617119e-05,0.00043891113682296566,0.0,0.0,0.0,0.0,-0.2593221169675308,2.362736977863711,-1.2732604707442197,6.677097819015664e-05,0.00011120519895839638,0.0,0.0,True,1.736847870229739,100.0,0.002589485230267022,0.006790483008715255,-0.00018106216493583228,0.00029903506092534616,0.0,0.0,0.0,0.0,1.8611518854867448,-1.9162936978342704,3.720813672928669,-4.4967810909504454e-05,-2.8670876939223123e-05,0.0,0.0,,,,0.002495920338471894,0.0070688937015590345,-8.558559376165547e-05,0.0003553220125062285,0.0,0.0,0.0,0.0,-1.819358643360669,2.10515110855487,-3.6676273993040076,5.0508760264672355e-05,2.761607464165923e-05,0.0,0.0,,,,0.0024996792501774754,0.007068440968352087,-0.00010379245845173274,0.00036603861496939004,0.0,0.0,0.0,0.0,-1.6714964073876626,2.0986116987888215,-3.47740065355997,3.230189557459509e-05,3.833267710482075e-05,0.0,0.0,False,5.950872464880966,0.0,0.002542171556412542,0.006923150913359519,-0.00013609435402632783,0.0003277059378645693,0.0,0.0,0.0,0.0,False,0.0
0.5,0.2,11,4,49.0,0.0004569651106748071,0.006378643113218651,0.0001383912975584001,0.015360623802236639,-0.0005197901542608955,0.0,0.0,0.0,0.0,0.0,0.0,0.006341603461830872,0.01581595918298551,1.0058407391144393,0.40330422198361937,True,True,True,0,3,100.0,True,100.0,0,True,50.0,25,True,12.5,49,True,25.0,-25.0,True,2.0478550379328997,3.518404339361439e-05,True,-1.7334187649744648,-2.9781787092206507e-05,False,2.0478550379328997,3.518404339361439e-05,True,-1.7334187649744648,-2.9781787092206507e-05,False,100.0,100.0,0.004390533605187448,0.010648953007315262,-0.000719220822864474,0.0005489681492450918,0.0,0.0,0.0,0.0,-0.8104552342461657,1.626127101076369,-0.5128112040919452,8.926408165909933e-05,3.9935927113203974e-05,0.0,0.0,True,1.9754310791421998,100.0,0.004504764454800029,0.010377346962952939,-0.0008140193147488394,0.0005095656312728184,0.0,0.0,0.0,0.0,1.7702119443150144,-0.9658901955371779,2.9578863967687274,-5.534410225266156e-06,5.334091409305974e-07,0.0,0.0,,,,0.00433547947407056,0.010607751594143936,-0.0008005757020569323,0.0005136022570778432,0.0,0.0,0.0,0.0,-2.0542207292890136,1.2329297558709928,-3.333459804528782,7.909202466640955e-06,4.570034945955382e-06,0.0,0.0,,,,0.00434412597841835,0.010580994747720111,-0.0007570811297165905,0.0005701581632097564,0.0,0.0,0.0,0.0,-1.8588816413341869,0.9775812090585978,-2.920738700387804,5.140377480698278e-05,6.112594107786861e-05,0.0,0.0,False,9.336965675329555,0.0,0.004426407657738664,0.010478558330500891,-0.0008084849045235733,0.0005090322221318878,0.0,0.0,0.0,0.0,False,0.0
0.5,0.2,22,4,48.0,0.0002949590422979598,0.006424097870419521,0.00012561471776055116,0.015513965881165935,-0.0005288504441786155,0.0,0.0,0.0,0.0,0.0,0.0,0.006341603461830872,0.01581595918298551,1.01300844637877,0.4061782024153449,True,True,True,0,3,100.0,True,100.0,0,True,25.0,25,True,62.5,48,True,62.5,37.5,True,2.239816148601026,3.828874240669269e-05,True,-2.1804327862311954,-3.727364237613047e-05,False,2.239816148601026,3.828874240669258e-05,True,-2.18043278623119,-3.7273642376130364e-05,False,100.0,100.0,0.004615566642568555,0.010317661266810479,-0.0008848341225917622,0.0004346567013753678,0.0,0.0,0.0,0.0,3.2287567684222696,-2.1005366292192296,5.019181318405241,-7.187166773695334e-05,-5.1619938870944295e-05,0.0,0.0,True,0.3619467612545013,100.0,0.004574241712206705,0.010416763745505557,-0.0008602777109407906,0.0004133745214988083,0.0,0.0,0.0,0.0,2.304510296612783,-1.1601995477750315,3.757305084569418,-4.731525608598177e-05,-7.290211874750376e-05,0.0,0.0,,,,0.004365426153304753,0.010678121892807011,-0.0007665301793266448,0.0005624227060133337,0.0,0.0,0.0,0.0,-2.3657224632279372,1.3197057046585359,-3.8302123736041582,4.643227552816409e-05,7.614606576702157e-05,0.0,0.0,,,,0.0043511257752533485,0.010708024777339193,-0.000737319402757618,0.0005703117004595686,0.0,0.0,0.0,0.0,-2.685555402904316,1.6034401938257892,-4.181604031335895,7.564305209719084e-05,8.403506021325652e-05,0.0,0.0,True,3.3678629492217347,100.0,0.004471202392684884,0.010539037612222402,-0.0008129624548548088,0.0004862766402463121,0.0,0.0,0.0,0.0,True,100.0
0.5,0.2,33,4,50.0,0.0005240664805895017,0.006426298694974962,8.61570638931178e-05,0.015641060053271327,-0.0005701838294044136,0.0,0.0,0.0,0.0,0.0,0.0,0.006341603461830872,0.01581595918298551,1.013355491817465,0.40631735455464785,True,True,True,0,3,100.0,True,100.0,0,True,62.5,25,True,50.0,50,True,37.5,-25.0,True,2.225690251919221,3.8644405099538446e-05,True,-2.1176812941823386,-3.67699959333786e-05,False,2.2256902519192434,3.864440509953866e-05,True,-2.1176812941823386,-3.67699959333786e-05,False,100.0,100.0,0.004579063830234379,0.010391474334872445,-0.0010362684255284106,0.0002456110401224327,0.0,0.0,0.0,0.0,2.4409960406185816,-2.7251603201899344,2.4699307879210597,-0.0001804221226423808,-0.0002117705644273529,0.0,0.0,True,0.08078075531388829,100.0,0.004598687535468991,0.010501294530330585,-0.0009624120075913984,0.0003572589486156521,0.0,0.0,0.0,0.0,2.880009774597947,-1.697130845012762,4.523361221532429,-0.00010656570470536858,-0.00010012265593413347,0.0,0.0,,,,0.004340405401039343,0.010890322146446451,-0.0007377330732795482,0.000561892610857435,0.0,0.0,0.0,0.0,-2.8981754814734417,1.9445659700094042,-4.484150036742207,0.0001181132296064816,0.00010451100630764939,0.0,0.0,,,,0.00432956750237119,0.010922827995925801,-0.0007575125546809246,0.0005635070033022194,0.0,0.0,0.0,0.0,-3.1406366429060806,2.2488540041095018,-4.817024976254325,9.833374820510522e-05,0.00010612539875243379,0.0,0.0,True,4.532589719186534,100.0,0.004469952467485525,0.010682592095835912,-0.0008558463028860298,0.0004573816045497856,0.0,0.0,0.0,0.0,True,100.0
0.5,1.0,11,4,49.0,0.0004548664691516892,0.006675247177401787,0.00024775872833646595,0.014339080243476118,-0.0004244823981490399,0.0,0.0,0.0,0.0,0.0,0.0,0.00668080682371572,0.019965640434093764,0.9991678181302599,0.33433674213640496,True,True,True,0,3,100.0,True,100.0,0,True,50.0,25,True,12.5,49,True,25.0,-25.0,True,2.5104049148788055,4.4148870165045527e-05,True,-2.1720782446556397,-3.81994490299334e-05,False,2.5104049148788166,4.4148870165045635e-05,True,-2.172078244655645,-3.819944902993351e-05,False,100.0,100.0,0.006872498857747514,0.011683464814915223,-0.0034203292821340992,0.004604227634774322,0.0,0.0,0.0,0.0,2.1364442664356664,-1.2219187977892676,0.6517374350371696,-0.00018627996210346864,-0.00010798585414223405,0.0,0.0,True,1.2878382447480843,100.0,0.006863069296852039,0.011789295636000945,-0.0033310709942494156,0.004655411784752469,0.0,0.0,0.0,0.0,1.9963057461110045,-0.32717005634086416,3.65382247406818,-9.702167421878505e-05,-5.68017041640877e-05,0.0,0.0,,,,0.006571717553553043,0.01188620586301218,-0.0031174731669524817,0.0047872728718471,0.0,0.0,0.0,0.0,-2.3336522076601196,0.49215934847917087,-3.999081814575556,0.00011657615307814886,7.505938293054376e-05,0.0,0.0,,,,0.006587501866894568,0.011910886764395206,-0.003087316319149603,0.004850150019799668,0.0,0.0,0.0,0.0,-2.0990717918229818,0.7008245107043454,-2.974178249628001,0.00014673300088102748,0.00013793653088311174,0.0,0.0,False,11.673561959438453,0.0,0.006728743013433817,0.01182799328830629,-0.0032340493200306306,0.004712213488916556,0.0,0.0,0.0,0.0,False,0.0
0.5,1.0,22,4,43.0,0.00025033378981268454,0.006718697189358049,0.00024354697077475374,0.014588968542334702,-0.00043688812189631994,0.0,0.0,0.0,0.0,0.0,0.0,0.00668080682371572,0.019965640434093764,1.0056715254073543,0.336512981466152,True,True,True,0,3,100.0,True,100.0,0,True,25.0,25,True,62.5,43,True,62.5,37.5,True,2.3905974469995983,4.260924111205327e-05,True,-2.327556569980466,-4.1485851910040734e-05,False,2.3905974469995983,4.2609241112053485e-05,True,-2.327556569980466,-4.1485851910040734e-05,False,100.0,100.0,0.006388574686583307,0.012212169544944522,-0.0028544885106416692,0.005012392302964136,0.0,0.0,0.0,0.0,-5.973958450582673,2.2192778562215354,-7.536920451908157,0.0003927194323117486,0.00030310071444909076,0.0,0.0,True,1.6885498970563235,100.0,0.006968402014554977,0.011857303746504493,-0.0034283606708453204,0.004520666381713071,0.0,0.0,0.0,0.0,2.559849340041964,-0.751048220476902,4.195529719673163,-0.00018115272789190253,-0.00018862520680197354,0.0,0.0,,,,0.006620594491508832,0.012049617966979282,-0.0030636938293785035,0.004906116868519123,0.0,0.0,0.0,0.0,-2.559127304594677,0.8586756427618747,-4.25279548531301,0.0001835141135749143,0.00019682528000407838,0.0,0.0,,,,0.006522772599181282,0.012106024364171276,-0.0029754383710831386,0.004952069221033407,0.0,0.0,0.0,0.0,-3.998854593335499,1.3308129780827516,-5.629038715136192,0.00027176957187027926,0.00024277763251836192,0.0,0.0,True,1.1419882105855175,100.0,0.006794473723777534,0.01194703171560435,-0.003247207942953418,0.004709291588515045,0.0,0.0,0.0,0.0,True,100.0
0.5,1.0,33,4,50.0,0.00044787779389094914,0.006826286354599812,-5.826179925827327e-05,0.014594271730683912,-0.0007346762331306117,0.0,0.0,0.0,0.0,0.0,0.0,0.00668080682371572,0.019965640434093764,1.0217757427692213,0.3419016974252975,True,True,True,0,3,100.0,True,100.0,0,True,62.5,25,True,50.0,50,True,37.5,-25.0,True,1.922011064896878,3.4470470792064174e-05,True,-1.8362876804058292,-3.293124536206079e-05,False,1.9220110648968558,3.447047079206385e-05,True,-1.8362876804058292,-3.293124536206079e-05,False,100.0,100.0,0.00729311745032587,0.011524519194792962,-0.004060929309068546,0.003918088819650408,0.0,0.0,0.0,0.0,5.397169109857702,-2.8642863928159623,1.7921237849294336,-0.00048257690519234574,-0.000496198845432355,0.0,0.0,True,0.5963889875889818,100.0,0.00715483149092964,0.011719116363984015,-0.0038560925429234304,0.004159285328607624,0.0,0.0,0.0,0.0,3.398716630890397,-1.22410214080384,4.017555470834022,-0.00027774013904722974,-0.0002550023364751384,0.0,0.0,,,,0.006674188402967104,0.012042612633381761,-0.003271713177459293,0.004691357855511664,0.0,0.0,0.0,0.0,-3.5473419193127187,1.5025227574747557,-3.9758975976056155,0.00030663922641690784,0.00027707019042890173,0.0,0.0,,,,0.0066290368168252746,0.012063191556347032,-0.003277396433295811,0.0046839327113508845,0.0,0.0,0.0,0.0,-4.199854290405291,1.6759745374329116,-5.046134490924381,0.0003009559705803898,0.0002696450462681219,0.0,0.0,True,1.5409966193776488,100.0,0.006919652123411493,0.011864348103106562,-0.0035783524038762006,0.0044142876650827625,0.0,0.0,0.0,0.0,True,100.0
