action_mean,action_rms,background_seed,censored,controller,duration_observed,failure_reason,model_seed,noise_tau,position_max,position_mean,position_rms,saturation_fraction,task_failure,tau
0.0,0.0,810001,False,passive,12.0,,,0.01,0.052374036521950225,-0.00019800914212949876,0.016548226201573344,0.0,False,0.05
0.0,0.0,810002,False,passive,12.0,,,0.01,0.04209825208664731,1.8100890855500323e-05,0.014517664081545258,0.0,False,0.05
0.0,0.0,810003,False,passive,12.0,,,0.01,0.0576137684246786,-0.0005580097293638037,0.01789028639063872,0.0,False,0.05
0.0,0.0,810004,False,passive,12.0,,,0.01,0.03978451278269666,0.001243163844123843,0.013329132513491613,0.0,False,0.05
-0.00012623526309400105,0.042488965517835986,810001,False,teacher,12.0,,,0.01,0.048946451248345506,6.495593042800663e-05,0.016640060338124363,0.0,False,0.05
0.0005382719323287376,0.03485018773648176,810002,False,teacher,12.0,,,0.01,0.03751780811099093,7.763022208299403e-06,0.013859529565662687,0.0,False,0.05
-0.00013945317062029108,0.03658639625111308,810003,False,teacher,12.0,,,0.01,0.05359241760979807,-0.00038842972302836665,0.013789621512159676,0.0,False,0.05
-0.00023857272818836894,0.042338679756079654,810004,False,teacher,12.0,,,0.01,0.053092173697034784,0.0011349062648688508,0.015885203525472267,0.0,False,0.05
0.0,0.0,810001,False,passive,12.0,,,0.05,0.09461593622469837,-0.0003470398817727406,0.029265620216318178,0.0,False,0.05
0.0,0.0,810002,False,passive,12.0,,,0.05,0.0675337470551712,2.581042040380923e-06,0.025357705637596636,0.0,False,0.05
0.0,0.0,810003,False,passive,12.0,,,0.05,0.09974912947779961,-0.001098266132279441,0.02997153777621242,0.0,False,0.05
0.0,0.0,810004,False,passive,12.0,,,0.05,0.07208543029464407,0.0027661592556776334,0.0232655971864957,0.0,False,0.05
8.822573301599632e-06,0.04670031365042249,810001,False,teacher,12.0,,,0.05,0.07759392209503503,-0.00019681881441962598,0.022971116783594862,0.0,False,0.05
0.000329078474393869,0.03790309941168723,810002,False,teacher,12.0,,,0.05,0.06195238458410624,3.534850751425579e-06,0.0189544719131389,0.0,False,0.05
-9.800601764514099e-05,0.03889648610292837,810003,False,teacher,12.0,,,0.05,0.07196465918923424,-0.000875278381249088,0.019564986636324642,0.0,False,0.05
-0.00027691349623006696,0.04441330922083496,810004,False,teacher,12.0,,,0.05,0.059762048602200316,0.002379834792474043,0.020360401434830398,0.0,False,0.05
0.0,0.0,810001,False,passive,12.0,,,0.2,0.08294383339701833,-0.0005516744444695654,0.027231858262076317,0.0,False,0.05
0.0,0.0,810002,False,passive,12.0,,,0.2,0.0639017206540011,-0.00025691174852140986,0.024311463102017795,0.0,False,0.05
0.0,0.0,810003,False,passive,12.0,,,0.2,0.08747967990288975,-0.0023362591337804206,0.025913202947318376,0.0,False,0.05
0.0,0.0,810004,False,passive,12.0,,,0.2,0.06483303640881073,0.005663453006460328,0.025125357576103,0.0,False,0.05
0.00012172831482150559,0.026582899833134378,810001,False,teacher,12.0,,,0.2,0.05319688100187476,-0.00047243344520263183,0.019875959852617364,0.0,False,0.05
0.00011051410483010454,0.021812937707900066,810002,False,teacher,12.0,,,0.2,0.048440038713202904,-0.0002038485667270433,0.017781262351863076,0.0,False,0.05
0.0001815930679179365,0.022348391915948264,810003,False,teacher,12.0,,,0.2,0.05405528956164997,-0.0020602520687514284,0.01754097261584163,0.0,False,0.05
-0.0007065317634559081,0.02516727454169787,810004,False,teacher,12.0,,,0.2,0.044970182494010365,0.004836431254428715,0.02020260448396983,0.0,False,0.05
0.0,0.0,810001,False,passive,12.0,,,1.0,0.05282966254663463,-0.0009158489270044176,0.016361999216161802,0.0,False,0.05
0.0,0.0,810002,False,passive,12.0,,,1.0,0.04306534204179293,-0.0011035309406295974,0.01700962167094365,0.0,False,0.05
0.0,0.0,810003,False,passive,12.0,,,1.0,0.05486389546648676,-0.006419740191228336,0.017151663035111935,0.0,False,0.05
0.0,0.0,810004,False,passive,12.0,,,1.0,0.05903572152493328,0.011019483503821408,0.026359698716420916,0.0,False,0.05
0.00016736629853022242,0.012136713749569317,810001,False,teacher,12.0,,,1.0,0.04098600001929018,-0.0007850200177156519,0.012578277012085656,0.0,False,0.05
0.00017389656069094337,0.010100622489413623,810002,False,teacher,12.0,,,1.0,0.03393841674833274,-0.0009353478951529706,0.01347984175637911,0.0,False,0.05
0.0008478102797838933,0.010316050531325525,810003,False,teacher,12.0,,,1.0,0.03737270842333656,-0.005538839012114799,0.013132133751042864,0.0,False,0.05
-0.0015883084441232472,0.011926089087912907,810004,False,teacher,12.0,,,1.0,0.047995994499701475,0.009372548125399035,0.022119701301121293,0.0,False,0.05
0.0,0.0,810001,False,passive,12.0,,,0.01,0.03988939019728503,-4.919803365287086e-05,0.014931462898468424,0.0,False,0.1
0.0,0.0,810002,False,passive,12.0,,,0.01,0.03196985250319228,7.458800099812042e-05,0.011453563219459867,0.0,False,0.1
0.0,0.0,810003,False,passive,12.0,,,0.01,0.035906058167404005,-0.00029167197435418525,0.0123753381592559,0.0,False,0.1
0.0,0.0,810004,False,passive,12.0,,,0.01,0.029117336404977896,0.0011197034950025744,0.009193453519081426,0.0,False,0.1
0.00014998454898486875,0.014361676426925214,810001,False,teacher,12.0,,,0.01,0.02256972830581509,-2.881996381455015e-05,0.007068350403161132,0.0,False,0.1
5.8604978478505905e-05,0.012247380098590003,810002,False,teacher,12.0,,,0.01,0.01593983772685263,5.771119011336866e-05,0.005926481479181175,0.0,False,0.1
0.0002596890689330591,0.014540702341393178,810003,False,teacher,12.0,,,0.01,0.022505828798359474,-0.0002827938848932023,0.006499459210250806,0.0,False,0.1
-0.000510518807160069,0.011910754391651285,810004,False,teacher,12.0,,,0.01,0.017261053069136667,0.0007056292857351831,0.005503055260152933,0.0,False,0.1
0.0,0.0,810001,False,passive,12.0,,,0.05,0.08059185253907035,-0.00028502514302431364,0.03024710951769467,0.0,False,0.1
0.0,0.0,810002,False,passive,12.0,,,0.05,0.06393326788405677,1.6219210156083695e-06,0.02338072481628252,0.0,False,0.1
0.0,0.0,810003,False,passive,12.0,,,0.05,0.07374401653694002,-0.0007547408068307297,0.025086061391867125,0.0,False,0.1
0.0,0.0,810004,False,passive,12.0,,,0.05,0.05967793587353395,0.002464814778110345,0.019078341904177086,0.0,False,0.1
0.0001607400478262258,0.023687393838705172,810001,False,teacher,12.0,,,0.05,0.04007731506803006,-0.00013400192900901652,0.013222861524172347,0.0,False,0.1
3.1147999246948225e-05,0.01960413384349021,810002,False,teacher,12.0,,,0.05,0.029940674144657533,2.9954463209377784e-05,0.01096083399128502,0.0,False,0.1
0.00041241450419918165,0.02336848299694683,810003,False,teacher,12.0,,,0.05,0.04021903241676093,-0.0005593719265858202,0.01170301591317338,0.0,False,0.1
-0.001213324620245845,0.01825464368048056,810004,False,teacher,12.0,,,0.05,0.03204152417457374,0.0015709458772581418,0.010183986309330921,0.0,False,0.1
0.0,0.0,810001,False,passive,12.0,,,0.2,0.09186406389385603,-0.0008551123679557491,0.034085516967462516,0.0,False,0.1
0.0,0.0,810002,False,passive,12.0,,,0.2,0.07105025008306731,-0.0004910935535340374,0.027855648845851785,0.0,False,0.1
0.0,0.0,810003,False,passive,12.0,,,0.2,0.08643792724246724,-0.0023148677808320587,0.028560050259680933,0.0,False,0.1
0.0,0.0,810004,False,passive,12.0,,,0.2,0.06972302041614725,0.005387034777958422,0.026224740870937263,0.0,False,0.1
0.00021827305815340747,0.019601086795760652,810001,False,teacher,12.0,,,0.2,0.03670806604091702,-0.0002855998681509292,0.01348620948299518,0.0,False,0.1
9.749601797905455e-05,0.01643618735743226,810002,False,teacher,12.0,,,0.2,0.0300962226607207,-0.00013717241637695377,0.011929528212770898,0.0,False,0.1
0.0008924215683142224,0.018261127965734147,810003,False,teacher,12.0,,,0.2,0.03636766372109173,-0.0013188563540190547,0.01185935523970554,0.0,False,0.1
-0.0024779209830460085,0.015734708141613405,810004,False,teacher,12.0,,,0.2,0.029821260000082974,0.0031848998504365117,0.012814861408454305,0.0,False,0.1
0.0,0.0,810001,False,passive,12.0,,,1.0,0.05486883028589924,-0.0011113045838303148,0.020234723371038228,0.0,False,0.1
0.0,0.0,810002,False,passive,12.0,,,1.0,0.049377154473616854,-0.001278785200304108,0.01909977460233828,0.0,False,0.1
0.0,0.0,810003,False,passive,12.0,,,1.0,0.06334635257211678,-0.006518395162243781,0.018976797339710104,0.0,False,0.1
0.0,0.0,810004,False,passive,12.0,,,1.0,0.05300170281011795,0.010924546980987736,0.027065716295259702,0.0,False,0.1
0.00039637778442501795,0.010417399961412683,810001,False,teacher,12.0,,,1.0,0.024789895826428054,-0.0004993979107341799,0.00852082488270873,0.0,False,0.1
0.00047498060871131807,0.009676402292774776,810002,False,teacher,12.0,,,1.0,0.022876440857531412,-0.0006213807479936218,0.0090062743629051,0.0,False,0.1
0.002751663714541941,0.010195026600483974,810003,False,teacher,12.0,,,1.0,0.025207432598147367,-0.0036216864613869016,0.00879526538344103,0.0,False,0.1
-0.00488355958431332,0.012894108932241615,810004,False,teacher,12.0,,,1.0,0.030501685481090186,0.0061391430351446265,0.014469112479320277,0.0,False,0.1
0.0,0.0,810001,False,passive,12.0,,,0.01,0.027092494085023792,-0.00011604346061920818,0.009025957626942416,0.0,False,0.2
0.0,0.0,810002,False,passive,12.0,,,0.01,0.0191603365387716,-7.639709512914189e-05,0.0085852177614808,0.0,False,0.2
0.0,0.0,810003,False,passive,12.0,,,0.01,0.022115205074981385,-0.0006187969825965677,0.008505332120978896,0.0,False,0.2
0.0,0.0,810004,False,passive,12.0,,,0.01,0.021333079723436937,0.0012758278413064648,0.009074295581782639,0.0,False,0.2
7.670495370951948e-05,0.009671036978190106,810001,False,teacher,12.0,,,0.01,0.011144348746102107,-5.448713947176863e-05,0.00408362522793746,0.0,False,0.2
-6.98358380500514e-06,0.007877597287269915,810002,False,teacher,12.0,,,0.01,0.009697034162249466,1.9404525190211262e-05,0.0034897124676930855,0.0,False,0.2
0.00015194031019884056,0.007766637491769286,810003,False,teacher,12.0,,,0.01,0.009129809325745825,-0.00019127473051387754,0.0032728879946840646,0.0,False,0.2
-0.0005948408316294518,0.006677861959331343,810004,False,teacher,12.0,,,0.01,0.00967104488211635,0.0005072323887809533,0.0031668534836550404,0.0,False,0.2
0.0,0.0,810001,False,passive,12.0,,,0.05,0.05812895463325086,-0.0002873074851678641,0.019503001031547645,0.0,False,0.2
0.0,0.0,810002,False,passive,12.0,,,0.05,0.041116801530289813,-0.00033456087283680194,0.018528269123498836,0.0,False,0.2
0.0,0.0,810003,False,passive,12.0,,,0.05,0.04734452378113348,-0.0015059792366043572,0.018297565616396564,0.0,False,0.2
0.0,0.0,810004,False,passive,12.0,,,0.05,0.04543437628299482,0.0029359832205972844,0.01972523690957636,0.0,False,0.2
0.00022080507814941445,0.019127594854695094,810001,False,teacher,12.0,,,0.05,0.023107762343915043,-0.00018791992266520733,0.008511211664995365,0.0,False,0.2
-8.521700470913791e-06,0.015687489920474758,810002,False,teacher,12.0,,,0.05,0.019311064713853684,-2.2339640858217507e-05,0.0073021627259517805,0.0,False,0.2
0.00040612053473912743,0.015234357467123037,810003,False,teacher,12.0,,,0.05,0.018543385153013084,-0.0004623070910887661,0.006801445967273632,0.0,False,0.2
-0.001349787180937284,0.013151775981862129,810004,False,teacher,12.0,,,0.05,0.019890989812692928,0.0011545722796258335,0.0067709508490456805,0.0,False,0.2
0.0,0.0,810001,False,passive,12.0,,,0.2,0.082399093717578,-0.0006910233232223082,0.028886219335860122,0.0,False,0.2
0.0,0.0,810002,False,passive,12.0,,,0.2,0.056142767625614404,-0.0012264881775451578,0.028100280773882238,0.0,False,0.2
0.0,0.0,810003,False,passive,12.0,,,0.2,0.06726309231158,-0.0033452686361696324,0.026931942715891076,0.0,False,0.2
0.0,0.0,810004,False,passive,12.0,,,0.2,0.0669850111441933,0.006167522913202673,0.0311532020968757,0.0,False,0.2
0.0005268282025348239,0.021612086709923997,810001,False,teacher,12.0,,,0.2,0.02712693898926533,-0.00033041199150464463,0.010603779545812021,0.0,False,0.2
0.00018157294691229013,0.01846027750742123,810002,False,teacher,12.0,,,0.2,0.02382906012187762,-0.0001772219465596896,0.0095771285292076,0.0,False,0.2
0.0012956809165277623,0.01737233425956213,810003,False,teacher,12.0,,,0.2,0.023844111769495066,-0.001144094018507266,0.008815986372202317,0.0,False,0.2
-0.0030614517568294257,0.017253365635348603,810004,False,teacher,12.0,,,0.2,0.02290170563405295,0.0024823306062722044,0.010258881221977753,0.0,False,0.2
0.0,0.0,810001,False,passive,12.0,,,1.0,0.056263186370978484,-0.0010458539382088444,0.020351196268284022,0.0,False,0.2
0.0,0.0,810002,False,passive,12.0,,,1.0,0.04331617607279011,-0.0018243451069146638,0.02195307826280214,0.0,False,0.2
0.0,0.0,810003,False,passive,12.0,,,1.0,0.046047609929831014,-0.007096812207834384,0.020633543722292983,0.0,False,0.2
0.0,0.0,810004,False,passive,12.0,,,1.0,0.06380479139424729,0.011349964773424754,0.030460706177482113,0.0,False,0.2
0.000638679542690264,0.012803337246287157,810001,False,teacher,12.0,,,1.0,0.01748120811209346,-0.00042382062458452645,0.006965642202560891,0.0,False,0.2
0.0006672719483007859,0.012151082995333077,810002,False,teacher,12.0,,,1.0,0.01904970252190549,-0.0005267151859313284,0.007340663264894914,0.0,False,0.2
0.003686020335751989,0.011511847053010405,810003,False,teacher,12.0,,,1.0,0.020455364653788853,-0.0028948813815899564,0.0069558028086564895,0.0,False,0.2
-0.006288617714560917,0.016316034778079677,810004,False,teacher,12.0,,,1.0,0.022063463726017227,0.004762306588646421,0.011424193006238691,0.0,False,0.2
0.0,0.0,810001,False,passive,12.0,,,0.01,0.00681477449356769,0.00028762337962935934,0.0033746326735482834,0.0,False,0.5
0.0,0.0,810002,False,passive,12.0,,,0.01,0.009963798449981182,-0.00013446990178208622,0.004484574387554786,0.0,False,0.5
0.0,0.0,810003,False,passive,12.0,,,0.01,0.005591547725358865,-0.0008838458681025501,0.0028817386505272436,0.0,False,0.5
0.0,0.0,810004,False,passive,12.0,,,0.01,0.010445522617151122,0.001152969599505908,0.004654215252037789,0.0,False,0.5
0.00023040519491429197,0.004468190147073517,810001,False,teacher,12.0,,,0.01,0.003285421871129025,-7.349408410466708e-05,0.0015700568821283162,0.0,False,0.5
7.068246810278506e-05,0.004192991341289957,810002,False,teacher,12.0,,,0.01,0.003570341163625642,-3.7917415941148464e-05,0.0015883056923382765,0.0,False,0.5
0.00029892576776746366,0.004023858998108992,810003,False,teacher,12.0,,,0.01,0.003653002934329782,-0.00022993475847784758,0.001508398461669239,0.0,False,0.5
-0.0009505851332633752,0.004831737229947246,810004,False,teacher,12.0,,,0.01,0.004431672706600005,0.0005703649579850687,0.002072892675652895,0.0,False,0.5
0.0,0.0,810001,False,passive,12.0,,,0.05,0.015006736953280187,0.0006975525838839905,0.007472785355807158,0.0,False,0.5
0.0,0.0,810002,False,passive,12.0,,,0.05,0.022175125883267813,-0.00032352931017904437,0.010034406089994927,0.0,False,0.5
0.0,0.0,810003,False,passive,12.0,,,0.05,0.012358455063288592,-0.001954233335669629,0.00638894801241874,0.0,False,0.5
0.0,0.0,810004,False,passive,12.0,,,0.05,0.022907719602432028,0.0024611999816267585,0.010227634274196458,0.0,False,0.5
0.0004980940928542273,0.009536952435185746,810001,False,teacher,12.0,,,0.05,0.007040872693260151,-0.00015797423258521106,0.0034250141578073537,0.0,False,0.5
0.00016877051743155664,0.008995023318288086,810002,False,teacher,12.0,,,0.05,0.007797628691998605,-0.00010310692195722237,0.003495458225194965,0.0,False,0.5
0.0007170959896670288,0.008626491762300098,810003,False,teacher,12.0,,,0.05,0.00793372037583874,-0.0005280035067765562,0.003308040845403695,0.0,False,0.5
-0.0021988063651975677,0.010534486576877496,810004,False,teacher,12.0,,,0.05,0.009734530043574868,0.0012812117393272327,0.004592367189846187,0.0,False,0.5
0.0,0.0,810001,False,passive,12.0,,,0.2,0.027000641013523792,0.0015798357593429285,0.013650222188420841,0.0,False,0.5
0.0,0.0,810002,False,passive,12.0,,,0.2,0.04047840792900211,-0.0008707041639479261,0.01903462632639224,0.0,False,0.5
0.0,0.0,810003,False,passive,12.0,,,0.2,0.02232161301950343,-0.0035985758966016,0.011919237581539493,0.0,False,0.5
0.0,0.0,810004,False,passive,12.0,,,0.2,0.0407657368333018,0.004381837608576831,0.018659750635589455,0.0,False,0.5
0.0007375742385087689,0.014588378691590517,810001,False,teacher,12.0,,,0.2,0.010904535167069407,-0.00015112771070522777,0.005515242573067907,0.0,False,0.5
0.00040185747993681017,0.014356574902394684,810002,False,teacher,12.0,,,0.2,0.013775618817333605,-0.00022204797100732973,0.005985075762375168,0.0,False,0.5
0.0017217291442762643,0.013633303286258443,810003,False,teacher,12.0,,,0.2,0.012640419134667562,-0.0011509647880311225,0.005630667133690129,0.0,False,0.5
-0.004561279174221793,0.01800772974633219,810004,False,teacher,12.0,,,0.2,0.017431610165683023,0.0024511900260551483,0.008235428378190282,0.0,False,0.5
0.0,0.0,810001,False,passive,12.0,,,1.0,0.02877487157201264,0.0010016821495072727,0.013897515602029896,0.0,False,0.5
0.0,0.0,810002,False,passive,12.0,,,1.0,0.05027168661608991,-0.0022736318859714905,0.023466877147416517,0.0,False,0.5
0.0,0.0,810003,False,passive,12.0,,,1.0,0.030461370849147115,-0.00626724460778696,0.015237114029062667,0.0,False,0.5
0.0,0.0,810004,False,passive,12.0,,,1.0,0.048415867609705836,0.009268224305563613,0.027261054957865984,0.0,False,0.5
0.0004828572531469643,0.011310268515005283,810001,False,teacher,12.0,,,1.0,0.009771372803759738,-0.00014694269862331586,0.004712114895902919,0.0,False,0.5
0.0008316464862086499,0.012874508684944306,810002,False,teacher,12.0,,,1.0,0.014390603805660844,-0.0004674711320216661,0.006013934052673868,0.0,False,0.5
0.0043659681515555784,0.012300728936503965,810003,False,teacher,12.0,,,1.0,0.013155967502229372,-0.0026069363854690475,0.00583671381526139,0.0,False,0.5
-0.0076041420065018905,0.01995354262033201,810004,False,teacher,12.0,,,1.0,0.018775915250189488,0.003989798474608907,0.010160464531024704,0.0,False,0.5
0.0002474322418372025,0.04017864116467994,810001,False,transformer,12.0,,11,0.01,0.04829764886248929,0.00043354233739215667,0.016153603667081184,0.0,False,0.05
0.0008714631903502157,0.03362039386909277,810002,False,transformer,12.0,,11,0.01,0.037868288333750035,0.0003762776723637682,0.01365453524017207,0.0,False,0.05
0.00023691947675410994,0.03523323348550235,810003,False,transformer,12.0,,11,0.01,0.05243317604647215,-2.2585285353131435e-05,0.013588509585432378,0.0,False,0.05
0.0001025289752417189,0.040197189550535445,810004,False,transformer,12.0,,11,0.01,0.05206770604518986,0.0014766963830910394,0.015485037779493883,0.0,False,0.05
-0.0002661600377824382,0.04055962389926872,810001,False,transformer,12.0,,22,0.01,0.04807619419495676,-7.295172916709122e-05,0.016225813804566162,0.0,False,0.05
0.00039538501037486486,0.03391127015185983,810002,False,transformer,12.0,,22,0.01,0.03829062859273676,-0.00010398925119629369,0.013707741924176701,0.0,False,0.05
-0.0002689888742235206,0.03529515873873497,810003,False,transformer,12.0,,22,0.01,0.05269910802267332,-0.0005194832674725045,0.013573278471232032,0.0,False,0.05
-0.0003874302572674174,0.04047838616392931,810004,False,transformer,12.0,,22,0.01,0.05108789625623469,0.000986731119110228,0.015470272756279768,0.0,False,0.05
-0.00037640651118836245,0.04255447353901206,810001,False,transformer,12.0,,33,0.01,0.04892241689566264,-0.00018608785828509153,0.016671738601042544,0.0,False,0.05
0.0002839144448645717,0.03487808082294184,810002,False,transformer,12.0,,33,0.01,0.03770384525511422,-0.0002483649390846576,0.013864883359419709,0.0,False,0.05
-0.0004077239448411838,0.036744380161015965,810003,False,transformer,12.0,,33,0.01,0.054837497334921645,-0.0006635234244047887,0.013881340051817424,0.0,False,0.05
-0.0005208930285233537,0.042191206431247325,810004,False,transformer,12.0,,33,0.01,0.05296998386618401,0.0008562990477049688,0.01584195877815656,0.0,False,0.05
0.00010414652112460843,0.047189478106213455,810001,False,transformer,12.0,,11,0.05,0.07778924280820132,-0.00010178726254930531,0.02292089776764946,0.0,False,0.05
0.0004341357325513809,0.03858439155730959,810002,False,transformer,12.0,,11,0.05,0.062363329445653995,6.763651273006545e-05,0.01887096480721515,0.0,False,0.05
-4.441678524018372e-05,0.039892144286292015,810003,False,transformer,12.0,,11,0.05,0.07136199074313015,-0.0008260664040942589,0.019553604367273644,0.0,False,0.05
-0.0002499597892165041,0.044700339156869044,810004,False,transformer,12.0,,11,0.05,0.059132764058627024,0.0024075996473477807,0.020193711292197398,0.0,False,0.05
-0.00016665519939525447,0.046818179361828006,810001,False,transformer,12.0,,22,0.05,0.07672520234254644,-0.0003642840944023133,0.02300275145974728,0.0,False,0.05
0.00020403888076540421,0.03832482474660653,810002,False,transformer,12.0,,22,0.05,0.06190881714613205,-0.00013109310665715065,0.018996166671704257,0.0,False,0.05
-0.0002558284956548053,0.039296139545434365,810003,False,transformer,12.0,,22,0.05,0.07239788965627143,-0.0010454699154737197,0.01962976725865233,0.0,False,0.05
-0.0004477250741587594,0.04396260962721935,810004,False,transformer,12.0,,22,0.05,0.0587651658890912,0.0022080248720375163,0.020239842405832823,0.0,False,0.05
-0.00010074637105892176,0.04656015980714744,810001,False,transformer,12.0,,33,0.05,0.07693677054787777,-0.00030909510707825735,0.022976916617926876,0.0,False,0.05
0.00020272127300911632,0.03784328710065832,810002,False,transformer,12.0,,33,0.05,0.062033657106018394,-0.0001142225959336363,0.01900444349532664,0.0,False,0.05
-0.00022391943416248835,0.03858267081400889,810003,False,transformer,12.0,,33,0.05,0.07232368674365368,-0.00101196550396749,0.019592816998038484,0.0,False,0.05
-0.0004213814820266295,0.04395405996522821,810004,False,transformer,12.0,,33,0.05,0.05911366886985288,0.002236393795486717,0.020322438664654503,0.0,False,0.05
0.00021825125233996368,0.02568302704940674,810001,False,transformer,12.0,,11,0.2,0.05297848974875651,-0.0003869638120590011,0.019776992645915835,0.0,False,0.05
0.00017648268077107216,0.02172425028560819,810002,False,transformer,12.0,,11,0.2,0.048496475559026614,-0.00012644459640905934,0.017744634915682105,0.0,False,0.05
0.0002570265821284724,0.022153869286468144,810003,False,transformer,12.0,,11,0.2,0.053807668695858554,-0.001997234565846898,0.017486010785944965,0.0,False,0.05
-0.0006547906953427427,0.024567928371226556,810004,False,transformer,12.0,,11,0.2,0.04499452772212884,0.004889164615632432,0.020122965616278514,0.0,False,0.05
0.00022075394789379538,0.026687261138696333,810001,False,transformer,12.0,,22,0.2,0.05387681309186793,-0.00038323005597413215,0.019948925593493417,0.0,False,0.05
0.00020993114345602268,0.02229192874335299,810002,False,transformer,12.0,,22,0.2,0.04887201330305715,-0.00010474851812748073,0.017846945781593307,0.0,False,0.05
0.0002600985103183334,0.022537456253391593,810003,False,transformer,12.0,,22,0.2,0.05408237814860752,-0.0019894489081240373,0.017586264469159844,0.0,False,0.05
-0.0006274088306559366,0.024881557585558284,810004,False,transformer,12.0,,22,0.2,0.04527833990386627,0.004911924384883821,0.020197910874287545,0.0,False,0.05
7.973129033216262e-05,0.025777907321027048,810001,False,transformer,12.0,,33,0.2,0.05337357632735681,-0.0005244523953052047,0.019787856463764717,0.0,False,0.05
6.175311747937129e-05,0.021526380363232286,810002,False,transformer,12.0,,33,0.2,0.04791888218140245,-0.00024812217996171673,0.017742117041547077,0.0,False,0.05
0.00013101227426280668,0.022030051215584566,810003,False,transformer,12.0,,33,0.2,0.05365482858199098,-0.0021187647621495266,0.017497038585492647,0.0,False,0.05
-0.000757358624185945,0.024518848635293557,810004,False,transformer,12.0,,33,0.2,0.045298091324035956,0.004782970837017802,0.02011083521841116,0.0,False,0.05
0.0001913878445824064,0.011958615780090937,810001,False,transformer,12.0,,11,1.0,0.041020527540544256,-0.0007685814642200352,0.012581925405677614,0.0,False,0.05
0.0001933083766036517,0.010197974545781365,810002,False,transformer,12.0,,11,1.0,0.03416346668332132,-0.0009207644428890204,0.013488432991369832,0.0,False,0.05
0.0008582067199879241,0.010251907031955982,810003,False,transformer,12.0,,11,1.0,0.03655668263235675,-0.0055288910435801805,0.013123612219245016,0.0,False,0.05
-0.0015485835323731068,0.011729026178131798,810004,False,transformer,12.0,,11,1.0,0.0483378755689256,0.009413338301600519,0.022175229810434963,0.0,False,0.05
-0.0001297740389903316,0.013499942507510843,810001,False,transformer,12.0,,22,1.0,0.042152002146440354,-0.001081005395429325,0.012747039494533688,0.0,False,0.05
-0.00010825156751606622,0.011331442220745709,810002,False,transformer,12.0,,22,1.0,0.034236918716573216,-0.0012360705452307645,0.013606485958015386,0.0,False,0.05
0.0005291572544309852,0.01122501852421881,810003,False,transformer,12.0,,22,1.0,0.038037417939848946,-0.005849053557271739,0.013361610855878942,0.0,False,0.05
-0.0018817349150776809,0.012645894809413869,810004,False,transformer,12.0,,22,1.0,0.0485355271039018,0.009075391328115096,0.022075824119873216,0.0,False,0.05
4.490618335290805e-05,0.011914724786442041,810001,False,transformer,12.0,,33,1.0,0.04093117630730225,-0.0009188621611011862,0.012600083377813856,0.0,False,0.05
5.0341285402986514e-05,0.009955107006227325,810002,False,transformer,12.0,,33,1.0,0.03410803731194487,-0.0010496400282478916,0.013499344402213873,0.0,False,0.05
0.0007403026823885766,0.01005831804862355,810003,False,transformer,12.0,,33,1.0,0.03712402592628081,-0.00565080623753501,0.01318103937516794,0.0,False,0.05
-0.0016939428158932234,0.011611545576850235,810004,False,transformer,12.0,,33,1.0,0.047968830251874164,0.009264835054402117,0.022089045340102514,0.0,False,0.05
9.272868434562455e-07,0.014244871841229068,810001,False,transformer,12.0,,11,0.01,0.02261404264222419,-0.0001774931524787327,0.007037751462616623,0.0,False,0.1
-7.582006769048439e-05,0.012272436813594504,810002,False,transformer,12.0,,11,0.01,0.01572517926437741,-8.236932961686856e-05,0.005899536203895204,0.0,False,0.1
0.00010333215610849354,0.01440635995246298,810003,False,transformer,12.0,,11,0.01,0.022767184833118192,-0.0004458246615254576,0.006488655087430069,0.0,False,0.1
-0.0006587739081846342,0.011960632181909542,810004,False,transformer,12.0,,11,0.01,0.017031226257536225,0.0005538388425648998,0.00547051917993252,0.0,False,0.1
4.5501593914293996e-05,0.014075107156411507,810001,False,transformer,12.0,,22,0.01,0.0226207927959612,-0.00012880211632541349,0.007068988310389774,0.0,False,0.1
-2.0540437350676514e-05,0.012111110184251641,810002,False,transformer,12.0,,22,0.01,0.01578575476073679,-2.897051295453538e-05,0.005901298561933619,0.0,False,0.1
0.00014612154828178294,0.0141252666916576,810003,False,transformer,12.0,,22,0.01,0.022696582084175135,-0.00039636679356681674,0.006467165949882029,0.0,False,0.1
-0.0006183856498036124,0.011839564762138955,810004,False,transformer,12.0,,22,0.01,0.0170958210322657,0.0005967964560951315,0.00549688469380065,0.0,False,0.1
0.00018624847961796332,0.014166921296501832,810001,False,transformer,12.0,,33,0.01,0.022433886520851088,9.497709734387071e-06,0.007052723877160563,0.0,False,0.1
0.00010846805965734287,0.012194078956035855,810002,False,transformer,12.0,,33,0.01,0.016071165283840626,0.00010527745144303027,0.005921172818711547,0.0,False,0.1
0.0002835879086827318,0.014341476429572855,810003,False,transformer,12.0,,33,0.01,0.02246048932208693,-0.0002591418641628118,0.00646709727788836,0.0,False,0.1
-0.00048492928139037594,0.01187755444356505,810004,False,transformer,12.0,,33,0.01,0.017438149761776545,0.0007300885627032353,0.0055118463020437354,0.0,False,0.1
0.00030631559590497834,0.02345578693763927,810001,False,transformer,12.0,,11,0.05,0.040409473901407006,1.8959006092620653e-05,0.013295227929298954,0.0,False,0.1
0.0002254596104224563,0.01960210995127322,810002,False,transformer,12.0,,11,0.05,0.030162108830136806,0.0002197154228630791,0.010997670648152913,0.0,False,0.1
0.0005520657077431772,0.023093368497016806,810003,False,transformer,12.0,,11,0.05,0.04075820230640383,-0.0004280437625719485,0.011760970213521897,0.0,False,0.1
-0.0010269449527065034,0.01817506919172638,810004,False,transformer,12.0,,11,0.05,0.03224028922829082,0.0017565732212796695,0.01019950975636118,0.0,False,0.1
5.400324654247318e-05,0.023440716057705042,810001,False,transformer,12.0,,22,0.05,0.04071218089538939,-0.00023571307158129766,0.013302924627366364,0.0,False,0.1
-1.619835694630516e-05,0.019646870440643716,810002,False,transformer,12.0,,22,0.05,0.029836141487495266,-2.7188754224562136e-05,0.010983039578463574,0.0,False,0.1
0.00029331417133411663,0.02327766575047796,810003,False,transformer,12.0,,22,0.05,0.041059052328202866,-0.000678829131971864,0.011810984732259605,0.0,False,0.1
-0.0012979037066300797,0.018359180534135593,810004,False,transformer,12.0,,22,0.05,0.03189519071257718,0.0014881764032633556,0.010221165301737225,0.0,False,0.1
7.847110482138997e-05,0.02348518053059838,810001,False,transformer,12.0,,33,0.05,0.040196880121419726,-0.0002141430172903286,0.013234648752768733,0.0,False,0.1
-2.6752785779532903e-05,0.019515779839922816,810002,False,transformer,12.0,,33,0.05,0.029953435646276328,-3.165194871583912e-05,0.010951839450558087,0.0,False,0.1
0.00033196123368625186,0.023134863947591063,810003,False,transformer,12.0,,33,0.05,0.040463463597431935,-0.0006429134719923004,0.011702356712146745,0.0,False,0.1
-0.0013037912495848297,0.018216578119682515,810004,False,transformer,12.0,,33,0.05,0.03212717538986624,0.0014809892935568677,0.010176540021589492,0.0,False,0.1
7.281886620653383e-05,0.019648708193918202,810001,False,transformer,12.0,,11,0.2,0.037132099260159306,-0.00043502267994495545,0.013468186924981349,0.0,False,0.1
-1.8143314454285817e-05,0.016647465481544554,810002,False,transformer,12.0,,11,0.2,0.030247489863271707,-0.0002560109017048302,0.011873484249775891,0.0,False,0.1
0.0007593511914213522,0.018434237550564968,810003,False,transformer,12.0,,11,0.2,0.036756624265368014,-0.0014636584980940045,0.01186667899011885,0.0,False,0.1
-0.0026158276945352655,0.015904700229375734,810004,False,transformer,12.0,,11,0.2,0.0294921995884648,0.00304467184537126,0.012693661806468082,0.0,False,0.1
0.00016737395690546552,0.01944725280399126,810001,False,transformer,12.0,,22,0.2,0.03737341438382001,-0.0003306200376751769,0.013644108099929666,0.0,False,0.1
9.082541283634493e-05,0.016381250136433705,810002,False,transformer,12.0,,22,0.2,0.03029854154766699,-0.00015189071917403688,0.011961043117920803,0.0,False,0.1
0.0008400374650955227,0.018026868657370413,810003,False,transformer,12.0,,22,0.2,0.036963352774229,-0.0013699315080345695,0.011968560604791909,0.0,False,0.1
-0.0025192158296704356,0.015720211148534318,810004,False,transformer,12.0,,22,0.2,0.029770025090152266,0.003143327749361177,0.012824371884281885,0.0,False,0.1
0.00013603196117198488,0.01943467493310903,810001,False,transformer,12.0,,33,0.2,0.03668320199819347,-0.0003711030329701053,0.013534860047868491,0.0,False,0.1
3.0878852897638296e-05,0.016314916868632037,810002,False,transformer,12.0,,33,0.2,0.03011506485020715,-0.0002028869545044196,0.011945386597053648,0.0,False,0.1
0.0008199254490642125,0.018004433089306486,810003,False,transformer,12.0,,33,0.2,0.03611743604419736,-0.0013938596059096774,0.011877032597744232,0.0,False,0.1
-0.002548144554667597,0.01565141793727732,810004,False,transformer,12.0,,33,0.2,0.029976094557399077,0.0031132435085393932,0.012823395625121208,0.0,False,0.1
0.0005280081596639388,0.010505978837902621,810001,False,transformer,12.0,,11,1.0,0.024693314531405854,-0.00036666191166748,0.008496826031171837,0.0,False,0.1
0.0006146399014525971,0.009805257503536544,810002,False,transformer,12.0,,11,1.0,0.022860695336153494,-0.00048443705593261075,0.008973152606735826,0.0,False,0.1
0.0029027110503779528,0.01041127354520151,810003,False,transformer,12.0,,11,1.0,0.025261295502568202,-0.003472180304003559,0.008738273698261243,0.0,False,0.1
-0.004782513839503131,0.01292880371935191,810004,False,transformer,12.0,,11,1.0,0.030621485066107103,0.0062404223498222855,0.014477989369790393,0.0,False,0.1
0.00042796635793314683,0.010484246795560965,810001,False,transformer,12.0,,22,1.0,0.024638348188926455,-0.000468477311641703,0.00847907513906339,0.0,False,0.1
0.0005053863053520548,0.009745090650348016,810002,False,transformer,12.0,,22,1.0,0.022850308476731574,-0.0005918833125388835,0.008966174883574379,0.0,False,0.1
0.002788775666720339,0.010303599145805167,810003,False,transformer,12.0,,22,1.0,0.025139940292000753,-0.0035866221707411164,0.008772763787480608,0.0,False,0.1
-0.004903475346250668,0.012920794152822726,810004,False,transformer,12.0,,22,1.0,0.03053415816326967,0.006120229226352551,0.014458736008207114,0.0,False,0.1
0.00042994938557967165,0.010410713647750052,810001,False,transformer,12.0,,33,1.0,0.024549099470641208,-0.00046937624954215904,0.008567284087494817,0.0,False,0.1
0.0005225490688139387,0.009678523331887842,810002,False,transformer,12.0,,33,1.0,0.023076582949915884,-0.0005667358775500343,0.00902061199968841,0.0,False,0.1
0.0028031289318783425,0.010172617349421615,810003,False,transformer,12.0,,33,1.0,0.02491177583922754,-0.0035712884218950694,0.00880710094960231,0.0,False,0.1
-0.004816908583096751,0.012795246607213605,810004,False,transformer,12.0,,33,1.0,0.03093638636785764,0.006206725371356135,0.014586155497509117,0.0,False,0.1
1.4267915652856335e-05,0.009599841209538678,810001,False,transformer,12.0,,11,0.01,0.011049286975100834,-0.0001110608965225333,0.004065210432973581,0.0,False,0.2
-7.621397160821617e-05,0.007816996319702363,810002,False,transformer,12.0,,11,0.01,0.009554731872511192,-5.077817235771327e-05,0.0034810056162710118,0.0,False,0.2
7.522636817561414e-05,0.00770518962305093,810003,False,transformer,12.0,,11,0.01,0.009134292640839729,-0.0002699513272445428,0.0032502972458406144,0.0,False,0.2
-0.0006627840383185292,0.0066086586458195574,810004,False,transformer,12.0,,11,0.01,0.009505319368142636,0.00044225485480215484,0.00316081492767845,0.0,False,0.2
1.6499103771298647e-06,0.009637437156855558,810001,False,transformer,12.0,,22,0.01,0.011430545045699507,-0.00013257606675067449,0.004178266894295217,0.0,False,0.2
-7.999280467629549e-05,0.007835751194783561,810002,False,transformer,12.0,,22,0.01,0.009863640274217371,-6.018168816487699e-05,0.0035616686919800237,0.0,False,0.2
5.074480548501181e-05,0.007731976587939944,810003,False,transformer,12.0,,22,0.01,0.009443541199345842,-0.0002889262724835173,0.003344546624652003,0.0,False,0.2
-0.0006792389539380876,0.006638907105523196,810004,False,transformer,12.0,,22,0.01,0.009862443139666952,0.0004177145592234987,0.0032045451774876167,0.0,False,0.2
0.00023468315834179358,0.009614961762759689,810001,False,transformer,12.0,,33,0.01,0.011073121876717181,0.00010380921214979602,0.004099638524264994,0.0,False,0.2
0.00015954253367251664,0.00783507830288685,810002,False,transformer,12.0,,33,0.01,0.00992235374995256,0.00018874938609587152,0.003505443436462554,0.0,False,0.2
0.00029817342111427094,0.007714215699928401,810003,False,transformer,12.0,,33,0.01,0.009015882116370224,-4.4011467752330876e-05,0.003273517604514826,0.0,False,0.2
-0.00044130486669019,0.006639032481955893,810004,False,transformer,12.0,,33,0.01,0.009928083680727954,0.0006615947153320412,0.003202260004924201,0.0,False,0.2
0.00014162119064065848,0.019133904108911283,810001,False,transformer,12.0,,11,0.05,0.023180869034525677,-0.0002524062254834851,0.008535801473870501,0.0,False,0.2
-8.800408285525112e-05,0.015683264815464473,810002,False,transformer,12.0,,11,0.05,0.01915346189634338,-0.00010535587892833903,0.007283547036247343,0.0,False,0.2
0.0003303162670797787,0.015236859162811393,810003,False,transformer,12.0,,11,0.05,0.01841320352141901,-0.0005363007852652626,0.006736601354337704,0.0,False,0.2
-0.001443334172169372,0.013110156465711151,810004,False,transformer,12.0,,11,0.05,0.019697713740026865,0.0010657205832809733,0.006736357299509589,0.0,False,0.2
0.00016280113202002007,0.018909505040967518,810001,False,transformer,12.0,,22,0.05,0.02366076055736144,-0.0002522180181720801,0.008659694214751662,0.0,False,0.2
-3.077942464086683e-05,0.015524108335137657,810002,False,transformer,12.0,,22,0.05,0.01956807140126192,-5.474137270787289e-05,0.007375433743437047,0.0,False,0.2
0.0003418547949857202,0.01514398342789886,810003,False,transformer,12.0,,22,0.05,0.018965873964982127,-0.0005266409947481691,0.006898213144646597,0.0,False,0.2
-0.001393895540386441,0.01307566263112499,810004,False,transformer,12.0,,22,0.05,0.02027405629921796,0.0011149759882977425,0.006831916631894804,0.0,False,0.2
0.0003187158013073075,0.01894585232009141,810001,False,transformer,12.0,,33,0.05,0.023254042119236526,-9.65315664203051e-05,0.008603701077061427,0.0,False,0.2
0.0001093190274615253,0.015549680813468907,810002,False,transformer,12.0,,33,0.05,0.019638739265190195,9.669855214164115e-05,0.007354445268212978,0.0,False,0.2
0.0005057865443329039,0.015111086762073138,810003,False,transformer,12.0,,33,0.05,0.018585703190503695,-0.000363594503853024,0.00685542376456043,0.0,False,0.2
-0.0012616151703211203,0.013094066647631181,810004,False,transformer,12.0,,33,0.05,0.02040429968352874,0.0012464963922731607,0.006836446178566546,0.0,False,0.2
0.0004868143921097085,0.021833622046944414,810001,False,transformer,12.0,,11,0.2,0.02740834572213975,-0.0003561282684987102,0.010672479952116606,0.0,False,0.2
0.00015967533199323463,0.018571148472601277,810002,False,transformer,12.0,,11,0.2,0.02428612570387316,-0.00020099893081673877,0.00958332874005252,0.0,False,0.2
0.0012846881854865289,0.017513467318578436,810003,False,transformer,12.0,,11,0.2,0.023556519928718777,-0.0011411369106564082,0.008745047634222401,0.0,False,0.2
-0.0030805537518527777,0.01730309354632688,810004,False,transformer,12.0,,11,0.2,0.022896389939030114,0.0024575699630044793,0.01024305970629073,0.0,False,0.2
0.0003503144822186867,0.022027828057891538,810001,False,transformer,12.0,,22,0.2,0.02809457390531515,-0.0005092943633276504,0.010752117907542175,0.0,False,0.2
3.421990407837789e-05,0.01871886705896518,810002,False,transformer,12.0,,22,0.2,0.023884177919036947,-0.00034040609015760525,0.009608673255158283,0.0,False,0.2
0.0011350789728264016,0.017712239006744797,810003,False,transformer,12.0,,22,0.2,0.024335880320935584,-0.0012963025447313879,0.008896229737810882,0.0,False,0.2
-0.0032749188029103796,0.01749862964333327,810004,False,transformer,12.0,,22,0.2,0.023409190018193946,0.002262614007021116,0.010165169631217707,0.0,False,0.2
0.0005188532659990897,0.021650647529089146,810001,False,transformer,12.0,,33,0.2,0.027560710681175004,-0.000333873166228659,0.01070191273589098,0.0,False,0.2
0.0001933855139132996,0.01844781043647381,810002,False,transformer,12.0,,33,0.2,0.023952629307409223,-0.00016103016955689543,0.009632151863956277,0.0,False,0.2
0.0013005350938894693,0.017338690265579475,810003,False,transformer,12.0,,33,0.2,0.024020068925836056,-0.0011379851525455372,0.008889982066802566,0.0,False,0.2
-0.0030680612474679996,0.017271590555069223,810004,False,transformer,12.0,,33,0.2,0.02324511592346061,0.002479189665651293,0.010311192920410517,0.0,False,0.2
0.0005831968701548029,0.012999805889526171,810001,False,transformer,12.0,,11,1.0,0.01762222945308833,-0.0004671615124599075,0.007083190345221645,0.0,False,0.2
0.0006245097476575106,0.012227688206100549,810002,False,transformer,12.0,,11,1.0,0.019411995899039632,-0.0005645070018076117,0.007449911399860357,0.0,False,0.2
0.0036143843581279123,0.01162232989705727,810003,False,transformer,12.0,,11,1.0,0.02056199412673908,-0.0029546947756230297,0.007049171866706737,0.0,False,0.2
-0.006245031377507582,0.01622548836131978,810004,False,transformer,12.0,,11,1.0,0.022592392442851595,0.004800282936662767,0.011610199122947144,0.0,False,0.2
0.0005189386920796489,0.0130020857810645,810001,False,transformer,12.0,,22,1.0,0.01753289431114882,-0.0005419642892670368,0.007086329495993836,0.0,False,0.2
0.0005390633642673488,0.012246692012299184,810002,False,transformer,12.0,,22,1.0,0.019256671949875064,-0.0006647645873331764,0.00747568881463848,0.0,False,0.2
0.0034990830160677435,0.011595462166437611,810003,False,transformer,12.0,,22,1.0,0.02122819005881544,-0.003086912903485953,0.007179739035823661,0.0,False,0.2
-0.006379661791854436,0.01627822682673342,810004,False,transformer,12.0,,22,1.0,0.02222661831868167,0.004673400848847996,0.011559696309864444,0.0,False,0.2
0.001071161978308938,0.013476166266886046,810001,False,transformer,12.0,,33,1.0,0.018523171121470054,6.540933068445471e-06,0.007305254825480019,0.0,False,0.2
0.001097597962814486,0.012601678586381409,810002,False,transformer,12.0,,33,1.0,0.02017426258697391,-9.817001425910475e-05,0.007575743140472563,0.0,False,0.2
0.004105245053457721,0.011989984845529775,810003,False,transformer,12.0,,33,1.0,0.020860062200470784,-0.0024884502823368237,0.007074543112263363,0.0,False,0.2
-0.005914391697280933,0.01622054999007015,810004,False,transformer,12.0,,33,1.0,0.02303205613650977,0.005134235045427987,0.011806574736325293,0.0,False,0.2
0.00016664953488442565,0.004551499650187278,810001,False,transformer,12.0,,11,0.01,0.0033544422279349587,-0.000148525679939132,0.0016497954125535522,0.0,False,0.5
9.536790764994482e-06,0.004254349202133792,810002,False,transformer,12.0,,11,0.01,0.003696482460354309,-0.0001095395143401793,0.0016692626209294436,0.0,False,0.5
0.0002236147535343965,0.004052360895381207,810003,False,transformer,12.0,,11,0.01,0.003739445086920389,-0.0003145498201124165,0.0015897419256230986,0.0,False,0.5
-0.0009998926478955478,0.004869828526074744,810004,False,transformer,12.0,,11,0.01,0.0047004947210384194,0.0005350483615233202,0.0021592647046751257,0.0,False,0.5
0.00038528148084878886,0.004661868247480409,810001,False,transformer,12.0,,22,0.01,0.0037137710117664947,6.495112247090106e-05,0.0016888669036683442,0.0,False,0.5
0.00022488186756769769,0.004363927922462084,810002,False,transformer,12.0,,22,0.01,0.003954232847218266,0.00010031016591216172,0.0017059276992219187,0.0,False,0.5
0.0004395794247587523,0.004117502658515087,810003,False,transformer,12.0,,22,0.01,0.004052646184228558,-0.00010432627079585239,0.0015979410939067347,0.0,False,0.5
-0.0008057363869415393,0.004943412115856223,810004,False,transformer,12.0,,22,0.01,0.004855383759269283,0.0007411375324868882,0.0022600595682259962,0.0,False,0.5
0.00019845839227653156,0.004627537070164585,810001,False,transformer,12.0,,33,0.01,0.003543394603700435,-0.00012766644441764626,0.0017216225651066658,0.0,False,0.5
3.567750488097438e-05,0.00433436592161473,810002,False,transformer,12.0,,33,0.01,0.003841777810046174,-8.950024820652355e-05,0.001740413207234956,0.0,False,0.5
0.00024578666599053476,0.004091483664459819,810003,False,transformer,12.0,,33,0.01,0.003966048848697156,-0.00030263683722084225,0.0016609853539337322,0.0,False,0.5
-0.000999139950145036,0.004949254041422413,810004,False,transformer,12.0,,33,0.01,0.004873184127503464,0.0005654592248417519,0.0022541578656338538,0.0,False,0.5
0.00041489685575167253,0.009715895949415802,810001,False,transformer,12.0,,11,0.05,0.006997345031476553,-0.0002508026482271841,0.0034849606778217255,0.0,False,0.5
9.220215181509653e-05,0.009114997716998285,810002,False,transformer,12.0,,11,0.05,0.007796230996216324,-0.00018699768936985314,0.0035463841941538207,0.0,False,0.5
0.0006271619970599816,0.008769118600915242,810003,False,transformer,12.0,,11,0.05,0.007968578301712057,-0.0006105306712356699,0.0033710338121261734,0.0,False,0.5
-0.0022791938028401816,0.010631157596394493,810004,False,transformer,12.0,,11,0.05,0.009993514024222428,0.0012127252232016418,0.004626877803496595,0.0,False,0.5
0.0005573564229740026,0.009805121230786945,810001,False,transformer,12.0,,22,0.05,0.007290077641590418,-9.879479184577916e-05,0.0034794901229628413,0.0,False,0.5
0.00023563275734583486,0.009220578689859395,810002,False,transformer,12.0,,22,0.05,0.00800526743912266,-4.9307897025402526e-05,0.003551864485331036,0.0,False,0.5
0.0007747595281236697,0.008780954140025273,810003,False,transformer,12.0,,22,0.05,0.00806227565318896,-0.0004849612552603068,0.0033455203917039547,0.0,False,0.5
-0.0021321238039268397,0.010679312343746925,810004,False,transformer,12.0,,22,0.05,0.00989292254533731,0.001348399180831105,0.004687256176385794,0.0,False,0.5
0.0006389313170479396,0.009828693045445707,810001,False,transformer,12.0,,33,0.05,0.007263464636824368,-2.9894185233164384e-05,0.003506202707021533,0.0,False,0.5
0.00031384588400315994,0.009226967028065199,810002,False,transformer,12.0,,33,0.05,0.008129671286009162,3.145390931993046e-05,0.003587449998588408,0.0,False,0.5
0.0008514460786763169,0.008835976070708433,810003,False,transformer,12.0,,33,0.05,0.008236145284259347,-0.0004019516653080389,0.003383711032189969,0.0,False,0.5
-0.002075061647273187,0.010656389013370906,810004,False,transformer,12.0,,33,0.05,0.01021448725130702,0.0014339387443441935,0.004751990177789018,0.0,False,0.5
0.0006422119670444054,0.014868214251411311,810001,False,transformer,12.0,,11,0.2,0.011095282328692972,-0.00025730896524675366,0.0055547590660190395,0.0,False,0.5
0.0003095200802716945,0.014564602222453598,810002,False,transformer,12.0,,11,0.2,0.013718461901852363,-0.0003183793405047411,0.006014331077703075,0.0,False,0.5
0.0016319501606954453,0.013839705694484603,810003,False,transformer,12.0,,11,0.2,0.012665917001730049,-0.0012346091754846522,0.005686659727215202,0.0,False,0.5
-0.004662842825055127,0.018169973040597042,810004,False,transformer,12.0,,11,0.2,0.01757353840731282,0.0023638626714697474,0.00825882258193729,0.0,False,0.5
0.0006493345047864644,0.015059189777388208,810001,False,transformer,12.0,,22,0.2,0.011195783528457298,-0.00025719084005152777,0.005612276560022012,0.0,False,0.5
0.000316060980161031,0.014738056689754326,810002,False,transformer,12.0,,22,0.2,0.013802073793089762,-0.0003264290473616109,0.006061874759142164,0.0,False,0.5
0.001633815210726526,0.013924942086923587,810003,False,transformer,12.0,,22,0.2,0.012724732980664647,-0.0012523039953988653,0.005729650277929811,0.0,False,0.5
-0.004714612472388483,0.018333674970597617,810004,False,transformer,12.0,,22,0.2,0.017693231966348682,0.0023383827538542086,0.0082925898845841,0.0,False,0.5
0.0006020292805300823,0.015212997867544488,810001,False,transformer,12.0,,33,0.2,0.011232256394978747,-0.0003109287270160483,0.005608190156084231,0.0,False,0.5
0.00028459929033285906,0.014877987743699195,810002,False,transformer,12.0,,33,0.2,0.013788005569482025,-0.00036100203638731343,0.0060641287762559885,0.0,False,0.5
0.0015992018011295136,0.014057786413352862,810003,False,transformer,12.0,,33,0.2,0.012678761103215377,-0.0012865015149843046,0.005734633532229693,0.0,False,0.5
-0.004766565689610109,0.018415468188488764,810004,False,transformer,12.0,,33,0.2,0.017716340910291544,0.0023030605339601374,0.008298242315329935,0.0,False,0.5
0.0005503770005371836,0.011627710079625469,810001,False,transformer,12.0,,11,1.0,0.009697227210544257,-9.296396965068066e-05,0.004713568623892138,0.0,False,0.5
0.0009056713390681476,0.013103221423555767,810002,False,transformer,12.0,,11,1.0,0.014477677366051064,-0.00040681105144341857,0.005998132828276645,0.0,False,0.5
0.004446926079690457,0.012531337079884651,810003,False,transformer,12.0,,11,1.0,0.013185105167262288,-0.0025345680982267263,0.005804223209219788,0.0,False,0.5
-0.007600904011891948,0.02009405239083858,810004,False,transformer,12.0,,11,1.0,0.018804788636268083,0.004025378032666689,0.010185064048218579,0.0,False,0.5
0.0005686506960127089,0.011953198520473721,810001,False,transformer,12.0,,22,1.0,0.00985127427926317,-8.547816735927327e-05,0.004789682140899032,0.0,False,0.5
0.0009105312575896578,0.013366993425845923,810002,False,transformer,12.0,,22,1.0,0.014630897403584107,-0.0004085840371084005,0.006035115935901696,0.0,False,0.5
0.004456301993793912,0.012705571373566316,810003,False,transformer,12.0,,22,1.0,0.013399539840866309,-0.002529291099588759,0.005866623291555917,0.0,False,0.5
-0.0076830364349815584,0.020330110849452847,810004,False,transformer,12.0,,22,1.0,0.018952962127059058,0.003997541187155448,0.010183367389075552,0.0,False,0.5
0.00023540807887911797,0.011950153375794725,810001,False,transformer,12.0,,33,1.0,0.010221019584321644,-0.0004070586365286759,0.004841171246378684,0.0,False,0.5
0.0005928492608169739,0.013370998387950379,810002,False,transformer,12.0,,33,1.0,0.014528325074751764,-0.000718809441513741,0.00614815103596952,0.0,False,0.5
0.004150649794480867,0.01266733202199976,810003,False,transformer,12.0,,33,1.0,0.013779082954249379,-0.002860275758741989,0.006069538640819985,0.0,False,0.5
-0.007917612066699406,0.020388603136990785,810004,False,transformer,12.0,,33,1.0,0.019392472622356903,0.0037530966397513127,0.010246284495231057,0.0,False,0.5
