tau,noise_tau,seed,parameters,epochs_run,best_epoch,validation_mse,initial_validation_mse,train_examples,validation_examples,training_seconds,checkpoint,checkpoint_sha256,initial_checkpoint,intermediate_checkpoint,final_checkpoint
0.05,0.01,11,17889,50,50,0.0010390363848258438,0.6320430928297004,1296,486,6.200136451050639,/home/ball/transformer-closed-loop-inhibition/runs/timescale_maps/checkpoints/tau_0.05_noise_0.01/seed_11/selected.pt,081dc02d32e9ee9e169434e6d5f59fef746b6bb0f5fd97bd03b42750a33f8e9b,/home/ball/transformer-closed-loop-inhibition/runs/timescale_maps/checkpoints/tau_0.05_noise_0.01/seed_11/initial.pt,/home/ball/transformer-closed-loop-inhibition/runs/timescale_maps/checkpoints/tau_0.05_noise_0.01/seed_11/epoch_025.pt,/home/ball/transformer-closed-loop-inhibition/runs/timescale_maps/checkpoints/tau_0.05_noise_0.01/seed_11/final.pt
0.05,0.01,22,17889,50,50,0.000525990140781481,0.3459777518064397,1296,486,6.211278550326824,/home/ball/transformer-closed-loop-inhibition/runs/timescale_maps/checkpoints/tau_0.05_noise_0.01/seed_22/selected.pt,b13ea08167a9ebfe670a46d4605f0473537c73c712ec6af4fe87e6b686f217e4,/home/ball/transformer-closed-loop-inhibition/runs/timescale_maps/checkpoints/tau_0.05_noise_0.01/seed_22/initial.pt,/home/ball/transformer-closed-loop-inhibition/runs/timescale_maps/checkpoints/tau_0.05_noise_0.01/seed_22/epoch_025.pt,/home/ball/transformer-closed-loop-inhibition/runs/timescale_maps/checkpoints/tau_0.05_noise_0.01/seed_22/final.pt
0.05,0.01,33,17889,50,50,0.0007825203147935278,0.6364693347318673,1296,486,6.211560282856226,/home/ball/transformer-closed-loop-inhibition/runs/timescale_maps/checkpoints/tau_0.05_noise_0.01/seed_33/selected.pt,f573a3b6ad8583495eb8f38953dfbe4c773adb4beb389ed8ca80312c1ab71011,/home/ball/transformer-closed-loop-inhibition/runs/timescale_maps/checkpoints/tau_0.05_noise_0.01/seed_33/initial.pt,/home/ball/transformer-closed-loop-inhibition/runs/timescale_maps/checkpoints/tau_0.05_noise_0.01/seed_33/epoch_025.pt,/home/ball/transformer-closed-loop-inhibition/runs/timescale_maps/checkpoints/tau_0.05_noise_0.01/seed_33/final.pt
0.05,0.05,11,17889,50,49,0.00086855630815765,0.6561018076453189,1296,486,6.1704910565167665,/home/ball/transformer-closed-loop-inhibition/runs/timescale_maps/checkpoints/tau_0.05_noise_0.05/seed_11/selected.pt,5db2803f62a9646fd24393d853c932a8586684fd3c089f44547602005ad35e6c,/home/ball/transformer-closed-loop-inhibition/runs/timescale_maps/checkpoints/tau_0.05_noise_0.05/seed_11/initial.pt,/home/ball/transformer-closed-loop-inhibition/runs/timescale_maps/checkpoints/tau_0.05_noise_0.05/seed_11/epoch_025.pt,/home/ball/transformer-closed-loop-inhibition/runs/timescale_maps/checkpoints/tau_0.05_noise_0.05/seed_11/final.pt
0.05,0.05,22,17889,50,45,0.00036849756054426906,0.37963239253793724,1296,486,6.155948664993048,/home/ball/transformer-closed-loop-inhibition/runs/timescale_maps/checkpoints/tau_0.05_noise_0.05/seed_22/selected.pt,f58d8a3ec00e84d1609c84dc35d7bb912f278256cec55bdac1f4fd188349db48,/home/ball/transformer-closed-loop-inhibition/runs/timescale_maps/checkpoints/tau_0.05_noise_0.05/seed_22/initial.pt,/home/ball/transformer-closed-loop-inhibition/runs/timescale_maps/checkpoints/tau_0.05_noise_0.05/seed_22/epoch_025.pt,/home/ball/transformer-closed-loop-inhibition/runs/timescale_maps/checkpoints/tau_0.05_noise_0.05/seed_22/final.pt
0.05,0.05,33,17889,50,47,0.0005812220612671149,0.6466772762345679,1296,486,6.19640957377851,/home/ball/transformer-closed-loop-inhibition/runs/timescale_maps/checkpoints/tau_0.05_noise_0.05/seed_33/selected.pt,13705589426833fb5169c5df21d2ac2e82dd4d2e6972961e90b7314993a89ec8,/home/ball/transformer-closed-loop-inhibition/runs/timescale_maps/checkpoints/tau_0.05_noise_0.05/seed_33/initial.pt,/home/ball/transformer-closed-loop-inhibition/runs/timescale_maps/checkpoints/tau_0.05_noise_0.05/seed_33/epoch_025.pt,/home/ball/transformer-closed-loop-inhibition/runs/timescale_maps/checkpoints/tau_0.05_noise_0.05/seed_33/final.pt
0.05,0.2,11,17889,50,50,0.0010056707226199868,0.6284584704740548,1296,486,6.157042404636741,/home/ball/transformer-closed-loop-inhibition/runs/timescale_maps/checkpoints/tau_0.05_noise_0.2/seed_11/selected.pt,d45f696fc5005f8df9318a1cece71fe6716fb2e7ceba13ee298bc9040bbc3ae7,/home/ball/transformer-closed-loop-inhibition/runs/timescale_maps/checkpoints/tau_0.05_noise_0.2/seed_11/initial.pt,/home/ball/transformer-closed-loop-inhibition/runs/timescale_maps/checkpoints/tau_0.05_noise_0.2/seed_11/epoch_025.pt,/home/ball/transformer-closed-loop-inhibition/runs/timescale_maps/checkpoints/tau_0.05_noise_0.2/seed_11/final.pt
0.05,0.2,22,17889,50,47,0.0005951880672831594,0.2615463194042567,1296,486,6.161744372919202,/home/ball/transformer-closed-loop-inhibition/runs/timescale_maps/checkpoints/tau_0.05_noise_0.2/seed_22/selected.pt,a04b9e17224835aa53bd8738617bc9e8234f94d94efe3c90e39041a860f07d2c,/home/ball/transformer-closed-loop-inhibition/runs/timescale_maps/checkpoints/tau_0.05_noise_0.2/seed_22/initial.pt,/home/ball/transformer-closed-loop-inhibition/runs/timescale_maps/checkpoints/tau_0.05_noise_0.2/seed_22/epoch_025.pt,/home/ball/transformer-closed-loop-inhibition/runs/timescale_maps/checkpoints/tau_0.05_noise_0.2/seed_22/final.pt
0.05,0.2,33,17889,50,50,0.0007877047537776178,0.5623862812057935,1296,486,6.215939227491617,/home/ball/transformer-closed-loop-inhibition/runs/timescale_maps/checkpoints/tau_0.05_noise_0.2/seed_33/selected.pt,25c131946e69a643050d92880148ebf074b806c30a06ea88c22fee175705aabb,/home/ball/transformer-closed-loop-inhibition/runs/timescale_maps/checkpoints/tau_0.05_noise_0.2/seed_33/initial.pt,/home/ball/transformer-closed-loop-inhibition/runs/timescale_maps/checkpoints/tau_0.05_noise_0.2/seed_33/epoch_025.pt,/home/ball/transformer-closed-loop-inhibition/runs/timescale_maps/checkpoints/tau_0.05_noise_0.2/seed_33/final.pt
0.05,1.0,11,17889,50,49,0.0010707751223089272,0.6321833732196823,1296,486,6.151907669380307,/home/ball/transformer-closed-loop-inhibition/runs/timescale_maps/checkpoints/tau_0.05_noise_1/seed_11/selected.pt,21c292ed772d4750115c224291e2b6c2bb18fc70126184e2769905bc16085413,/home/ball/transformer-closed-loop-inhibition/runs/timescale_maps/checkpoints/tau_0.05_noise_1/seed_11/initial.pt,/home/ball/transformer-closed-loop-inhibition/runs/timescale_maps/checkpoints/tau_0.05_noise_1/seed_11/epoch_025.pt,/home/ball/transformer-closed-loop-inhibition/runs/timescale_maps/checkpoints/tau_0.05_noise_1/seed_11/final.pt
0.05,1.0,22,17889,50,47,0.0008427864362182931,0.21674795896428112,1296,486,9.190223643556237,/home/ball/transformer-closed-loop-inhibition/runs/timescale_maps/checkpoints/tau_0.05_noise_1/seed_22/selected.pt,e408f06570c10d18c99b48c159bbf98043510729ad8dc84ff5113b4cd3807f21,/home/ball/transformer-closed-loop-inhibition/runs/timescale_maps/checkpoints/tau_0.05_noise_1/seed_22/initial.pt,/home/ball/transformer-closed-loop-inhibition/runs/timescale_maps/checkpoints/tau_0.05_noise_1/seed_22/epoch_025.pt,/home/ball/transformer-closed-loop-inhibition/runs/timescale_maps/checkpoints/tau_0.05_noise_1/seed_22/final.pt
0.05,1.0,33,17889,50,47,0.000830144180682461,0.5300708660863555,1296,486,6.216507500037551,/home/ball/transformer-closed-loop-inhibition/runs/timescale_maps/checkpoints/tau_0.05_noise_1/seed_33/selected.pt,664efafa5e78647d4d81c49b91bad83fad8801f0b0ebef28a700ea9846522c96,/home/ball/transformer-closed-loop-inhibition/runs/timescale_maps/checkpoints/tau_0.05_noise_1/seed_33/initial.pt,/home/ball/transformer-closed-loop-inhibition/runs/timescale_maps/checkpoints/tau_0.05_noise_1/seed_33/epoch_025.pt,/home/ball/transformer-closed-loop-inhibition/runs/timescale_maps/checkpoints/tau_0.05_noise_1/seed_33/final.pt
0.1,0.01,11,17889,50,48,0.0006916232928327082,0.819759981131848,1296,486,6.1224448420107365,/home/ball/transformer-closed-loop-inhibition/runs/timescale_maps/checkpoints/tau_0.1_noise_0.01/seed_11/selected.pt,764a9cd88db7b44cd739e32360d7830b6a0fcde7ba6c0452faf12e7f946093b1,/home/ball/transformer-closed-loop-inhibition/runs/timescale_maps/checkpoints/tau_0.1_noise_0.01/seed_11/initial.pt,/home/ball/transformer-closed-loop-inhibition/runs/timescale_maps/checkpoints/tau_0.1_noise_0.01/seed_11/epoch_025.pt,/home/ball/transformer-closed-loop-inhibition/runs/timescale_maps/checkpoints/tau_0.1_noise_0.01/seed_11/final.pt
0.1,0.01,22,17889,50,48,0.0002073139074898551,0.1269232667522666,1296,486,6.049374459311366,/home/ball/transformer-closed-loop-inhibition/runs/timescale_maps/checkpoints/tau_0.1_noise_0.01/seed_22/selected.pt,7033d46e1bb20f60f9f8acd8dc558ad7c698de65830aaacc15e9b36d231fb7b8,/home/ball/transformer-closed-loop-inhibition/runs/timescale_maps/checkpoints/tau_0.1_noise_0.01/seed_22/initial.pt,/home/ball/transformer-closed-loop-inhibition/runs/timescale_maps/checkpoints/tau_0.1_noise_0.01/seed_22/epoch_025.pt,/home/ball/transformer-closed-loop-inhibition/runs/timescale_maps/checkpoints/tau_0.1_noise_0.01/seed_22/final.pt
0.1,0.01,33,17889,50,50,0.0003869323818771927,0.24715046823760609,1296,486,6.051880192011595,/home/ball/transformer-closed-loop-inhibition/runs/timescale_maps/checkpoints/tau_0.1_noise_0.01/seed_33/selected.pt,005fb18a5d86ecf2674a81dc37fa749be0d6e94a46ce6bb3dbcd1113148deeea,/home/ball/transformer-closed-loop-inhibition/runs/timescale_maps/checkpoints/tau_0.1_noise_0.01/seed_33/initial.pt,/home/ball/transformer-closed-loop-inhibition/runs/timescale_maps/checkpoints/tau_0.1_noise_0.01/seed_33/epoch_025.pt,/home/ball/transformer-closed-loop-inhibition/runs/timescale_maps/checkpoints/tau_0.1_noise_0.01/seed_33/final.pt
0.1,0.05,11,17889,50,46,0.0006863098944165579,0.8742918791594328,1296,486,6.052063496783376,/home/ball/transformer-closed-loop-inhibition/runs/timescale_maps/checkpoints/tau_0.1_noise_0.05/seed_11/selected.pt,b03fe498d6e57d9cdb2b74e94d7ec686c9da54bb8af82727ee05fdbc3d2eac96,/home/ball/transformer-closed-loop-inhibition/runs/timescale_maps/checkpoints/tau_0.1_noise_0.05/seed_11/initial.pt,/home/ball/transformer-closed-loop-inhibition/runs/timescale_maps/checkpoints/tau_0.1_noise_0.05/seed_11/epoch_025.pt,/home/ball/transformer-closed-loop-inhibition/runs/timescale_maps/checkpoints/tau_0.1_noise_0.05/seed_11/final.pt
0.1,0.05,22,17889,50,50,0.0003008023211004312,0.1662217756357703,1296,486,6.068120110780001,/home/ball/transformer-closed-loop-inhibition/runs/timescale_maps/checkpoints/tau_0.1_noise_0.05/seed_22/selected.pt,3294935b6655cf9782a473c106de0e5ff0bda27f627acca2738907ba870da353,/home/ball/transformer-closed-loop-inhibition/runs/timescale_maps/checkpoints/tau_0.1_noise_0.05/seed_22/initial.pt,/home/ball/transformer-closed-loop-inhibition/runs/timescale_maps/checkpoints/tau_0.1_noise_0.05/seed_22/epoch_025.pt,/home/ball/transformer-closed-loop-inhibition/runs/timescale_maps/checkpoints/tau_0.1_noise_0.05/seed_22/final.pt
0.1,0.05,33,17889,50,49,0.00035189677781038325,0.2612996670444316,1296,486,6.053342396393418,/home/ball/transformer-closed-loop-inhibition/runs/timescale_maps/checkpoints/tau_0.1_noise_0.05/seed_33/selected.pt,dfb8209054840e2acac0716b1cd07a3150afc9d35f1f7048e439e42168fdfeb6,/home/ball/transformer-closed-loop-inhibition/runs/timescale_maps/checkpoints/tau_0.1_noise_0.05/seed_33/initial.pt,/home/ball/transformer-closed-loop-inhibition/runs/timescale_maps/checkpoints/tau_0.1_noise_0.05/seed_33/epoch_025.pt,/home/ball/transformer-closed-loop-inhibition/runs/timescale_maps/checkpoints/tau_0.1_noise_0.05/seed_33/final.pt
0.1,0.2,11,17889,50,49,0.0006699689008571484,0.8925017054679463,1296,486,6.07357238419354,/home/ball/transformer-closed-loop-inhibition/runs/timescale_maps/checkpoints/tau_0.1_noise_0.2/seed_11/selected.pt,da19c7f362f9e388739389879f2903e9797803d6def6525b623178b839712b48,/home/ball/transformer-closed-loop-inhibition/runs/timescale_maps/checkpoints/tau_0.1_noise_0.2/seed_11/initial.pt,/home/ball/transformer-closed-loop-inhibition/runs/timescale_maps/checkpoints/tau_0.1_noise_0.2/seed_11/epoch_025.pt,/home/ball/transformer-closed-loop-inhibition/runs/timescale_maps/checkpoints/tau_0.1_noise_0.2/seed_11/final.pt
0.1,0.2,22,17889,50,42,0.00033993755348425345,0.14793979974440585,1296,486,6.095024235546589,/home/ball/transformer-closed-loop-inhibition/runs/timescale_maps/checkpoints/tau_0.1_noise_0.2/seed_22/selected.pt,f8236e8d70e83ea5a57b4080867476be3d24a670b6f913d22010e813f1eeaa3d,/home/ball/transformer-closed-loop-inhibition/runs/timescale_maps/checkpoints/tau_0.1_noise_0.2/seed_22/initial.pt,/home/ball/transformer-closed-loop-inhibition/runs/timescale_maps/checkpoints/tau_0.1_noise_0.2/seed_22/epoch_025.pt,/home/ball/transformer-closed-loop-inhibition/runs/timescale_maps/checkpoints/tau_0.1_noise_0.2/seed_22/final.pt
0.1,0.2,33,17889,50,50,0.00040317161215676204,0.25896748986263823,1296,486,6.040487231686711,/home/ball/transformer-closed-loop-inhibition/runs/timescale_maps/checkpoints/tau_0.1_noise_0.2/seed_33/selected.pt,2a4bc09a3bd89564d3cccf81307ae0cc7295cb48ae0057438a49ab74d471c989,/home/ball/transformer-closed-loop-inhibition/runs/timescale_maps/checkpoints/tau_0.1_noise_0.2/seed_33/initial.pt,/home/ball/transformer-closed-loop-inhibition/runs/timescale_maps/checkpoints/tau_0.1_noise_0.2/seed_33/epoch_025.pt,/home/ball/transformer-closed-loop-inhibition/runs/timescale_maps/checkpoints/tau_0.1_noise_0.2/seed_33/final.pt
0.1,1.0,11,17889,50,49,0.0006861821000958666,0.9168527862172068,1296,486,6.019708689302206,/home/ball/transformer-closed-loop-inhibition/runs/timescale_maps/checkpoints/tau_0.1_noise_1/seed_11/selected.pt,4dc1d422507a3a359dd767507cbe01dfe6cb83ab258d65d9fe0437de23306686,/home/ball/transformer-closed-loop-inhibition/runs/timescale_maps/checkpoints/tau_0.1_noise_1/seed_11/initial.pt,/home/ball/transformer-closed-loop-inhibition/runs/timescale_maps/checkpoints/tau_0.1_noise_1/seed_11/epoch_025.pt,/home/ball/transformer-closed-loop-inhibition/runs/timescale_maps/checkpoints/tau_0.1_noise_1/seed_11/final.pt
0.1,1.0,22,17889,50,49,0.00022252696593111926,0.13396929517204378,1296,486,6.06320353038609,/home/ball/transformer-closed-loop-inhibition/runs/timescale_maps/checkpoints/tau_0.1_noise_1/seed_22/selected.pt,c81c7404d5ce1ed49a5ca7fbf3ddf26be57eebfecad5a14423e0dd042b938243,/home/ball/transformer-closed-loop-inhibition/runs/timescale_maps/checkpoints/tau_0.1_noise_1/seed_22/initial.pt,/home/ball/transformer-closed-loop-inhibition/runs/timescale_maps/checkpoints/tau_0.1_noise_1/seed_22/epoch_025.pt,/home/ball/transformer-closed-loop-inhibition/runs/timescale_maps/checkpoints/tau_0.1_noise_1/seed_22/final.pt
0.1,1.0,33,17889,50,50,0.0004187089548189454,0.257417325620298,1296,486,6.029539821669459,/home/ball/transformer-closed-loop-inhibition/runs/timescale_maps/checkpoints/tau_0.1_noise_1/seed_33/selected.pt,3ec8080ce9c049405262cb458f2f5498232edc50e0103edcc5ab15ca0790c0db,/home/ball/transformer-closed-loop-inhibition/runs/timescale_maps/checkpoints/tau_0.1_noise_1/seed_33/initial.pt,/home/ball/transformer-closed-loop-inhibition/runs/timescale_maps/checkpoints/tau_0.1_noise_1/seed_33/epoch_025.pt,/home/ball/transformer-closed-loop-inhibition/runs/timescale_maps/checkpoints/tau_0.1_noise_1/seed_33/final.pt
0.2,0.01,11,17889,50,50,0.00043833982429386655,1.1188433611834492,1296,486,6.071079095825553,/home/ball/transformer-closed-loop-inhibition/runs/timescale_maps/checkpoints/tau_0.2_noise_0.01/seed_11/selected.pt,93b38b8ec5f199342df4de4daddfe9dbfea79511ce15444a4c49907f22247efe,/home/ball/transformer-closed-loop-inhibition/runs/timescale_maps/checkpoints/tau_0.2_noise_0.01/seed_11/initial.pt,/home/ball/transformer-closed-loop-inhibition/runs/timescale_maps/checkpoints/tau_0.2_noise_0.01/seed_11/epoch_025.pt,/home/ball/transformer-closed-loop-inhibition/runs/timescale_maps/checkpoints/tau_0.2_noise_0.01/seed_11/final.pt
0.2,0.01,22,17889,50,47,0.0002906167335471008,0.13201934123726047,1296,486,6.085891889408231,/home/ball/transformer-closed-loop-inhibition/runs/timescale_maps/checkpoints/tau_0.2_noise_0.01/seed_22/selected.pt,d1497a26b8afbb631f32769fb4e9121e57128fda2622352deae8ce9344096b29,/home/ball/transformer-closed-loop-inhibition/runs/timescale_maps/checkpoints/tau_0.2_noise_0.01/seed_22/initial.pt,/home/ball/transformer-closed-loop-inhibition/runs/timescale_maps/checkpoints/tau_0.2_noise_0.01/seed_22/epoch_025.pt,/home/ball/transformer-closed-loop-inhibition/runs/timescale_maps/checkpoints/tau_0.2_noise_0.01/seed_22/final.pt
0.2,0.01,33,17889,50,50,0.0006170087635762407,0.17896160863554528,1296,486,6.074852371588349,/home/ball/transformer-closed-loop-inhibition/runs/timescale_maps/checkpoints/tau_0.2_noise_0.01/seed_33/selected.pt,77f20ed6c1b6b8b963464520985de2b075ad46346e55b6a39742eeaff1656ff6,/home/ball/transformer-closed-loop-inhibition/runs/timescale_maps/checkpoints/tau_0.2_noise_0.01/seed_33/initial.pt,/home/ball/transformer-closed-loop-inhibition/runs/timescale_maps/checkpoints/tau_0.2_noise_0.01/seed_33/epoch_025.pt,/home/ball/transformer-closed-loop-inhibition/runs/timescale_maps/checkpoints/tau_0.2_noise_0.01/seed_33/final.pt
0.2,0.05,11,17889,50,50,0.00048615194765138037,1.1496958791473766,1296,486,6.107955623418093,/home/ball/transformer-closed-loop-inhibition/runs/timescale_maps/checkpoints/tau_0.2_noise_0.05/seed_11/selected.pt,5622b9a4530b1d4ac531cb3f6275fe422612a9d8f75dda804e50b816a7e46cfb,/home/ball/transformer-closed-loop-inhibition/runs/timescale_maps/checkpoints/tau_0.2_noise_0.05/seed_11/initial.pt,/home/ball/transformer-closed-loop-inhibition/runs/timescale_maps/checkpoints/tau_0.2_noise_0.05/seed_11/epoch_025.pt,/home/ball/transformer-closed-loop-inhibition/runs/timescale_maps/checkpoints/tau_0.2_noise_0.05/seed_11/final.pt
0.2,0.05,22,17889,50,47,0.0002790144932122878,0.15554479905116705,1296,486,6.070713795721531,/home/ball/transformer-closed-loop-inhibition/runs/timescale_maps/checkpoints/tau_0.2_noise_0.05/seed_22/selected.pt,d7a5d001c3717937159d8f2478666ae262f5c98d660a16cf6532c001a2f1d2c5,/home/ball/transformer-closed-loop-inhibition/runs/timescale_maps/checkpoints/tau_0.2_noise_0.05/seed_22/initial.pt,/home/ball/transformer-closed-loop-inhibition/runs/timescale_maps/checkpoints/tau_0.2_noise_0.05/seed_22/epoch_025.pt,/home/ball/transformer-closed-loop-inhibition/runs/timescale_maps/checkpoints/tau_0.2_noise_0.05/seed_22/final.pt
0.2,0.05,33,17889,50,49,0.0006904568937089709,0.18813944059144322,1296,486,6.075728069990873,/home/ball/transformer-closed-loop-inhibition/runs/timescale_maps/checkpoints/tau_0.2_noise_0.05/seed_33/selected.pt,e8fbb6ace8510221d990f6450a049aa72136f821731c4083ba9e892f9d2891a1,/home/ball/transformer-closed-loop-inhibition/runs/timescale_maps/checkpoints/tau_0.2_noise_0.05/seed_33/initial.pt,/home/ball/transformer-closed-loop-inhibition/runs/timescale_maps/checkpoints/tau_0.2_noise_0.05/seed_33/epoch_025.pt,/home/ball/transformer-closed-loop-inhibition/runs/timescale_maps/checkpoints/tau_0.2_noise_0.05/seed_33/final.pt
0.2,0.2,11,17889,50,45,0.000500471534307111,1.1932336626720037,1296,486,6.076743891462684,/home/ball/transformer-closed-loop-inhibition/runs/timescale_maps/checkpoints/tau_0.2_noise_0.2/seed_11/selected.pt,bfc97c46e358759f942311a6aafe4298986e8ce9d497803816a36d9182d183a4,/home/ball/transformer-closed-loop-inhibition/runs/timescale_maps/checkpoints/tau_0.2_noise_0.2/seed_11/initial.pt,/home/ball/transformer-closed-loop-inhibition/runs/timescale_maps/checkpoints/tau_0.2_noise_0.2/seed_11/epoch_025.pt,/home/ball/transformer-closed-loop-inhibition/runs/timescale_maps/checkpoints/tau_0.2_noise_0.2/seed_11/final.pt
0.2,0.2,22,17889,50,44,0.0002627606377189542,0.17366674603748714,1296,486,6.0569026954472065,/home/ball/transformer-closed-loop-inhibition/runs/timescale_maps/checkpoints/tau_0.2_noise_0.2/seed_22/selected.pt,189c9228df473d0899930e754e9901118e70d7e6c7c9a8acaf5a92230d322e5b,/home/ball/transformer-closed-loop-inhibition/runs/timescale_maps/checkpoints/tau_0.2_noise_0.2/seed_22/initial.pt,/home/ball/transformer-closed-loop-inhibition/runs/timescale_maps/checkpoints/tau_0.2_noise_0.2/seed_22/epoch_025.pt,/home/ball/transformer-closed-loop-inhibition/runs/timescale_maps/checkpoints/tau_0.2_noise_0.2/seed_22/final.pt
0.2,0.2,33,17889,50,49,0.0005641615194548305,0.19836110244562596,1296,486,6.06795490346849,/home/ball/transformer-closed-loop-inhibition/runs/timescale_maps/checkpoints/tau_0.2_noise_0.2/seed_33/selected.pt,b82d4515c39cfab6d96d2d8318625695643a4b16692ac9918d1149bdd6cef537,/home/ball/transformer-closed-loop-inhibition/runs/timescale_maps/checkpoints/tau_0.2_noise_0.2/seed_33/initial.pt,/home/ball/transformer-closed-loop-inhibition/runs/timescale_maps/checkpoints/tau_0.2_noise_0.2/seed_33/epoch_025.pt,/home/ball/transformer-closed-loop-inhibition/runs/timescale_maps/checkpoints/tau_0.2_noise_0.2/seed_33/final.pt
0.2,1.0,11,17889,50,50,0.0005635337697135077,1.2379302350581918,1296,486,6.074799247086048,/home/ball/transformer-closed-loop-inhibition/runs/timescale_maps/checkpoints/tau_0.2_noise_1/seed_11/selected.pt,a2997b079143360c08def49575abe531f9a1da7ec087dae5df4029dac75a9134,/home/ball/transformer-closed-loop-inhibition/runs/timescale_maps/checkpoints/tau_0.2_noise_1/seed_11/initial.pt,/home/ball/transformer-closed-loop-inhibition/runs/timescale_maps/checkpoints/tau_0.2_noise_1/seed_11/epoch_025.pt,/home/ball/transformer-closed-loop-inhibition/runs/timescale_maps/checkpoints/tau_0.2_noise_1/seed_11/final.pt
0.2,1.0,22,17889,50,50,0.0003130844345799199,0.17480427934309092,1296,486,6.063020454719663,/home/ball/transformer-closed-loop-inhibition/runs/timescale_maps/checkpoints/tau_0.2_noise_1/seed_22/selected.pt,65833a17ce2cfef2ab7f5ed8e13fdd2401e084f871e16383bf9619fcb5d78e05,/home/ball/transformer-closed-loop-inhibition/runs/timescale_maps/checkpoints/tau_0.2_noise_1/seed_22/initial.pt,/home/ball/transformer-closed-loop-inhibition/runs/timescale_maps/checkpoints/tau_0.2_noise_1/seed_22/epoch_025.pt,/home/ball/transformer-closed-loop-inhibition/runs/timescale_maps/checkpoints/tau_0.2_noise_1/seed_22/final.pt
0.2,1.0,33,17889,50,36,0.0006532651284104022,0.20305175153316293,1296,486,6.0383540112525225,/home/ball/transformer-closed-loop-inhibition/runs/timescale_maps/checkpoints/tau_0.2_noise_1/seed_33/selected.pt,350c8ca27faca73dd72ee1ac951947b7958893e11bda32739495899db3afa4c5,/home/ball/transformer-closed-loop-inhibition/runs/timescale_maps/checkpoints/tau_0.2_noise_1/seed_33/initial.pt,/home/ball/transformer-closed-loop-inhibition/runs/timescale_maps/checkpoints/tau_0.2_noise_1/seed_33/epoch_025.pt,/home/ball/transformer-closed-loop-inhibition/runs/timescale_maps/checkpoints/tau_0.2_noise_1/seed_33/final.pt
0.5,0.01,11,17889,50,50,0.0005019915447313599,1.2641604074234825,1296,486,6.043216951191425,/home/ball/transformer-closed-loop-inhibition/runs/timescale_maps/checkpoints/tau_0.5_noise_0.01/seed_11/selected.pt,057c816f0157f4c99e9f7a96197599f14c1f73c0dbbf3ff9fa35f186e57dbc39,/home/ball/transformer-closed-loop-inhibition/runs/timescale_maps/checkpoints/tau_0.5_noise_0.01/seed_11/initial.pt,/home/ball/transformer-closed-loop-inhibition/runs/timescale_maps/checkpoints/tau_0.5_noise_0.01/seed_11/epoch_025.pt,/home/ball/transformer-closed-loop-inhibition/runs/timescale_maps/checkpoints/tau_0.5_noise_0.01/seed_11/final.pt
0.5,0.01,22,17889,50,47,0.00032602710488401814,0.23315231888382523,1296,486,6.103581121191382,/home/ball/transformer-closed-loop-inhibition/runs/timescale_maps/checkpoints/tau_0.5_noise_0.01/seed_22/selected.pt,6e69bdfb9eb78d29767bfc7817e729083b1fa27235f0c0691b4da97fca91b443,/home/ball/transformer-closed-loop-inhibition/runs/timescale_maps/checkpoints/tau_0.5_noise_0.01/seed_22/initial.pt,/home/ball/transformer-closed-loop-inhibition/runs/timescale_maps/checkpoints/tau_0.5_noise_0.01/seed_22/epoch_025.pt,/home/ball/transformer-closed-loop-inhibition/runs/timescale_maps/checkpoints/tau_0.5_noise_0.01/seed_22/final.pt
0.5,0.01,33,17889,50,48,0.0006495465834935507,0.1919004966202096,1296,486,6.0822122395038605,/home/ball/transformer-closed-loop-inhibition/runs/timescale_maps/checkpoints/tau_0.5_noise_0.01/seed_33/selected.pt,aa1c90775c800de9970eb02bfcdf5486e390a35b989c664b0e10145db4748bd2,/home/ball/transformer-closed-loop-inhibition/runs/timescale_maps/checkpoints/tau_0.5_noise_0.01/seed_33/initial.pt,/home/ball/transformer-closed-loop-inhibition/runs/timescale_maps/checkpoints/tau_0.5_noise_0.01/seed_33/epoch_025.pt,/home/ball/transformer-closed-loop-inhibition/runs/timescale_maps/checkpoints/tau_0.5_noise_0.01/seed_33/final.pt
0.5,0.05,11,17889,50,49,0.0004947716868463367,1.2832701883198303,1296,486,6.081441342830658,/home/ball/transformer-closed-loop-inhibition/runs/timescale_maps/checkpoints/tau_0.5_noise_0.05/seed_11/selected.pt,0ba04c875ac317725878e3c286a9422b49cafa5f355f0758e118aeb423bab62e,/home/ball/transformer-closed-loop-inhibition/runs/timescale_maps/checkpoints/tau_0.5_noise_0.05/seed_11/initial.pt,/home/ball/transformer-closed-loop-inhibition/runs/timescale_maps/checkpoints/tau_0.5_noise_0.05/seed_11/epoch_025.pt,/home/ball/transformer-closed-loop-inhibition/runs/timescale_maps/checkpoints/tau_0.5_noise_0.05/seed_11/final.pt
0.5,0.05,22,17889,50,47,0.00033079983030327064,0.24487557430816775,1296,486,6.055065477266908,/home/ball/transformer-closed-loop-inhibition/runs/timescale_maps/checkpoints/tau_0.5_noise_0.05/seed_22/selected.pt,5bc4b5349ddb7f2197866eb28fb6350ba6bbf2944a6e46673eae42fda02769b4,/home/ball/transformer-closed-loop-inhibition/runs/timescale_maps/checkpoints/tau_0.5_noise_0.05/seed_22/initial.pt,/home/ball/transformer-closed-loop-inhibition/runs/timescale_maps/checkpoints/tau_0.5_noise_0.05/seed_22/epoch_025.pt,/home/ball/transformer-closed-loop-inhibition/runs/timescale_maps/checkpoints/tau_0.5_noise_0.05/seed_22/final.pt
0.5,0.05,33,17889,50,50,0.0006836424639195572,0.19558332780751672,1296,486,6.079438408836722,/home/ball/transformer-closed-loop-inhibition/runs/timescale_maps/checkpoints/tau_0.5_noise_0.05/seed_33/selected.pt,031ab319c957c1e62b8971fbf2435ec71d562e82b664cc817635c831af514876,/home/ball/transformer-closed-loop-inhibition/runs/timescale_maps/checkpoints/tau_0.5_noise_0.05/seed_33/initial.pt,/home/ball/transformer-closed-loop-inhibition/runs/timescale_maps/checkpoints/tau_0.5_noise_0.05/seed_33/epoch_025.pt,/home/ball/transformer-closed-loop-inhibition/runs/timescale_maps/checkpoints/tau_0.5_noise_0.05/seed_33/final.pt
0.5,0.2,11,17889,50,49,0.0004569651106748071,1.3150740258487654,1296,486,6.065451210364699,/home/ball/transformer-closed-loop-inhibition/runs/timescale_maps/checkpoints/tau_0.5_noise_0.2/seed_11/selected.pt,24a827aeff83f2c16a31f1c356172b47f168361106e8a8f186d6d05b5170d98d,/home/ball/transformer-closed-loop-inhibition/runs/timescale_maps/checkpoints/tau_0.5_noise_0.2/seed_11/initial.pt,/home/ball/transformer-closed-loop-inhibition/runs/timescale_maps/checkpoints/tau_0.5_noise_0.2/seed_11/epoch_025.pt,/home/ball/transformer-closed-loop-inhibition/runs/timescale_maps/checkpoints/tau_0.5_noise_0.2/seed_11/final.pt
0.5,0.2,22,17889,50,48,0.0002949590422979598,0.26657751263904966,1296,486,5.938507670536637,/home/ball/transformer-closed-loop-inhibition/runs/timescale_maps/checkpoints/tau_0.5_noise_0.2/seed_22/selected.pt,9ca6284942987d7706baae679c14f21134356fbac524b9cffe5a3ef220e55f39,/home/ball/transformer-closed-loop-inhibition/runs/timescale_maps/checkpoints/tau_0.5_noise_0.2/seed_22/initial.pt,/home/ball/transformer-closed-loop-inhibition/runs/timescale_maps/checkpoints/tau_0.5_noise_0.2/seed_22/epoch_025.pt,/home/ball/transformer-closed-loop-inhibition/runs/timescale_maps/checkpoints/tau_0.5_noise_0.2/seed_22/final.pt
0.5,0.2,33,17889,50,50,0.0005240664805895017,0.20353755244502314,1296,486,5.953584227710962,/home/ball/transformer-closed-loop-inhibition/runs/timescale_maps/checkpoints/tau_0.5_noise_0.2/seed_33/selected.pt,7218decf1a06071d8657927abb04e9866a055892670e925140457b9f18c2b7c1,/home/ball/transformer-closed-loop-inhibition/runs/timescale_maps/checkpoints/tau_0.5_noise_0.2/seed_33/initial.pt,/home/ball/transformer-closed-loop-inhibition/runs/timescale_maps/checkpoints/tau_0.5_noise_0.2/seed_33/epoch_025.pt,/home/ball/transformer-closed-loop-inhibition/runs/timescale_maps/checkpoints/tau_0.5_noise_0.2/seed_33/final.pt
0.5,1.0,11,17889,50,49,0.0004548664691516892,1.3743870111159335,1296,486,5.9651954006403685,/home/ball/transformer-closed-loop-inhibition/runs/timescale_maps/checkpoints/tau_0.5_noise_1/seed_11/selected.pt,de2190e862a733e0969d46da220ef912ee6eadcf3d7547b5bb81cfd1b8d89f77,/home/ball/transformer-closed-loop-inhibition/runs/timescale_maps/checkpoints/tau_0.5_noise_1/seed_11/initial.pt,/home/ball/transformer-closed-loop-inhibition/runs/timescale_maps/checkpoints/tau_0.5_noise_1/seed_11/epoch_025.pt,/home/ball/transformer-closed-loop-inhibition/runs/timescale_maps/checkpoints/tau_0.5_noise_1/seed_11/final.pt
0.5,1.0,22,17889,50,43,0.00025033378981268454,0.2968194592636799,1296,486,5.957344019785523,/home/ball/transformer-closed-loop-inhibition/runs/timescale_maps/checkpoints/tau_0.5_noise_1/seed_22/selected.pt,342b901fe2348ea8231beca0e7b72f34220161e8cbe4d6dee40e1c68d661c44f,/home/ball/transformer-closed-loop-inhibition/runs/timescale_maps/checkpoints/tau_0.5_noise_1/seed_22/initial.pt,/home/ball/transformer-closed-loop-inhibition/runs/timescale_maps/checkpoints/tau_0.5_noise_1/seed_22/epoch_025.pt,/home/ball/transformer-closed-loop-inhibition/runs/timescale_maps/checkpoints/tau_0.5_noise_1/seed_22/final.pt
0.5,1.0,33,17889,50,50,0.00044787779389094914,0.21096657333060057,1296,486,5.950327917933464,/home/ball/transformer-closed-loop-inhibition/runs/timescale_maps/checkpoints/tau_0.5_noise_1/seed_33/selected.pt,7cb0072a4088a0c3917c05607172612905a7e6afd058441aed0d3e1fcf81e8a1,/home/ball/transformer-closed-loop-inhibition/runs/timescale_maps/checkpoints/tau_0.5_noise_1/seed_33/initial.pt,/home/ball/transformer-closed-loop-inhibition/runs/timescale_maps/checkpoints/tau_0.5_noise_1/seed_33/epoch_025.pt,/home/ball/transformer-closed-loop-inhibition/runs/timescale_maps/checkpoints/tau_0.5_noise_1/seed_33/final.pt
