seed,schedule,compute_duration,variant,head,head_scale,parameter,offset,target_mean,corrected_mean,mean_error,raw_mean_error,iterations,center,gain,achieved_rms,target_rms,relative_error,matched,available,reason
11,serial,0.0,alternative_matched,alternative,0.86,0.86,0.030317174298660654,0.0032980769600083185,0.0032980769424895114,-1.7518807151478688e-11,-0.03031717431617946,36,0.0,1.0,0.0013260397146413405,0.0013474443036832371,0.01588532378176023,True,True,
11,serial,0.0,gain_matched,native,1.0,1.018,0.0,0.0032980769600083185,0.0032980769600083185,0.0,0.0,0,0.0032980769600083185,1.018,0.0013764073069085715,0.0013474443036832371,0.021494768389434777,True,True,
11,serial,0.05,alternative_matched,alternative,0.855,0.855,0.03237619913534165,0.002416953807923852,0.002416953891164273,8.324042106641616e-11,-0.03237619905210123,34,0.0,1.0,0.0013958513417800513,0.0014123187199596133,0.011659817254304206,True,True,
11,serial,0.05,gain_matched,native,1.0,1.018,0.0,0.002416953807923852,0.002416953807923852,0.0,0.0,0,0.002416953807923852,1.018,0.001423789605465626,0.0014123187199596133,0.008122023268473487,True,True,
11,serial,0.1,alternative_matched,alternative,0.855,0.855,0.03353991464089613,0.0021915192538428875,0.0021915192578219615,3.9790740147260806e-12,-0.03353991463691705,33,0.0,1.0,0.0015575674705154679,0.0015592383309656658,0.0010715875931315234,True,True,
11,serial,0.1,gain_matched,native,1.0,1.018,0.0,0.0021915192538428875,0.0021915192538428875,0.0,0.0,0,0.0021915192538428875,1.018,0.0015778846742885045,0.0015592383309656658,0.011958622971570127,True,True,
11,serial,0.2,alternative_matched,alternative,0.865,0.865,0.03385094223788171,0.0019371253861622376,0.001937125309018184,-7.714405373185351e-11,-0.03385094231502576,34,0.0,1.0,0.001911348510200502,0.0018876492911497219,0.012554884618607076,True,True,
11,serial,0.2,gain_matched,native,1.0,1.017,0.0,0.0019371253861622376,0.0019371253861622376,0.0,0.0,0,0.0019371253861622376,1.017,0.0018488685047714573,0.0018876492911497219,0.020544487029496947,True,True,
11,fixed_cadence,0.0,alternative_matched,alternative,0.86,0.86,0.030317174298660654,0.0032980769600083185,0.0032980769424895114,-1.7518807151478688e-11,-0.03031717431617946,36,0.0,1.0,0.0013260397146413405,0.0013474443036832371,0.01588532378176023,True,True,
11,fixed_cadence,0.0,gain_matched,native,1.0,1.018,0.0,0.0032980769600083185,0.0032980769600083185,0.0,0.0,0,0.0032980769600083185,1.018,0.0013764073069085715,0.0013474443036832371,0.021494768389434777,True,True,
11,fixed_cadence,0.05,alternative_matched,alternative,0.855,0.855,0.03237619913534165,0.002416953807923852,0.002416953891164273,8.324042106641616e-11,-0.03237619905210123,34,0.0,1.0,0.0013958513417800513,0.0014123187199596133,0.011659817254304206,True,True,
11,fixed_cadence,0.05,gain_matched,native,1.0,1.018,0.0,0.002416953807923852,0.002416953807923852,0.0,0.0,0,0.002416953807923852,1.018,0.001423789605465626,0.0014123187199596133,0.008122023268473487,True,True,
11,fixed_cadence,0.1,alternative_matched,alternative,0.855,0.855,0.033538045354940066,0.0022991401393239095,0.0022991401780562753,3.873236583892825e-11,-0.0335380453162077,36,0.0,1.0,0.0014659861787541027,0.001471485466554933,0.0037372355526590706,True,True,
11,fixed_cadence,0.1,gain_matched,native,1.0,1.018,0.0,0.0022991401393239095,0.002299140139323909,-4.336808689942018e-19,-4.336808689942018e-19,0,0.0022991401393239095,1.018,0.001480143145185727,0.001471485466554933,0.005883631763664951,True,True,
11,fixed_cadence,0.2,alternative_matched,alternative,0.865,0.865,0.03384269231744837,0.0024069034744326665,0.002406903503924237,2.949157064391361e-11,-0.033842692287956805,36,0.0,1.0,0.0016289216693951808,0.0016119715180011583,0.010515168044061128,True,True,
11,fixed_cadence,0.2,gain_matched,native,1.0,1.018,0.0,0.0024069034744326665,0.002406903474432666,-4.336808689942018e-19,-4.336808689942018e-19,0,0.0024069034744326665,1.018,0.0016224423351547692,0.0016119715180011583,0.006495658910025088,True,True,
22,serial,0.0,alternative_matched,alternative,0.75,0.75,-0.05274180166647441,-0.0018081786792452743,-0.0018081787069274815,-2.768220722093595e-11,0.0527418016387922,35,0.0,1.0,0.002048400346289774,0.0020377460844352557,0.005228454092439576,True,True,
22,serial,0.0,gain_matched,native,1.0,1.026,0.0,-0.0018081786792452743,-0.001808178679245274,2.168404344971009e-19,2.168404344971009e-19,0,-0.0018081786792452743,1.026,0.002008508490412959,0.0020377460844352557,0.014348006479128966,True,True,
22,serial,0.05,alternative_matched,alternative,0.775,0.775,-0.047586369665937156,-0.00033042143757750354,-0.0003304214345860712,2.991432351395068e-12,0.04758636966892859,36,0.0,1.0,0.0020252035229481216,0.0020360657484613147,0.005334909013327233,True,True,
22,serial,0.05,gain_matched,native,1.0,1.025,0.0,-0.00033042143757750354,-0.0003304214375775035,5.421010862427522e-20,5.421010862427522e-20,0,-0.00033042143757750354,1.025,0.002005364304984038,0.0020360657484613147,0.015078807499452465,True,True,
22,serial,0.1,alternative_matched,alternative,0.79,0.79,-0.046036694019649715,0.0013554390918995652,0.0013554391602249322,6.832536706552483e-11,0.04603669408797508,33,0.0,1.0,0.0020666713331985516,0.0020887943291439054,0.010591275376748534,True,True,
22,serial,0.1,gain_matched,native,1.0,1.024,0.0,0.0013554390918995652,0.0013554390918995652,0.0,0.0,0,0.0013554390918995652,1.024,0.0020918710734492574,0.0020887943291439054,0.001472976186512833,True,True,
22,serial,0.2,alternative_matched,alternative,0.815,0.815,-0.04204004573341985,0.001850538802417842,0.0018505387808025113,-2.1615330619145778e-11,0.04204004571180452,33,0.0,1.0,0.0021630548301009907,0.0021571663055959464,0.00272974989910087,True,True,
22,serial,0.2,gain_matched,native,1.0,1.02,0.0,0.001850538802417842,0.0018505388024178417,-2.168404344971009e-19,-2.168404344971009e-19,0,0.001850538802417842,1.02,0.0021663972528713775,0.0021571663055959464,0.004279200565800108,True,True,
22,fixed_cadence,0.0,alternative_matched,alternative,0.75,0.75,-0.05274180166647441,-0.0018081786792452743,-0.0018081787069274815,-2.768220722093595e-11,0.0527418016387922,35,0.0,1.0,0.002048400346289774,0.0020377460844352557,0.005228454092439576,True,True,
22,fixed_cadence,0.0,gain_matched,native,1.0,1.026,0.0,-0.0018081786792452743,-0.001808178679245274,2.168404344971009e-19,2.168404344971009e-19,0,-0.0018081786792452743,1.026,0.002008508490412959,0.0020377460844352557,0.014348006479128966,True,True,
22,fixed_cadence,0.05,alternative_matched,alternative,0.775,0.775,-0.047586369665937156,-0.00033042143757750354,-0.0003304214345860712,2.991432351395068e-12,0.04758636966892859,36,0.0,1.0,0.0020252035229481216,0.0020360657484613147,0.005334909013327233,True,True,
22,fixed_cadence,0.05,gain_matched,native,1.0,1.025,0.0,-0.00033042143757750354,-0.0003304214375775035,5.421010862427522e-20,5.421010862427522e-20,0,-0.00033042143757750354,1.025,0.002005364304984038,0.0020360657484613147,0.015078807499452465,True,True,
22,fixed_cadence,0.1,alternative_matched,alternative,0.79,0.79,-0.04603538391769162,0.001136284185255446,0.00113628416369371,-2.1561735903674606e-11,0.046035383896129885,34,0.0,1.0,0.001983409241977328,0.0019739095857939665,0.0048126095803625955,True,True,
22,fixed_cadence,0.1,gain_matched,native,1.0,1.024,0.0,0.001136284185255446,0.0011362841852554462,2.168404344971009e-19,2.168404344971009e-19,0,0.001136284185255446,1.024,0.0019701356410825447,0.0019739095857939665,0.0019119136654396592,True,True,
22,fixed_cadence,0.2,alternative_matched,alternative,0.835,0.835,-0.037411972202537114,0.0013884147856293657,0.0013884147820001737,-3.6291919990050214e-12,0.03741197219890792,35,0.0,1.0,0.0019016108277584629,0.0018978060891407646,0.0020048089420036078,True,True,
22,fixed_cadence,0.2,gain_matched,native,1.0,1.021,0.0,0.0013884147856293657,0.0013884147856293655,-2.168404344971009e-19,-2.168404344971009e-19,0,0.0013884147856293657,1.021,0.0019129733959672797,0.0018978060891407646,0.007992021373154164,True,True,
33,serial,0.0,alternative_matched,alternative,0.785,0.785,-0.004163624381999416,-0.0002959974837012408,-0.0002959975557886961,-7.208745530845259e-11,0.00416362430991196,35,0.0,1.0,0.0015288821997956194,0.0015255659921046398,0.002173755647505375,True,True,
33,serial,0.0,gain_matched,native,1.0,1.02,0.0,-0.0002959974837012408,-0.0002959974837012407,1.0842021724855044e-19,1.0842021724855044e-19,0,-0.0002959974837012408,1.02,0.0015352327323749945,0.0015255659921046398,0.006336494337435193,True,True,
33,serial,0.05,alternative_matched,alternative,0.81,0.81,-0.0016658157365840556,0.00023466057893706529,0.000234660644235172,6.52981067112389e-11,0.0016658158018821622,35,0.0,1.0,0.0015890031333971601,0.001572777371714892,0.010316629660418035,True,True,
33,serial,0.05,gain_matched,native,1.0,1.02,0.0,0.00023466057893706529,0.00023466057893706529,0.0,0.0,0,0.00023466057893706529,1.02,0.0015986208200038533,0.001572777371714892,0.01643172692698564,True,True,
33,serial,0.1,alternative_matched,alternative,0.83,0.83,5.028863602644061e-05,0.0005760908659015382,0.000576090965563855,9.966231681070303e-11,-5.02885363641238e-05,34,0.0,1.0,0.001714212807777253,0.0017101936784994457,0.0023501018208263616,True,True,
33,serial,0.1,gain_matched,native,1.0,1.019,0.0,0.0005760908659015382,0.0005760908659015382,0.0,0.0,0,0.0005760908659015382,1.019,0.0016785279715905571,0.0017101936784994457,0.01851586010812099,True,True,
33,serial,0.2,alternative_matched,alternative,0.85,0.85,0.003377263748113044,-0.0002090604129162702,-0.00020906035303157338,5.988469681077191e-11,-0.0033772636882283464,35,0.0,1.0,0.002137214325118981,0.0021169756848531352,0.009560166614407626,True,True,
33,serial,0.2,gain_matched,native,1.0,1.019,0.0,-0.0002090604129162702,-0.00020906041291627014,5.421010862427522e-20,5.421010862427522e-20,0,-0.0002090604129162702,1.019,0.002101189209061148,0.0021169756848531352,0.007457088857911199,True,True,
33,fixed_cadence,0.0,alternative_matched,alternative,0.785,0.785,-0.004163624381999416,-0.0002959974837012408,-0.0002959975557886961,-7.208745530845259e-11,0.00416362430991196,35,0.0,1.0,0.0015288821997956194,0.0015255659921046398,0.002173755647505375,True,True,
33,fixed_cadence,0.0,gain_matched,native,1.0,1.02,0.0,-0.0002959974837012408,-0.0002959974837012407,1.0842021724855044e-19,1.0842021724855044e-19,0,-0.0002959974837012408,1.02,0.0015352327323749945,0.0015255659921046398,0.006336494337435193,True,True,
33,fixed_cadence,0.05,alternative_matched,alternative,0.81,0.81,-0.0016658157365840556,0.00023466057893706529,0.000234660644235172,6.52981067112389e-11,0.0016658158018821622,35,0.0,1.0,0.0015890031333971601,0.001572777371714892,0.010316629660418035,True,True,
33,fixed_cadence,0.05,gain_matched,native,1.0,1.02,0.0,0.00023466057893706529,0.00023466057893706529,0.0,0.0,0,0.00023466057893706529,1.02,0.0015986208200038533,0.001572777371714892,0.01643172692698564,True,True,
33,fixed_cadence,0.1,alternative_matched,alternative,0.83,0.83,5.154930499768652e-05,0.0005198383658397488,0.0005198382848769263,-8.096282249226566e-11,-5.154938596050907e-05,35,0.0,1.0,0.0016062726746583584,0.001626972718602683,0.012723043052684168,True,True,
33,fixed_cadence,0.1,gain_matched,native,1.0,1.02,0.0,0.0005198383658397488,0.0005198383658397489,1.0842021724855044e-19,1.0842021724855044e-19,0,0.0005198383658397488,1.02,0.0016548423615490957,0.001626972718602683,0.01712975431471796,True,True,
33,fixed_cadence,0.2,alternative_matched,alternative,0.85,0.85,0.0033791277423263558,-0.0003904041766030033,-0.00039040412643527676,5.016772652681467e-11,-0.00337912769215863,34,0.0,1.0,0.0017895386351209422,0.0017686794814681024,0.011793631277683828,True,True,
33,fixed_cadence,0.2,gain_matched,native,1.0,1.019,0.0,-0.0003904041766030033,-0.00039040417660300323,5.421010862427522e-20,5.421010862427522e-20,0,-0.0003904041766030033,1.019,0.001737682300578067,0.0017686794814681024,0.017525606654466327,True,True,
