seed,variant,schedule,compute_duration,pairs,censored_pairs,absolute_competence_failures,mean_J_response,mean_peak_response,mean_sham_tracking_rmse,mean_pulse_tracking_rmse,mean_pulse_action_effort,mean_sham_action_effort,mean_pulse_action_variation,mean_sham_action_variation,mean_pulse_mean_applied_action,mean_sham_mean_applied_action,mean_pulse_mean_position,mean_sham_mean_position
-1,teacher,serial,0.0,8,0,0,0.015847453299165783,0.18111577202254878,0.0,0.02779095623440354,0.026058466308373884,0.0,0.7520723553981508,0.0,0.00965362256862322,0.0,-0.0048368485821365746,0.0
-1,teacher,serial,0.05,8,0,0,0.019472190360172524,0.20044947400459864,0.0,0.03076443026207954,0.02799433979073463,0.0,0.8194785079557426,0.0,0.009114330966149685,0.0,-0.0053606426020355695,0.0
-1,teacher,serial,0.1,8,0,0,0.026088746712736807,0.23112528735219304,0.0,0.03548636688816868,0.033880190773634154,0.0,0.9478084472224657,0.0,0.008480100693449002,0.0,-0.005935571142442893,0.0
-1,teacher,serial,0.2,8,0,0,0.04600849299029834,0.2938964299641176,0.0,0.04684353270085269,0.051202541197453294,0.0,1.2137359895839692,0.0,0.006897013652863404,0.0,-0.007327639942976806,0.0
-1,teacher,fixed_cadence,0.0,8,0,0,0.015847453299165783,0.18111577202254878,0.0,0.02779095623440354,0.026058466308373884,0.0,0.7520723553981508,0.0,0.00965362256862322,0.0,-0.0048368485821365746,0.0
-1,teacher,fixed_cadence,0.05,8,0,0,0.019472190360172524,0.20044947400459864,0.0,0.03076443026207954,0.02799433979073463,0.0,0.8194785079557426,0.0,0.009114330966149685,0.0,-0.0053606426020355695,0.0
-1,teacher,fixed_cadence,0.1,8,0,0,0.023515965724078127,0.21974386709338914,0.0,0.033745524965426474,0.029564647354009974,0.0,0.8794393344108726,0.0,0.008504447774743294,0.0,-0.0059650849509771935,0.0
-1,teacher,fixed_cadence,0.2,8,0,0,0.03204874441561144,0.2599302992352557,0.0,0.039253723931839166,0.034515547599728094,0.0,1.0286868266396536,0.0,0.007130515348438263,0.0,-0.007390615173756747,0.0
11,alternative_matched,serial,0.0,8,0,0,0.016011886002372095,0.18258827381747184,0.003284552552701824,0.027720015961058643,0.026624886121692226,0.00010103673460101077,0.8207710301782655,0.07546646337022056,0.012805515136541622,0.0032717503886388723,-0.0017946364019865318,0.0031768924262344385
11,alternative_matched,serial,0.05,8,0,0,0.019233478054421084,0.19983301751132515,0.00254730588170307,0.030396344416369642,0.028396240995357022,0.00011927967753402462,0.9138071947859312,0.09783964521602631,0.01157755164674602,0.002533130648202519,-0.0029875995259229077,0.002460426524146838
11,alternative_matched,serial,0.1,8,0,0,0.02515843126548501,0.22855779331037168,0.002386243344695482,0.03467235604823205,0.03491649854063058,0.0001506652689004895,1.0613810775087402,0.0991065140099452,0.010894777384450393,0.0023707338989281236,-0.00362152513265102,0.0022994920971848055
11,alternative_matched,serial,0.2,8,0,0,0.043994682757679454,0.2910406900085286,0.0026556561829014468,0.045905752652846306,0.05533391010187499,0.000319471100839495,1.355801199062375,0.12307089982798486,0.009447002563734428,0.0022440336310461896,-0.004937343263947888,0.0021834430112994204
11,alternative_matched,fixed_cadence,0.0,8,0,0,0.016011886002372095,0.18258827381747184,0.003284552552701824,0.027720015961058643,0.026624886121692226,0.00010103673460101077,0.8207710301782655,0.07546646337022056,0.012805515136541622,0.0032717503886388723,-0.0017946364019865318,0.0031768924262344385
11,alternative_matched,fixed_cadence,0.05,8,0,0,0.019233478054421084,0.19983301751132515,0.00254730588170307,0.030396344416369642,0.028396240995357022,0.00011927967753402462,0.9138071947859312,0.09783964521602631,0.01157755164674602,0.002533130648202519,-0.0029875995259229077,0.002460426524146838
11,alternative_matched,fixed_cadence,0.1,8,0,0,0.022638879261888394,0.21707739139770915,0.0024342899883304835,0.03292269163397911,0.03072496618052389,0.00014203923353429718,1.011997714632012,0.11954989469871677,0.010972188415892339,0.002417091236404993,-0.0035873437272311887,0.0023464876984807207
11,alternative_matched,fixed_cadence,0.2,8,0,0,0.03061883423078631,0.25695810278884046,0.0029631518654017323,0.0383402282477486,0.03800233484946686,0.00031331683961884906,1.246592369096361,0.16871787065454552,0.009815094001486417,0.00247979463160735,-0.004767126397189985,0.002420464244001064
11,centered_strong,serial,0.0,8,0,0,0.016754730936156145,0.1853026575777446,0.0030752789631798443,0.028199854032100225,0.025589399807091892,7.078437927481302e-05,0.800391262799055,0.07184316351220071,0.012427491944729686,0.003021998487859368,-0.002162217751942569,0.0029257008905542296
11,centered_strong,serial,0.05,8,0,0,0.02003865766351063,0.20233100705874074,0.0022815887747677796,0.03086935999378809,0.02715268536194713,4.992976097954205e-05,0.8630866380092863,0.06595117129955336,0.011184944497847633,0.0022697706301302496,-0.0033704529024903727,0.002195536011283465
11,centered_strong,serial,0.1,8,0,0,0.02605863925081984,0.2308069036943584,0.0021576644771923604,0.0351103554450234,0.03319994205121439,7.140195235011091e-05,1.009052266649064,0.07456402881359717,0.01046290320999768,0.002074532561971214,-0.004027675600649569,0.0020011583256902307
11,centered_strong,serial,0.2,8,0,0,0.04505367270014922,0.2926618513144051,0.0019726430651950803,0.046203686262570404,0.05189458682508425,0.0001211690094402085,1.2660885315429198,0.06687848288973455,0.008956724066474768,0.0019178904930141857,-0.005341206303115804,0.0018550042595498392
11,centered_strong,fixed_cadence,0.0,8,0,0,0.016754730936156145,0.1853026575777446,0.0030752789631798443,0.028199854032100225,0.025589399807091892,7.078437927481302e-05,0.800391262799055,0.07184316351220071,0.012427491944729686,0.003021998487859368,-0.002162217751942569,0.0029257008905542296
11,centered_strong,fixed_cadence,0.05,8,0,0,0.02003865766351063,0.20233100705874074,0.0022815887747677796,0.03086935999378809,0.02715268536194713,4.992976097954205e-05,0.8630866380092863,0.06595117129955336,0.011184944497847633,0.0022697706301302496,-0.0033704529024903727,0.002195536011283465
11,centered_strong,fixed_cadence,0.1,8,0,0,0.02351096949818473,0.2195243235564747,0.002185585385202928,0.03340478503461903,0.029348035281782748,6.597925420479586e-05,0.9663965232475449,0.09568834265608094,0.01058890090090763,0.0021594260516537363,-0.003960372330903134,0.0020873539033580127
11,centered_strong,fixed_cadence,0.2,8,0,0,0.031618374431068616,0.2588668217006306,0.0024963380105157153,0.038834009887453086,0.03602297533592637,0.0001622537485299001,1.1825070481773137,0.13437226861972798,0.009501069840652958,0.0022708805377167616,-0.005079236292001708,0.0022104890128225585
11,centered_weak,serial,0.0,8,0,0,0.016032290986780554,0.18271873973112923,0.00316361975973443,0.02767273033883482,0.02655365807626888,8.085031609950905e-05,0.8135154985430713,0.06688452349780742,0.012684944838198462,0.00315321558891479,-0.0019155924379732252,0.0030578459135460374
11,centered_weak,serial,0.05,8,0,0,0.019268857250483506,0.19997293070941152,0.0023963792192311503,0.030359702515450934,0.02830810577660156,7.874369665388687e-05,0.8966844755346552,0.07780542067537466,0.011458139512625955,0.002414702409816405,-0.003106167194744558,0.0023413517044274237
11,centered_weak,serial,0.1,8,0,0,0.025232811389834825,0.22870699626248953,0.002230542600941942,0.03464340841050383,0.034819038666151006,0.00010376575852207431,1.046853258320376,0.08128281407920987,0.010757147621622689,0.002232028831055767,-0.0037578174889846177,0.002159803243489979
11,centered_weak,serial,0.2,8,0,0,0.04420764745012855,0.29111093408889277,0.0022308164607559742,0.04587938183651959,0.05522828550776572,0.00020344450074364357,1.3366681260448907,0.09331376919718723,0.00926785494426147,0.002060689099522983,-0.005110999629857279,0.0019979565000317954
11,centered_weak,fixed_cadence,0.0,8,0,0,0.016032290986780554,0.18271873973112923,0.00316361975973443,0.02767273033883482,0.02655365807626888,8.085031609950905e-05,0.8135154985430713,0.06688452349780742,0.012684944838198462,0.00315321558891479,-0.0019155924379732252,0.0030578459135460374
11,centered_weak,fixed_cadence,0.05,8,0,0,0.019268857250483506,0.19997293070941152,0.0023963792192311503,0.030359702515450934,0.02830810577660156,7.874369665388687e-05,0.8966844755346552,0.07780542067537466,0.011458139512625955,0.002414702409816405,-0.003106167194744558,0.0023413517044274237
11,centered_weak,fixed_cadence,0.1,8,0,0,0.022690263110122597,0.2172294344263967,0.00228801520419333,0.03289834621134468,0.03064764597187391,9.92378836063697e-05,1.0003741228224885,0.10474833689799405,0.01085481696332084,0.0022986781926660426,-0.0037026094011366065,0.002227395544744827
11,centered_weak,fixed_cadence,0.2,8,0,0,0.03066096315708576,0.2570396040053957,0.0026763996227775317,0.03830518205186676,0.037897660269984326,0.0002263311963706934,1.235748283335513,0.15395911014968747,0.009696218160354195,0.002352900359221396,-0.004881026168369358,0.002293322772989685
11,gain_matched,serial,0.0,8,0,0,0.01598293406930299,0.18246823998406614,0.0031107080707866498,0.027593887258095914,0.02644067659402826,7.44427936144045e-05,0.8123931446085433,0.06709790868412067,0.012620534003364695,0.0030861451712686843,-0.0019816594461808793,0.002990418472060709
11,gain_matched,serial,0.05,8,0,0,0.019209682457007597,0.19974094819882687,0.002327608222140676,0.030274727861449677,0.028161147099153204,6.274864774785328e-05,0.8883346709245589,0.07118125666023753,0.011386795344730704,0.0023420626474226396,-0.0031804014626555356,0.002268282140924575
11,gain_matched,serial,0.1,8,0,0,0.025144216309399035,0.22853637692191864,0.002179460706062298,0.03453893566460552,0.03462090581022554,8.63210372053805e-05,1.0399154231083978,0.07874592413580311,0.010679501843880862,0.002153364338222891,-0.0038394188872222356,0.002080642838772782
11,gain_matched,serial,0.2,8,0,0,0.04405008853231373,0.2911089262483591,0.002092669013204963,0.0457390592386073,0.054783717792959374,0.00016351847681945813,1.3193628027026794,0.08141289445266806,0.009199898054504939,0.0019911668271368195,-0.005188646919558062,0.0019279448746559037
11,gain_matched,fixed_cadence,0.0,8,0,0,0.01598293406930299,0.18246823998406614,0.0031107080707866498,0.027593887258095914,0.02644067659402826,7.44427936144045e-05,0.8123931446085433,0.06709790868412067,0.012620534003364695,0.0030861451712686843,-0.0019816594461808793,0.002990418472060709
11,gain_matched,fixed_cadence,0.05,8,0,0,0.019209682457007597,0.19974094819882687,0.002327608222140676,0.030274727861449677,0.028161147099153204,6.274864774785328e-05,0.8883346709245589,0.07118125666023753,0.011386795344730704,0.0023420626474226396,-0.0031804014626555356,0.002268282140924575
11,gain_matched,fixed_cadence,0.1,8,0,0,0.022627351335557176,0.21705354286976838,0.0022262148935423367,0.03281734092864455,0.030496611721954166,8.190717620121344e-05,0.9944390156747003,0.10149419191043545,0.010785575991934847,0.0022291050787742544,-0.0037755924306668775,0.0021574327283215575
11,gain_matched,fixed_cadence,0.2,8,0,0,0.03060971774728054,0.2569783603129525,0.0025870155753863243,0.03824785611820187,0.03778279797573697,0.00019882131674538788,1.2264100637913842,0.1473394720697004,0.009654193508182082,0.0023127225971076542,-0.004928623308014662,0.0022528318195064435
11,native,serial,0.0,8,0,0,0.016390232074950606,0.1840158052356071,0.0031123909963857543,0.02793471511898995,0.026067168481950113,7.36080295643538e-05,0.8034006366506219,0.06589572876691818,0.012555965315550567,0.00308736115694046,-0.002038594421893474,0.002991563897776084
11,native,serial,0.05,8,0,0,0.019650542170506033,0.20115407238703814,0.002327960104688752,0.030612828935294094,0.027724003249197063,6.148224152874307e-05,0.8785750670358539,0.06985832005739212,0.01132128550671041,0.0023420631885528566,-0.0032378451735266666,0.0022682903080572274
11,native,serial,0.1,8,0,0,0.02564321581062044,0.22976287264469702,0.0021789463011525874,0.034875503491102564,0.03399920612846222,8.387705250398336e-05,1.0274369595572352,0.07715810090303421,0.010609695687890051,0.0021532125771045684,-0.0038919782740293113,0.00208047766796789
11,native,serial,0.2,8,0,0,0.04463135351955225,0.29188433075295017,0.0020893835247539506,0.04604199471964755,0.05353626280452244,0.0001575850792340239,1.2997957225888968,0.07935989648103714,0.009111477434635166,0.001989740133285522,-0.005224103871510389,0.0019271567304541084
11,native,fixed_cadence,0.0,8,0,0,0.016390232074950606,0.1840158052356071,0.0031123909963857543,0.02793471511898995,0.026067168481950113,7.36080295643538e-05,0.8034006366506219,0.06589572876691818,0.012555965315550567,0.00308736115694046,-0.002038594421893474,0.002991563897776084
11,native,fixed_cadence,0.05,8,0,0,0.019650542170506033,0.20115407238703814,0.002327960104688752,0.030612828935294094,0.027724003249197063,6.148224152874307e-05,0.8785750670358539,0.06985832005739212,0.01132128550671041,0.0023420631885528566,-0.0032378451735266666,0.0022682903080572274
11,native,fixed_cadence,0.1,8,0,0,0.023097822910594742,0.21837925130798524,0.002226284488319011,0.03315026751607228,0.029990862706908695,7.97448987949895e-05,0.9828765504062176,0.09939603507518768,0.010721745481714605,0.002229015156626701,-0.003830831044902035,0.00215735125155462
11,native,fixed_cadence,0.2,8,0,0,0.031138077106294532,0.2579503144665827,0.0025849322294113006,0.038569771941127595,0.03694663537662472,0.00019200030251798064,1.2087283376604319,0.1440349593758583,0.009599058493040501,0.0023122712969779963,-0.004979056359255435,0.002252301276212095
11,raw_strong,serial,0.0,8,0,0,0.01675407325265579,0.18529783537682326,0.0038515728841602937,0.028175366669595567,0.025713580551447235,9.90812285794202e-05,0.7978835515677929,0.06970096379518509,0.013210319727659226,0.0038041722029447554,-0.0014028736931422866,0.003684385892040368
11,raw_strong,serial,0.05,8,0,0,0.020037762809229125,0.20232565420604223,0.003573911090118261,0.030786513065065087,0.027346819534815964,9.274316478055665e-05,0.8672303566709161,0.06975945085287094,0.012485571950674056,0.0035691842436790465,-0.0021093476661744213,0.0034553801578974266
11,raw_strong,serial,0.1,8,0,0,0.026060903323639487,0.23081072879610348,0.00412218123023322,0.03498697844858478,0.03351392344770132,0.00013760619271996338,1.0124410968273878,0.07577277719974518,0.01246864115819335,0.0040781170129776,-0.002082664189063473,0.003943773472964841
11,raw_strong,serial,0.2,8,0,0,0.045086113889901504,0.29268292101791593,0.00549491509583318,0.046043468235571434,0.05258962298628683,0.0003056244738045,1.284732948988676,0.08298344910144806,0.012451519072055819,0.0054079309105873104,-0.0019472397968650365,0.005240881053708831
11,raw_strong,fixed_cadence,0.0,8,0,0,0.01675407325265579,0.18529783537682326,0.0038515728841602937,0.028175366669595567,0.025713580551447235,9.90812285794202e-05,0.7978835515677929,0.06970096379518509,0.013210319727659226,0.0038041722029447554,-0.0014028736931422866,0.003684385892040368
11,raw_strong,fixed_cadence,0.05,8,0,0,0.020037762809229125,0.20232565420604223,0.003573911090118261,0.030786513065065087,0.027346819534815964,9.274316478055665e-05,0.8672303566709161,0.06975945085287094,0.012485571950674056,0.0035691842436790465,-0.0021093476661744213,0.0034553801578974266
11,raw_strong,fixed_cadence,0.1,8,0,0,0.023512144933233295,0.219526614230138,0.004177554939660872,0.03326602679892378,0.02964000782524963,0.00013880752906453308,0.9724692581221461,0.10114174336194992,0.01258760429918766,0.00415615439414978,-0.0020231297016123895,0.004022488155855587
11,raw_strong,fixed_cadence,0.2,8,0,0,0.03163256516556278,0.2588942845154775,0.005892142863176979,0.038572865936019454,0.03654741407721286,0.00038637229510619936,1.2020943919196725,0.15462540090084076,0.012965079536661504,0.005730338022112846,-0.0017244659798843383,0.005560222496150135
11,raw_weak,serial,0.0,8,0,0,0.01603293856685996,0.18272348261217433,0.0023920574680689234,0.027710515154409344,0.026430568204176823,5.529531095414822e-05,0.8111334545537829,0.06398234516382217,0.011912660161033272,0.002381538972258568,-0.002664735797592173,0.00230931535916755
11,raw_weak,serial,0.05,8,0,0,0.01926974798547782,0.19997779954457745,0.0011244404784815155,0.030482920320391387,0.028120719172788494,4.7517030774199553e-05,0.8915479714050889,0.07392153143882751,0.010165467485785486,0.0011231917887926102,-0.004359645783066985,0.0010890501189302875
11,raw_weak,serial,0.1,8,0,0,0.025230634420295807,0.22870316501401006,0.0005049530749083596,0.0348606194220123,0.034527185574985735,7.174365783541024e-05,1.0426120832562447,0.08061964064836502,0.008755394537001849,0.00023236125707626348,-0.005699098522656584,0.00022083363381364103
11,raw_weak,serial,0.2,8,0,0,0.04417460465769981,0.2910896430541996,0.001805199879217989,0.046280295917900255,0.054623551232978566,0.00015072278248789989,1.320023681037128,0.0825071707367897,0.005773334018886092,-0.001429112255573273,-0.008504881869897583,-0.0013878809581938946
11,raw_weak,fixed_cadence,0.0,8,0,0,0.01603293856685996,0.18272348261217433,0.0023920574680689234,0.027710515154409344,0.026430568204176823,5.529531095414822e-05,0.8111334545537829,0.06398234516382217,0.011912660161033272,0.002381538972258568,-0.002664735797592173,0.00230931535916755
11,raw_weak,fixed_cadence,0.05,8,0,0,0.01926974798547782,0.19997779954457745,0.0011244404784815155,0.030482920320391387,0.028120719172788494,4.7517030774199553e-05,0.8915479714050889,0.07392153143882751,0.010165467485785486,0.0011231917887926102,-0.004359645783066985,0.0010890501189302875
11,raw_weak,fixed_cadence,0.1,8,0,0,0.022689194993197746,0.2172267163499605,0.0004487237289723772,0.03313535687716688,0.030381751280025692,6.153342392289932e-05,0.9940369427204132,0.10090101510286331,0.008860244136303663,0.0003059826791286467,-0.005636004542604579,0.00029599828958034745
11,raw_weak,fixed_cadence,0.2,8,0,0,0.03064712439913253,0.257013256076283,0.0017483753415057106,0.03884292738662945,0.037489733888165996,0.00013161439634798436,1.2155192671343684,0.13426054269075394,0.0062332025961950414,-0.001105635613203049,-0.008235108895649943,-0.0010557699552713237
22,alternative_matched,serial,0.0,8,0,0,0.016405895597127396,0.18474992673881094,0.003390417214765628,0.028219357837039185,0.025884051596251727,0.000386309869981316,0.92191660154835,0.20209256403372294,0.0076252103574513735,-0.0019553414754629795,-0.006837152886490589,-0.0019300008764603096
22,alternative_matched,serial,0.05,8,0,0,0.019501198861034793,0.20201227659189802,0.0011824907679005392,0.030698975861801557,0.028567294030336598,8.741255019294e-05,0.9548947444533542,0.14602166101090458,0.008620375130311383,-0.0004966987380899641,-0.005860396550667835,-0.0004947328549974831
22,alternative_matched,serial,0.1,8,0,0,0.026146772337216857,0.2318893586760276,0.0012716802875515202,0.03555464111847355,0.03497006945980288,5.184917500086478e-05,1.0023489558998602,0.05376912298836878,0.009588442899811263,0.0010675917086780018,-0.00484684110986598,0.0010434987317449109
22,alternative_matched,serial,0.2,8,0,0,0.0450564379033282,0.2924831648138564,0.002028186901919782,0.046524411785947184,0.055018157881937854,0.00019457025489393027,1.3222022676962935,0.09092964661601405,0.00858351721300574,0.0013878803966829345,-0.005696704660837428,0.0013656792264843587
22,alternative_matched,fixed_cadence,0.0,8,0,0,0.016405895597127396,0.18474992673881094,0.003390417214765628,0.028219357837039185,0.025884051596251727,0.000386309869981316,0.92191660154835,0.20209256403372294,0.0076252103574513735,-0.0019553414754629795,-0.006837152886490589,-0.0019300008764603096
22,alternative_matched,fixed_cadence,0.05,8,0,0,0.019501198861034793,0.20201227659189802,0.0011824907679005392,0.030698975861801557,0.028567294030336598,8.741255019294e-05,0.9548947444533542,0.14602166101090458,0.008620375130311383,-0.0004966987380899641,-0.005860396550667835,-0.0004947328549974831
22,alternative_matched,fixed_cadence,0.1,8,0,0,0.023283593967792515,0.22008549756561835,0.0009544487097044765,0.033522506191757354,0.030543776421276807,3.97723001173453e-05,0.9530902075615502,0.07449571313678988,0.009486230016317198,0.0009238452144004217,-0.005017934179325529,0.0008981168608539963
22,alternative_matched,fixed_cadence,0.2,8,0,0,0.03072304155784926,0.258496143483931,0.0014294715795036968,0.03836401917410863,0.03774311509300162,0.00010139947578397808,1.2020289951263092,0.15528902479243512,0.008640462019199581,0.0012458520929311235,-0.005932816178146434,0.0012142933452651394
22,centered_strong,serial,0.0,8,0,0,0.017413935329837933,0.1885961490675183,0.002445696524774452,0.029108582792154152,0.02472472028372773,0.00018892500533039257,0.864107454464784,0.16002762065177237,0.007703696670023854,-0.0016510116970034892,-0.006753164514939795,-0.0016233145279160369
22,centered_strong,serial,0.05,8,0,0,0.02045166010758907,0.20520564595114157,0.00042666489452014876,0.031528080640902414,0.02735822374007305,5.195522297335308e-05,0.9215394853914392,0.13551092979705448,0.008683503701261239,-0.00021899994192366162,-0.005795892760619774,-0.00021490286912929568
22,centered_strong,serial,0.1,8,0,0,0.02711141324912952,0.23484619824646683,0.002080111345048374,0.03635063206746467,0.033538299255966034,0.0001440708188523991,0.9968992607486094,0.08663461597679512,0.009677521529471737,0.001366019219955663,-0.004749914800226885,0.0013446000035265686
22,centered_strong,serial,0.2,8,0,0,0.045961004223312146,0.29463577322353995,0.0030299278918235863,0.04719274759295387,0.05278735715415975,0.00034759501414648267,1.2965175673346618,0.11409883163679634,0.008726880135055728,0.0017236151677035715,-0.005504956504610723,0.0017083142936405618
22,centered_strong,fixed_cadence,0.0,8,0,0,0.017413935329837933,0.1885961490675183,0.002445696524774452,0.029108582792154152,0.02472472028372773,0.00018892500533039257,0.864107454464784,0.16002762065177237,0.007703696670023854,-0.0016510116970034892,-0.006753164514939795,-0.0016233145279160369
22,centered_strong,fixed_cadence,0.05,8,0,0,0.02045166010758907,0.20520564595114157,0.00042666489452014876,0.031528080640902414,0.02735822374007305,5.195522297335308e-05,0.9215394853914392,0.13551092979705448,0.008683503701261239,-0.00021899994192366162,-0.005795892760619774,-0.00021490286912929568
22,centered_strong,fixed_cadence,0.1,8,0,0,0.02428223248613103,0.22319610496375045,0.0015201716486887052,0.034326650705381954,0.02936279937506381,9.163446512140222e-05,0.9497746557767366,0.10274100702506045,0.009536441282398552,0.0011775210099588362,-0.004974091103272083,0.0011530209284341367
22,centered_strong,fixed_cadence,0.2,8,0,0,0.03174192121809998,0.2609182289936741,0.0017632692627790388,0.03901592349460037,0.03615115404876558,0.0001205305924907828,1.1731971806673247,0.16246091172228647,0.008630133167966465,0.0013937237245358624,-0.005951613573163406,0.0013619866325917944
22,centered_weak,serial,0.0,8,0,0,0.016359846219179987,0.18507103735447755,0.002314363267398339,0.02824817186449234,0.02606582058241664,0.0001763377430223387,0.8907952228656535,0.16008388009877253,0.007938200268199028,-0.0015901757308716753,-0.006536560672649246,-0.0015622377758297361
22,centered_weak,serial,0.05,8,0,0,0.019450174223644992,0.2022758670296615,0.0004294565787076512,0.03076837896614605,0.028888517997153397,5.7301680686360534e-05,0.9588765811888584,0.14092639021259648,0.00885420945365262,-0.0002071726286383259,-0.005638646588133619,-0.00020342351686998913
22,centered_weak,serial,0.1,8,0,0,0.026146780524192927,0.23230370110931248,0.0019151422189953482,0.03569002345532209,0.0355017107641701,0.0001345745823111238,1.034449884482493,0.08200476951973625,0.009760095211495436,0.0012947892628654614,-0.0046901667447553875,0.0012725531984293977
22,centered_weak,serial,0.2,8,0,0,0.045360659003449835,0.2928498128810427,0.002298815725340842,0.04675359993565448,0.055950853697495084,0.0002484535647972796,1.3495501785694908,0.10265156190537915,0.00862993477290636,0.0014666172713614014,-0.005656653225854239,0.0014464803191964323
22,centered_weak,fixed_cadence,0.0,8,0,0,0.016359846219179987,0.18507103735447755,0.002314363267398339,0.02824817186449234,0.02606582058241664,0.0001763377430223387,0.8907952228656535,0.16008388009877253,0.007938200268199028,-0.0015901757308716753,-0.006536560672649246,-0.0015622377758297361
22,centered_weak,fixed_cadence,0.05,8,0,0,0.019450174223644992,0.2022758670296615,0.0004294565787076512,0.03076837896614605,0.028888517997153397,5.7301680686360534e-05,0.9588765811888584,0.14092639021259648,0.00885420945365262,-0.0002071726286383259,-0.005638646588133619,-0.00020342351686998913
22,centered_weak,fixed_cadence,0.1,8,0,0,0.023275131095411267,0.22052175838427812,0.0014464453049365254,0.0336192192817353,0.03093498415111274,9.491345509615768e-05,0.9774179343288105,0.09646400401045499,0.009640174945070105,0.0011396967845025236,-0.004871528161985961,0.0011152491234237211
22,centered_weak,fixed_cadence,0.2,8,0,0,0.030725069328540328,0.25875533068093015,0.0015696511955600606,0.03838920930630111,0.038033667833193965,0.0001224943209991322,1.209535766904054,0.15606361958086296,0.00865745509680919,0.001303434862611812,-0.005909680528128474,0.0012723931060812893
22,gain_matched,serial,0.0,8,0,0,0.016258418936602265,0.1845434648430348,0.0023874351962462096,0.0281608731020062,0.025950762902747962,0.00019075962474066028,0.8922791679519252,0.16474580951398485,0.0079203181789745,-0.0016195340179815522,-0.006555999462591779,-0.0015915870582031695
22,gain_matched,serial,0.05,8,0,0,0.019321274917620652,0.20178247234151675,0.00042876917428582765,0.03066812651172389,0.028764177302489848,5.727557430693433e-05,0.9565366614218119,0.14194742746923755,0.008861029727708138,-0.00021154708592448297,-0.00563531728454864,-0.00020769235717102395
22,gain_matched,serial,0.1,8,0,0,0.02594868986876741,0.23195226287260018,0.0020068446334107295,0.03557127705450008,0.03539339015271188,0.0001454206103628462,1.032575887926455,0.08653218198620845,0.009809701083377004,0.0013316775066405536,-0.004648319410003713,0.0013094884073599391
22,gain_matched,serial,0.2,8,0,0,0.04499455470148264,0.29283164604167455,0.002668162377842961,0.0466364926938679,0.05593608839880823,0.00030690703177572965,1.3469563058408145,0.11066434903239662,0.00877433777092533,0.001594098849730058,-0.00554375617242939,0.0015745335541019936
22,gain_matched,fixed_cadence,0.0,8,0,0,0.016258418936602265,0.1845434648430348,0.0023874351962462096,0.0281608731020062,0.025950762902747962,0.00019075962474066028,0.8922791679519252,0.16474580951398485,0.0079203181789745,-0.0016195340179815522,-0.006555999462591779,-0.0015915870582031695
22,gain_matched,fixed_cadence,0.05,8,0,0,0.019321274917620652,0.20178247234151675,0.00042876917428582765,0.03066812651172389,0.028764177302489848,5.727557430693433e-05,0.9565366614218119,0.14194742746923755,0.008861029727708138,-0.00021154708592448297,-0.00563531728454864,-0.00020769235717102395
22,gain_matched,fixed_cadence,0.1,8,0,0,0.023133330544543564,0.22013563464170033,0.0014887391787535404,0.03352335571964524,0.030853310683947487,9.697651214977604e-05,0.977220453712635,0.10043632933824531,0.009671677668319969,0.0011597888781893543,-0.00484723192335129,0.0011352992941712266
22,gain_matched,fixed_cadence,0.2,8,0,0,0.030609125227805768,0.25867625287591944,0.0016668423004603753,0.03832357270846884,0.03807947476066254,0.0001235557363206993,1.2094772584182092,0.16248489083767664,0.008705521524318766,0.001348319479886715,-0.005872114767695603,0.0013170718297031987
22,native,serial,0.0,8,0,0,0.016880554816419653,0.18685149422430364,0.002378721999095067,0.028676622281785247,0.025385311559431988,0.00018239179712296882,0.8767996635288,0.16005050390958786,0.007820110395550727,-0.0016202326864004136,-0.006644116920059073,-0.001592472895458785
22,native,serial,0.05,8,0,0,0.019944614852367235,0.2037447421542106,0.0004267776143303514,0.031146038989412143,0.028111505019333075,5.43993838915402e-05,0.9393956512212753,0.13812802731990814,0.008767752605490387,-0.00021281093358993536,-0.005716538401067702,-0.00020890248394532401
22,native,serial,0.1,8,0,0,0.026622334122999983,0.23358529399637595,0.001997557519644173,0.03601761380715712,0.03450364289624984,0.00013910749694465152,1.0152399679645896,0.08437797427177429,0.009716891171410679,0.0013304822146892547,-0.0047190882669511484,0.001308760703140776
22,native,serial,0.2,8,0,0,0.04565229347767569,0.2937467667293306,0.0026579405056009215,0.04696857058254064,0.054336280709677255,0.00029380050845961847,1.3215368799865246,0.10767266154289246,0.008673668839037422,0.0015936940908432007,-0.005580967648527472,0.001576121181388844
22,native,fixed_cadence,0.0,8,0,0,0.016880554816419653,0.18685149422430364,0.002378721999095067,0.028676622281785247,0.025385311559431988,0.00018239179712296882,0.8767996635288,0.16005050390958786,0.007820110395550727,-0.0016202326864004136,-0.006644116920059073,-0.001592472895458785
22,native,fixed_cadence,0.05,8,0,0,0.019944614852367235,0.2037447421542106,0.0004267776143303514,0.031146038989412143,0.028111505019333075,5.43993838915402e-05,0.9393956512212753,0.13812802731990814,0.008767752605490387,-0.00021281093358993536,-0.005716538401067702,-0.00020890248394532401
22,native,fixed_cadence,0.1,8,0,0,0.023772883130113012,0.22187359477179383,0.0014831486718121932,0.03397099487533031,0.03013782462114532,9.284593803483843e-05,0.9620904689654708,0.09826771914958954,0.009586958680301905,0.0011586885899305343,-0.004922259699260719,0.0011342736310882295
22,native,fixed_cadence,0.2,8,0,0,0.031229910696411362,0.2598540660880885,0.00166434597947813,0.03870168937463006,0.03707517009659739,0.00011846872199371136,1.1900045815855265,0.15819385647773743,0.008642247691750527,0.0013481903821229934,-0.005931094152436367,0.0013168424538832755
22,raw_strong,serial,0.0,8,0,0,0.01741233282875452,0.188600295273035,0.003636984589300821,0.02849286634343469,0.025255699369424622,0.00016139305099832638,0.8712680684402585,0.16401268541812897,0.012552683660760521,0.003200146555900574,-0.002051540907248664,0.003081237613301494
22,raw_strong,serial,0.05,8,0,0,0.020452698072647872,0.20523305836562514,0.006541724850823135,0.03113449278396888,0.028336891638556436,0.00030148263985216333,0.9474843228235841,0.16163982450962067,0.015445071458816528,0.00654662624001503,0.0007571451661136505,0.0063432897681741
22,raw_strong,serial,0.1,8,0,0,0.027115537699654236,0.2349031163861782,0.01001607956350856,0.036401503327646106,0.03515156352258017,0.0008417468886169621,1.0457809315994382,0.13932045549154282,0.01813234807923436,0.009826184064149857,0.0034429744106526314,0.009544284174904752
22,raw_strong,serial,0.2,8,0,0,0.04600363294037952,0.29471425423020436,0.014498179177731305,0.047680887825965496,0.055831913837471964,0.001879421185159713,1.3571557821705937,0.1857127621769905,0.020857959426939493,0.01386430561542511,0.006257714806106649,0.013479096121207517
22,raw_strong,fixed_cadence,0.0,8,0,0,0.01741233282875452,0.188600295273035,0.003636984589300821,0.02849286634343469,0.025255699369424622,0.00016139305099832638,0.8712680684402585,0.16401268541812897,0.012552683660760521,0.003200146555900574,-0.002051540907248664,0.003081237613301494
22,raw_strong,fixed_cadence,0.05,8,0,0,0.020452698072647872,0.20523305836562514,0.006541724850823135,0.03113449278396888,0.028336891638556436,0.00030148263985216333,0.9474843228235841,0.16163982450962067,0.015445071458816528,0.00654662624001503,0.0007571451661136505,0.0063432897681741
22,raw_strong,fixed_cadence,0.1,8,0,0,0.02428874875241435,0.22324867464714496,0.009702293256997127,0.0342492455867836,0.030803616920351704,0.0007099853943372263,0.9864970203489065,0.14306366443634033,0.017970243794843556,0.009616969525814057,0.003195601882468234,0.009329567322481438
22,raw_strong,fixed_cadence,0.2,8,0,0,0.03177669059942308,0.2610233240911016,0.013711928191455539,0.03905358150431394,0.03830561369024656,0.0013344397145040332,1.2066140305250883,0.20133648067712784,0.02067853829357773,0.013451429456472397,0.005711080700850203,0.01303420917373152
22,raw_weak,serial,0.0,8,0,0,0.01636354188877156,0.1850734962538097,0.006774763190726825,0.029644834609069547,0.02577329854727068,0.00048639522092226717,0.9026045305654407,0.17690401524305344,0.0029911791440099464,-0.006539250537753105,-0.011333790846545249,-0.0063620729030383375
22,raw_weak,serial,0.05,8,0,0,0.01945235290794256,0.2022559474930818,0.007153264383482606,0.03254964554603266,0.02839469857669704,0.00035074504246002136,0.9398465510457754,0.1299189031124115,0.0020120950182899826,-0.007053058594465256,-0.012270734434171043,-0.0068401297592361006
22,raw_weak,serial,0.1,8,0,0,0.026146699206167898,0.23225508946536177,0.007504855524227005,0.03755280142118851,0.03467963118973674,0.000312620924279028,0.9939297428354621,0.04654157906770706,0.0012414157390594474,-0.007228825986385345,-0.012946664950951186,-0.006990127760758724
22,raw_weak,serial,0.2,8,0,0,0.04532173028748124,0.29278269959779124,0.010976871296617759,0.04940709604962008,0.05476519713410982,0.0007468224938653178,1.3607761589810252,0.12018144130706787,-0.0035007086582481825,-0.010673163831233979,-0.017422800865939198,-0.010327393661937873
22,raw_weak,fixed_cadence,0.0,8,0,0,0.01636354188877156,0.1850734962538097,0.006774763190726825,0.029644834609069547,0.02577329854727068,0.00048639522092226717,0.9026045305654407,0.17690401524305344,0.0029911791440099464,-0.006539250537753105,-0.011333790846545249,-0.0063620729030383375
22,raw_weak,fixed_cadence,0.05,8,0,0,0.01945235290794256,0.2022559474930818,0.007153264383482606,0.03254964554603266,0.02839469857669704,0.00035074504246002136,0.9398465510457754,0.1299189031124115,0.0020120950182899826,-0.007053058594465256,-0.012270734434171043,-0.0068401297592361006
22,raw_weak,fixed_cadence,0.1,8,0,0,0.023272814467681674,0.22047786805019637,0.007573870399308964,0.03567260959253761,0.030276282322462923,0.0003229096288759341,0.9482181398198009,0.07310371845960617,0.001142809982411562,-0.0073628142476081845,-0.013104094791549793,-0.00712351009467071
22,raw_weak,fixed_cadence,0.2,8,0,0,0.030696723925588164,0.258666227677033,0.011029277886720222,0.04183027909734155,0.03760543116248618,0.0006960462851534489,1.2348134955391288,0.1859237626194954,-0.0033913678256794815,-0.01075395755469799,-0.017573529100859936,-0.010400273375509065
33,alternative_matched,serial,0.0,8,0,0,0.01604878642252776,0.18313273655143106,0.0011905211744544742,0.028138423944452567,0.02667777747043196,0.00012922883765314588,0.8394866365581948,0.09474046748282489,0.009839190413822491,0.0002754430860477261,-0.004664106351813637,0.00027842500884772003
33,alternative_matched,serial,0.05,8,0,0,0.019167856599834537,0.20055132574147097,0.0018507801863970918,0.030802760113662342,0.029455072307688908,0.00019007762632552598,0.94463078675098,0.12355186415142597,0.009833038489172989,0.0007223329812537964,-0.004667252536496545,0.0007197619119557172
33,alternative_matched,serial,0.1,8,0,0,0.025639590581284538,0.230866314772141,0.002008208412012226,0.03546501468155642,0.03617673181104812,0.00017442686344293473,1.0694488482659437,0.10418196861797338,0.009525947711931573,0.000994053363369808,-0.004926428402151543,0.0009844334966240048
33,alternative_matched,serial,0.2,8,0,0,0.04508860895346712,0.293003368701213,0.0016141209197528537,0.04674730713009656,0.05660949039124562,0.00010438036710118279,1.3401988841006793,0.08313526337689531,0.007226951758886557,7.856130930302446e-05,-0.0070510031678185,0.0001007579655973012
33,alternative_matched,fixed_cadence,0.0,8,0,0,0.01604878642252776,0.18313273655143106,0.0011905211744544742,0.028138423944452567,0.02667777747043196,0.00012922883765314588,0.8394866365581948,0.09474046748282489,0.009839190413822491,0.0002754430860477261,-0.004664106351813637,0.00027842500884772003
33,alternative_matched,fixed_cadence,0.05,8,0,0,0.019167856599834537,0.20055132574147097,0.0018507801863970918,0.030802760113662342,0.029455072307688908,0.00019007762632552598,0.94463078675098,0.12355186415142597,0.009833038489172989,0.0007223329812537964,-0.004667252536496545,0.0007197619119557172
33,alternative_matched,fixed_cadence,0.1,8,0,0,0.023019400509745894,0.2193001620853723,0.0017201725510416958,0.0335859220459432,0.03142773437996026,0.00014307462055300544,0.9930652153163908,0.1025069976642487,0.009473437240234264,0.0009228807239594546,-0.00502246908481371,0.0009119717569649841
33,alternative_matched,fixed_cadence,0.2,8,0,0,0.03107402119500827,0.25919798837020597,0.0010580524747468825,0.038868066542243895,0.03770848198998283,5.321078410046173e-05,1.1412693171627581,0.08513960129169235,0.007280097183912547,-5.170129784241025e-05,-0.007228647430108576,-3.752661279598567e-05
33,centered_strong,serial,0.0,8,0,0,0.016805230935999893,0.1857953399935271,0.00036361212306922536,0.028620141933798228,0.025280438726620273,3.292067252497046e-05,0.7844175002810858,0.05790639438604332,0.009362357463066951,-3.769627834342356e-05,-0.005132929069217541,-3.592584473320334e-05
33,centered_strong,serial,0.05,8,0,0,0.01990198066006542,0.20276728435521307,0.0009549488123005034,0.03120318311972372,0.027832403330810863,5.455876953300561e-05,0.8747305399998138,0.07454522003224581,0.009392128742882897,0.00044472527003465965,-0.005102294206553977,0.00044091211477033533
33,centered_strong,serial,0.1,8,0,0,0.026337564140298874,0.23267755999300346,0.0011053129116089233,0.03574136320446017,0.03399354840858243,4.0433473149565945e-05,0.9863756886529165,0.04981080171041057,0.00907728891984541,0.0007156989181132954,-0.005358620500358373,0.0007044475298305191
33,centered_strong,serial,0.2,8,0,0,0.045538830618982326,0.2942981563931973,0.0006017822011548455,0.04670077267586252,0.05229228070192256,3.6486048006955266e-05,1.2432098977245243,0.040431088486299,0.006689677415712997,-0.000270225731358604,-0.0075364267177624065,-0.0002521210479836341
33,centered_strong,fixed_cadence,0.0,8,0,0,0.016805230935999893,0.1857953399935271,0.00036361212306922536,0.028620141933798228,0.025280438726620273,3.292067252497046e-05,0.7844175002810858,0.05790639438604332,0.009362357463066951,-3.769627834342356e-05,-0.005132929069217541,-3.592584473320334e-05
33,centered_strong,fixed_cadence,0.05,8,0,0,0.01990198066006542,0.20276728435521307,0.0009549488123005034,0.03120318311972372,0.027832403330810863,5.455876953300561e-05,0.8747305399998138,0.07454522003224581,0.009392128742882897,0.00044472527003465965,-0.005102294206553977,0.00044091211477033533
33,centered_strong,fixed_cadence,0.1,8,0,0,0.023756431851981896,0.22128589171662483,0.0009407551180616965,0.03395467115707823,0.02971575952046089,3.421336588410945e-05,0.927720997460634,0.060633477732986656,0.009060557356058499,0.0006680588768337564,-0.005434983975227509,0.0006556243606098429
33,centered_strong,fixed_cadence,0.2,8,0,0,0.03191905658255359,0.2607691009155657,0.00043189132869168547,0.03925931000165196,0.03562008981174254,2.4390542031932784e-05,1.0763777278702438,0.0531106929633498,0.006866658601987799,-0.0003283514109592223,-0.007656216512621806,-0.00031530421054770175
33,centered_weak,serial,0.0,8,0,0,0.016136795648405505,0.1834164876425522,0.0009593077496190337,0.02793139727801649,0.02608095334036386,3.510155855630843e-05,0.818486374692421,0.07592960063497313,0.009210939885687454,-0.0003604386759806448,-0.005290470749985905,-0.00036059013374324254
33,centered_weak,serial,0.05,8,0,0,0.019272163187295157,0.20079584250041324,0.00024092519915241427,0.030556004496522293,0.02872688053947859,4.499757177135733e-06,0.8583348182479618,0.031672682006168074,0.009220012035027272,9.782101473969781e-05,-0.0052772833408512325,9.193109172700317e-05
33,centered_weak,serial,0.1,8,0,0,0.02582851244640187,0.23116511566730719,0.000536724149198252,0.035194830487104145,0.03532947311915782,1.2078016776395908e-05,1.0012678276029487,0.02839372821423006,0.008878283852292695,0.0003269839543388269,-0.005567552364979619,0.000312698401790961
33,centered_weak,serial,0.2,8,0,0,0.045667664258411234,0.2933550078398848,0.0011831892831116707,0.0465462903605966,0.055653501835948006,0.00014140503993621925,1.3488813979700995,0.08786188915007229,0.006579889253302429,-0.0006074042166034286,-0.007666124196910321,-0.0005923032576030773
33,centered_weak,fixed_cadence,0.0,8,0,0,0.016136795648405505,0.1834164876425522,0.0009593077496190337,0.02793139727801649,0.02608095334036386,3.510155855630843e-05,0.818486374692421,0.07592960063497313,0.009210939885687454,-0.0003604386759806448,-0.005290470749985905,-0.00036059013374324254
33,centered_weak,fixed_cadence,0.05,8,0,0,0.019272163187295157,0.20079584250041324,0.00024092519915241427,0.030556004496522293,0.02872688053947859,4.499757177135733e-06,0.8583348182479618,0.031672682006168074,0.009220012035027272,9.782101473969781e-05,-0.0052772833408512325,9.193109172700317e-05
33,centered_weak,fixed_cadence,0.1,8,0,0,0.02315798971094869,0.21961315717147223,0.0004938972778877483,0.03338041980844571,0.030790370390326983,7.453063473120268e-06,0.9387707790398951,0.04383789245430202,0.008899394742106898,0.0003295421301255682,-0.005591563679086635,0.00031503980006428905
33,centered_weak,fixed_cadence,0.2,8,0,0,0.031292863855246024,0.2596394054938041,0.0007762518072003259,0.038803244757588964,0.0373270464906433,7.798525763114574e-05,1.1378251947727944,0.08162324552284136,0.006816603730101421,-0.0005597744391818494,-0.007682914365025074,-0.0005474183221116783
33,gain_matched,serial,0.0,8,0,0,0.0160022775167691,0.1828499543190889,0.0005045715472013086,0.02787637826882527,0.026069881946836196,2.08618904470652e-05,0.798943901716209,0.05529621755931436,0.009359073603116885,-0.0001999908112352941,-0.005147716370059348,-0.00019927656879350827
33,gain_matched,serial,0.05,8,0,0,0.01909403834028673,0.20021068626992233,0.00042289891358018595,0.0304951119368317,0.02874863382474903,1.5851140695832695e-05,0.8719044957332676,0.04745481712970793,0.009375824773138978,0.0002700825886937176,-0.005129087280823191,0.000265131968397619
33,gain_matched,serial,0.1,8,0,0,0.025546116726993442,0.2306454643415945,0.000576677842470627,0.03510439853893623,0.03529758325774381,6.3098077721019395e-06,0.9911042530981024,0.022967145420344816,0.009046554991276934,0.0005191860729828477,-0.005411711686283516,0.0005062422172334593
33,gain_matched,serial,0.2,8,0,0,0.044925004469205235,0.29295890954745796,0.0007061293957962561,0.04627670346455737,0.05535406930251749,7.158876881761812e-05,1.3159189036197283,0.06261388620243154,0.006721777481978592,-0.0004425583537464789,-0.007568348995005747,-0.0004258977160684057
33,gain_matched,fixed_cadence,0.0,8,0,0,0.0160022775167691,0.1828499543190889,0.0005045715472013086,0.02787637826882527,0.026069881946836196,2.08618904470652e-05,0.798943901716209,0.05529621755931436,0.009359073603116885,-0.0001999908112352941,-0.005147716370059348,-0.00019927656879350827
33,gain_matched,fixed_cadence,0.05,8,0,0,0.01909403834028673,0.20021068626992233,0.00042289891358018595,0.0304951119368317,0.02874863382474903,1.5851140695832695e-05,0.8719044957332676,0.04745481712970793,0.009375824773138978,0.0002700825886937176,-0.005129087280823191,0.000265131968397619
33,gain_matched,fixed_cadence,0.1,8,0,0,0.022927389759031185,0.21898955943253512,0.0005191600256711305,0.03329148575922364,0.03079151334287346,6.957227224975913e-06,0.9336909054369644,0.04025564357274916,0.009046068892791505,0.0004969614045467319,-0.005455928309551692,0.00048349084858507454
33,gain_matched,fixed_cadence,0.2,8,0,0,0.031036689926901173,0.2591429778198215,0.0005129319606178271,0.038686158548198665,0.03731597816135522,4.475849926938619e-05,1.1198268246207745,0.06580031693674522,0.0068934385840162034,-0.00044629311407121217,-0.0076212648133724675,-0.00043347204050358417
33,native,serial,0.0,8,0,0,0.016467026066405335,0.18461076272550808,0.0005024325644920096,0.028268278474151635,0.025664765845664173,2.0076330106751777e-05,0.7889691833406687,0.054116006940603256,0.009285190398804844,-0.0002004968002438545,-0.0052122711123242975,-0.0001997949448599125
33,native,serial,0.05,8,0,0,0.019582984658735206,0.2017852986925825,0.0004207515081063573,0.030872634466932322,0.028263386734588728,1.5241139310947368e-05,0.8608073089271784,0.04649577662348747,0.009304418321698904,0.00026965979486703867,-0.00519040383080422,0.0002647595230523094
33,native,serial,0.1,8,0,0,0.02607809792827229,0.23191083365029247,0.0005766216925257025,0.035460425920953116,0.03463694191029994,6.1365679395949954e-06,0.9793413197621703,0.022519025951623917,0.008975397655740382,0.0005193684250116348,-0.005463865265796815,0.0005064852119312553
33,native,serial,0.2,8,0,0,0.04559076225531265,0.2938204194452204,0.0006994145802161771,0.0466158215193024,0.053927510790811026,6.82287187807329e-05,1.294052405282855,0.0609813816845417,0.006630827579647306,-0.00044085383415222153,-0.007601658259994738,-0.00042457732531085804
33,native,fixed_cadence,0.0,8,0,0,0.016467026066405335,0.18461076272550808,0.0005024325644920096,0.028268278474151635,0.025664765845664173,2.0076330106751777e-05,0.7889691833406687,0.054116006940603256,0.009285190398804844,-0.0002004968002438545,-0.0052122711123242975,-0.0001997949448599125
33,native,fixed_cadence,0.05,8,0,0,0.019582984658735206,0.2017852986925825,0.0004207515081063573,0.030872634466932322,0.028263386734588728,1.5241139310947368e-05,0.8608073089271784,0.04649577662348747,0.009304418321698904,0.00026965979486703867,-0.00519040383080422,0.0002647595230523094
33,native,fixed_cadence,0.1,8,0,0,0.023452661571952776,0.22045186737137998,0.0005190423263872955,0.03366135509762337,0.030236436870773868,6.733375042151935e-06,0.9221619460731745,0.03942025825381279,0.008978108665905893,0.0004969362169504165,-0.00551398735575153,0.00048348604171475913
33,native,fixed_cadence,0.2,8,0,0,0.03159990875675443,0.26020451213906726,0.0005109504672471892,0.039027037239213774,0.03645846266089012,4.250982414803067e-05,1.104173632338643,0.06387589499354362,0.006840134970843792,-0.00044582709670066835,-0.00767012187101147,-0.0004330541574049292
33,raw_strong,serial,0.0,8,0,0,0.01679751262289201,0.18575630081151406,0.0036986155005369965,0.02829269981554161,0.025840443606600868,0.00012917893795712235,0.7985854241997004,0.06963158026337624,0.013140129740349948,0.003737455606460571,-0.0014686590907661543,0.0036257287576236885
33,raw_strong,serial,0.05,8,0,0,0.01989156817421402,0.20271710195993947,0.004809998344311938,0.030896816086155222,0.028513210665277393,0.0002312702425894508,0.8986779861152172,0.0987512432038784,0.013702468946576118,0.0047515897080302235,-0.0009230956682316029,0.004616619913546931
33,raw_strong,serial,0.1,8,0,0,0.02632359798363893,0.23262377854887117,0.005626536361663614,0.03546234509595331,0.034811939424826424,0.0002720487437213315,1.0178913595154881,0.08304456248879433,0.01387514704838395,0.005509142577648163,-0.0007068518440415286,0.005351786987595167
33,raw_strong,serial,0.2,8,0,0,0.045525530998282195,0.29427156976397395,0.005518053495531324,0.04627853342670057,0.053327125625379376,0.00023772520908710293,1.2703622016124427,0.07260806858539581,0.012247138656675819,0.0052784204483032225,-0.0021467136938411614,0.005128831535666248
33,raw_strong,fixed_cadence,0.0,8,0,0,0.01679751262289201,0.18575630081151406,0.0036986155005369965,0.02829269981554161,0.025840443606600868,0.00012917893795712235,0.7985854241997004,0.06963158026337624,0.013140129740349948,0.003737455606460571,-0.0014686590907661543,0.0036257287576236885
33,raw_strong,fixed_cadence,0.05,8,0,0,0.01989156817421402,0.20271710195993947,0.004809998344311938,0.030896816086155222,0.028513210665277393,0.0002312702425894508,0.8986779861152172,0.0987512432038784,0.013702468946576118,0.0047515897080302235,-0.0009230956682316029,0.004616619913546931
33,raw_strong,fixed_cadence,0.1,8,0,0,0.023744772500247233,0.22123353034653592,0.00551602026548527,0.03361193117800568,0.030447871677970716,0.00024820874030644796,0.9528503380715847,0.08707081899046898,0.013844090257771315,0.00544750988483429,-0.000798936783534068,0.0052874842652987555
33,raw_strong,fixed_cadence,0.2,8,0,0,0.031904904833362974,0.26073184434178753,0.0053130546654124285,0.03860106396507899,0.03628129741016598,0.00018683192668709367,1.0948164411820471,0.07346458733081818,0.012382837664335965,0.0051812373101711275,-0.002314640154104901,0.005019314177224348
33,raw_weak,serial,0.0,8,0,0,0.016144829176255898,0.183458176447855,0.004175384098508866,0.028745597638280128,0.025734479067827873,0.0001639875172978859,0.8339064149186015,0.09562956169247627,0.005511782551184296,-0.004056933335959911,-0.008878772550761652,-0.003946247465056881
33,raw_weak,serial,0.05,8,0,0,0.019283229135282222,0.2008492919918161,0.004162544169562025,0.03144460554913111,0.028317309112036775,0.00011582540267804021,0.8739665616303682,0.05280992016196251,0.0049933154135942456,-0.004125344194471836,-0.009375822468059762,-0.004003086821840099
33,raw_weak,serial,0.1,8,0,0,0.02584398000137037,0.2312197423567366,0.004424668851586816,0.036113948228120876,0.03485757416993912,0.00015663742922028545,1.0239573987200856,0.057135988026857376,0.004171039583161475,-0.004375658184289932,-0.010132179668631353,-0.004247372742678716
33,raw_weak,serial,0.2,8,0,0,0.04568368479630487,0.293382602190394,0.0062189664500093104,0.04761953450802263,0.05507519788019083,0.0004752185208830445,1.378052206709981,0.1223641075193882,0.001120350509881977,-0.006057202070951462,-0.012962603906412375,-0.005879572032018866
33,raw_weak,fixed_cadence,0.0,8,0,0,0.016144829176255898,0.183458176447855,0.004175384098508866,0.028745597638280128,0.025734479067827873,0.0001639875172978859,0.8339064149186015,0.09562956169247627,0.005511782551184296,-0.004056933335959911,-0.008878772550761652,-0.003946247465056881
33,raw_weak,fixed_cadence,0.05,8,0,0,0.019283229135282222,0.2008492919918161,0.004162544169562025,0.03144460554913111,0.028317309112036775,0.00011582540267804021,0.8739665616303682,0.05280992016196251,0.0049933154135942456,-0.004125344194471836,-0.009375822468059762,-0.004003086821840099
33,raw_weak,fixed_cadence,0.1,8,0,0,0.02317075963982928,0.21966929901065746,0.004407131586388444,0.03437357086120666,0.030385838621383117,0.00014163635223499865,0.9550311788916588,0.0648755393922329,0.0042064688866958015,-0.004359161481261253,-0.01014038031414898,-0.0042295235076917235
33,raw_weak,fixed_cadence,0.2,8,0,0,0.03130844222906922,0.2596798648997981,0.006044178409769432,0.04017012068053873,0.037097128577222506,0.0003717661558901367,1.1691706767305732,0.1151186041533947,0.0013979215873405337,-0.005971607193350792,-0.012930500187002307,-0.00578787617318968
