seed,schedule,scenario_id,control,candidate_interaction,control_interaction,candidate_minus_control
11,serial,centered_confirmation-000,raw_weak,-6.36299399530589e-05,-9.537948861777432e-05,3.174954866471541e-05
11,serial,centered_confirmation-000,alternative_matched,-6.36299399530589e-05,-0.0002772772035890443,0.0002136472636359854
11,serial,centered_confirmation-000,gain_matched,-6.36299399530589e-05,-0.00018605939710901465,0.00012242945715595574
11,serial,centered_confirmation-001,raw_weak,-6.900162260203152e-05,-9.839895786083186e-05,2.939733525880034e-05
11,serial,centered_confirmation-001,alternative_matched,-6.900162260203152e-05,-0.0002769500449936839,0.00020794842239165237
11,serial,centered_confirmation-001,gain_matched,-6.900162260203152e-05,-0.00018671721404989877,0.00011771559144786725
11,serial,centered_confirmation-002,raw_weak,-6.457938818244316e-05,-0.00010051737904571631,3.593799086327315e-05
11,serial,centered_confirmation-002,alternative_matched,-6.457938818244316e-05,-0.000256953374649517,0.00019237398646707385
11,serial,centered_confirmation-002,gain_matched,-6.457938818244316e-05,-0.0001701349234837779,0.00010555553530133474
11,serial,centered_confirmation-003,raw_weak,-6.429633768181495e-05,-9.744558407379783e-05,3.3149246391982884e-05
11,serial,centered_confirmation-003,alternative_matched,-6.429633768181495e-05,-0.00025946151839131154,0.0001951651807094966
11,serial,centered_confirmation-003,gain_matched,-6.429633768181495e-05,-0.00017152957039307665,0.0001072332327112617
11,serial,centered_confirmation-004,raw_weak,-6.773366295170086e-05,-0.00010132662617167235,3.359296321997149e-05
11,serial,centered_confirmation-004,alternative_matched,-6.773366295170086e-05,-0.00025208095420095264,0.00018434729124925178
11,serial,centered_confirmation-004,gain_matched,-6.773366295170086e-05,-0.00017169594419303227,0.00010396228124133142
11,serial,centered_confirmation-005,raw_weak,-6.816786943958375e-05,-0.0001040370079909321,3.586913855134835e-05
11,serial,centered_confirmation-005,alternative_matched,-6.816786943958375e-05,-0.0002504569668600985,0.00018228909742051477
11,serial,centered_confirmation-005,gain_matched,-6.816786943958375e-05,-0.00017070535903749087,0.00010253748959790712
11,serial,centered_confirmation-006,raw_weak,-6.095788412763953e-05,-9.724175187923387e-05,3.628386775159434e-05
11,serial,centered_confirmation-006,alternative_matched,-6.095788412763953e-05,-0.00024165704298966667,0.00018069915886202714
11,serial,centered_confirmation-006,gain_matched,-6.095788412763953e-05,-0.0001633720679948339,0.00010241418386719436
11,serial,centered_confirmation-007,raw_weak,-6.77531450909083e-05,-0.00010129603445429777,3.354288936338948e-05
11,serial,centered_confirmation-007,alternative_matched,-6.77531450909083e-05,-0.000251760408679972,0.0001840072635890637
11,serial,centered_confirmation-007,gain_matched,-6.77531450909083e-05,-0.000171521376466071,0.0001037682313751627
11,fixed_cadence,centered_confirmation-000,raw_weak,-0.00012696995386523094,-0.00015370748061682704,2.6737526751596102e-05
11,fixed_cadence,centered_confirmation-000,alternative_matched,-0.00012696995386523094,-0.00015216993726752115,2.519998340229021e-05
11,fixed_cadence,centered_confirmation-000,gain_matched,-0.00012696995386523094,-0.00012680515451846466,-1.647993467662756e-07
11,fixed_cadence,centered_confirmation-001,raw_weak,-0.0001280625368376316,-0.00015341648110883677,2.535394427120516e-05
11,fixed_cadence,centered_confirmation-001,alternative_matched,-0.0001280625368376316,-0.0001541454656929335,2.608292885530189e-05
11,fixed_cadence,centered_confirmation-001,gain_matched,-0.0001280625368376316,-0.00012712174296621026,-9.407938714213471e-07
11,fixed_cadence,centered_confirmation-002,raw_weak,-0.00011656355527499968,-0.00012831586660392788,1.1752311328928206e-05
11,fixed_cadence,centered_confirmation-002,alternative_matched,-0.00011656355527499968,-0.00013718586095994023,2.0622305684940556e-05
11,fixed_cadence,centered_confirmation-002,gain_matched,-0.00011656355527499968,-0.00011935513672812689,2.7915814531272176e-06
11,fixed_cadence,centered_confirmation-003,raw_weak,-0.00011706948623467148,-0.00012856139749813783,1.1491911263466353e-05
11,fixed_cadence,centered_confirmation-003,alternative_matched,-0.00011706948623467148,-0.00013823687486989172,2.1167388635220247e-05
11,fixed_cadence,centered_confirmation-003,gain_matched,-0.00011706948623467148,-0.00011996499769824712,2.8955114635756396e-06
11,fixed_cadence,centered_confirmation-004,raw_weak,-0.00011640496971359812,-0.00012625842060658837,9.853450892990251e-06
11,fixed_cadence,centered_confirmation-004,alternative_matched,-0.00011640496971359812,-0.00013677623758534888,2.0371267871750753e-05
11,fixed_cadence,centered_confirmation-004,gain_matched,-0.00011640496971359812,-0.00011907690892327613,2.6719392096780092e-06
11,fixed_cadence,centered_confirmation-005,raw_weak,-0.00011598384451685581,-0.00012630332149681303,1.031947697995722e-05
11,fixed_cadence,centered_confirmation-005,alternative_matched,-0.00011598384451685581,-0.00013595179376570815,1.996794924885234e-05
11,fixed_cadence,centered_confirmation-005,gain_matched,-0.00011598384451685581,-0.00011854617240689147,2.5623278900356594e-06
11,fixed_cadence,centered_confirmation-006,raw_weak,-0.00011596002116921744,-0.00012662196750680768,1.0661946337590239e-05
11,fixed_cadence,centered_confirmation-006,alternative_matched,-0.00011596002116921744,-0.00013603137274907293,2.0071351579855484e-05
11,fixed_cadence,centered_confirmation-006,gain_matched,-0.00011596002116921744,-0.00011858806472137343,2.628043552155984e-06
11,fixed_cadence,centered_confirmation-007,raw_weak,-0.00011636852069754622,-0.00012608865713287232,9.720136435326099e-06
11,fixed_cadence,centered_confirmation-007,alternative_matched,-0.00011636852069754622,-0.00013667688054725888,2.030835984971266e-05
11,fixed_cadence,centered_confirmation-007,gain_matched,-0.00011636852069754622,-0.00011903264896842569,2.6641282708794733e-06
22,serial,centered_confirmation-000,raw_weak,0.00023954629637772118,0.00018562465662443073,5.392163975329045e-05
22,serial,centered_confirmation-000,alternative_matched,0.00023954629637772118,-7.409527670223723e-05,0.0003136415730799584
22,serial,centered_confirmation-000,gain_matched,0.00023954629637772118,-3.9382145114577605e-05,0.0002789284414922988
22,serial,centered_confirmation-001,raw_weak,0.0002329563574435256,0.0001864350993770643,4.652125806646132e-05
22,serial,centered_confirmation-001,alternative_matched,0.0002329563574435256,-6.48479252794397e-05,0.0002978042827229653
22,serial,centered_confirmation-001,gain_matched,0.0002329563574435256,-4.3759597989589255e-05,0.00027671595543311486
22,serial,centered_confirmation-002,raw_weak,0.00023106881278432342,0.00018964578612904598,4.1423026655277445e-05
22,serial,centered_confirmation-002,alternative_matched,0.00023106881278432342,-0.0001410064583171819,0.0003720752711015053
22,serial,centered_confirmation-002,gain_matched,0.00023106881278432342,-3.27771018228222e-05,0.0002638459146071456
22,serial,centered_confirmation-003,raw_weak,0.0002315530380868451,0.0001989994411925461,3.2553596894299014e-05
22,serial,centered_confirmation-003,alternative_matched,0.0002315530380868451,-0.0001294766717347684,0.0003610297098216135
22,serial,centered_confirmation-003,gain_matched,0.0002315530380868451,-3.34129985817902e-05,0.0002649660366686353
22,serial,centered_confirmation-004,raw_weak,0.0002234337827395072,0.00018610422200510124,3.7329560734405964e-05
22,serial,centered_confirmation-004,alternative_matched,0.0002234337827395072,-0.0001366388143103879,0.0003600725970498951
22,serial,centered_confirmation-004,gain_matched,0.0002234337827395072,-3.597788220668918e-05,0.0002594116649461964
22,serial,centered_confirmation-005,raw_weak,0.0002236625880852397,0.00017867658175167722,4.498600633356248e-05
22,serial,centered_confirmation-005,alternative_matched,0.0002236625880852397,-0.00014549799673219815,0.00036916058481743785
22,serial,centered_confirmation-005,gain_matched,0.0002236625880852397,-3.543394845916675e-05,0.00025909653654440645
22,serial,centered_confirmation-006,raw_weak,0.0002268885281578384,0.00017994476430319845,4.694376385463994e-05
22,serial,centered_confirmation-006,alternative_matched,0.0002268885281578384,-0.000141009011034237,0.0003678975391920754
22,serial,centered_confirmation-006,gain_matched,0.0002268885281578384,-2.8133751958415304e-05,0.0002550222801162537
22,serial,centered_confirmation-007,raw_weak,0.00022348358043551217,0.00018616734824608225,3.731623218942992e-05
22,serial,centered_confirmation-007,alternative_matched,0.00022348358043551217,-0.00013699868633139725,0.0003604822667669094
22,serial,centered_confirmation-007,gain_matched,0.00022348358043551217,-3.594574487216298e-05,0.00025942932530767515
22,fixed_cadence,centered_confirmation-000,raw_weak,4.434918215837774e-06,-3.326978391838403e-05,3.770470213422181e-05
22,fixed_cadence,centered_confirmation-000,alternative_matched,4.434918215837774e-06,-4.472780043255145e-05,4.9162718648389225e-05
22,fixed_cadence,centered_confirmation-000,gain_matched,4.434918215837774e-06,-6.661692833240251e-06,1.1096611049078026e-05
22,fixed_cadence,centered_confirmation-001,raw_weak,3.344331398612288e-06,-3.181307476051928e-05,3.515740615913157e-05
22,fixed_cadence,centered_confirmation-001,alternative_matched,3.344331398612288e-06,-4.080857644202934e-05,4.415290784064163e-05
22,fixed_cadence,centered_confirmation-001,gain_matched,3.344331398612288e-06,-7.3815558391809866e-06,1.0725887237793275e-05
22,fixed_cadence,centered_confirmation-002,raw_weak,1.957291701700989e-05,-1.2107493907436567e-05,3.1680410924446456e-05
22,fixed_cadence,centered_confirmation-002,alternative_matched,1.957291701700989e-05,-3.0758469751430983e-05,5.033138676844087e-05
22,fixed_cadence,centered_confirmation-002,gain_matched,1.957291701700989e-05,3.7278902895142296e-06,1.584502672749566e-05
22,fixed_cadence,centered_confirmation-003,raw_weak,1.7777571163717087e-05,-1.1484590387668414e-05,2.92621615513855e-05
22,fixed_cadence,centered_confirmation-003,alternative_matched,1.7777571163717087e-05,-2.6778552695755353e-05,4.455612385947244e-05
22,fixed_cadence,centered_confirmation-003,gain_matched,1.7777571163717087e-05,2.804934712892504e-06,1.4972636450824583e-05
22,fixed_cadence,centered_confirmation-004,raw_weak,1.9768833258305973e-05,-9.597666636808333e-06,2.9366499895114306e-05
22,fixed_cadence,centered_confirmation-004,alternative_matched,1.9768833258305973e-05,-2.655626412378237e-05,4.632509738208834e-05
22,fixed_cadence,centered_confirmation-004,gain_matched,1.9768833258305973e-05,4.128364557317438e-06,1.5640468700988536e-05
22,fixed_cadence,centered_confirmation-005,raw_weak,2.109110068137729e-05,-1.057476351656178e-05,3.166586419793907e-05
22,fixed_cadence,centered_confirmation-005,alternative_matched,2.109110068137729e-05,-3.0400355950050556e-05,5.1491456631427845e-05
22,fixed_cadence,centered_confirmation-005,gain_matched,2.109110068137729e-05,4.980315228230586e-06,1.6110785453146703e-05
22,fixed_cadence,centered_confirmation-006,raw_weak,2.104726739830115e-05,-1.1104494256251873e-05,3.2151761654553024e-05
22,fixed_cadence,centered_confirmation-006,alternative_matched,2.104726739830115e-05,-3.120873391874654e-05,5.225600131704769e-05
22,fixed_cadence,centered_confirmation-006,gain_matched,2.104726739830115e-05,4.951688035121499e-06,1.6095579363179652e-05
22,fixed_cadence,centered_confirmation-007,raw_weak,1.9900895815893466e-05,-9.438878017194174e-06,2.933977383308764e-05
22,fixed_cadence,centered_confirmation-007,alternative_matched,1.9900895815893466e-05,-2.6440600844453155e-05,4.634149666034662e-05
22,fixed_cadence,centered_confirmation-007,gain_matched,1.9900895815893466e-05,4.253345543724779e-06,1.5647550272168687e-05
33,serial,centered_confirmation-000,raw_weak,0.0003853936055473149,0.0004019883500773376,-1.6594744530022687e-05
33,serial,centered_confirmation-000,alternative_matched,0.0003853936055473149,-7.344366015215112e-05,0.00045883726569946603
33,serial,centered_confirmation-000,gain_matched,0.0003853936055473149,-0.00020147263625442877,0.0005868662418017437
33,serial,centered_confirmation-001,raw_weak,0.0003694431001670488,0.0003853648648874941,-1.592176472044529e-05
33,serial,centered_confirmation-001,alternative_matched,0.0003694431001670488,-6.872349581972872e-05,0.00043816659598677754
33,serial,centered_confirmation-001,gain_matched,0.0003694431001670488,-0.00020268794392273512,0.0005721310440897839
33,serial,centered_confirmation-002,raw_weak,0.0004267148837112898,0.0004314333178198973,-4.718434108607478e-06
33,serial,centered_confirmation-002,alternative_matched,0.0004267148837112898,-9.225523819906406e-05,0.0005189701219103539
33,serial,centered_confirmation-002,gain_matched,0.0004267148837112898,-0.0002011107934179225,0.0006278256771292123
33,serial,centered_confirmation-003,raw_weak,0.00041977731544040955,0.00042681954646748774,-7.042231027078183e-06
33,serial,centered_confirmation-003,alternative_matched,0.00041977731544040955,-8.73935952629308e-05,0.0005071709107033404
33,serial,centered_confirmation-003,gain_matched,0.00041977731544040955,-0.00020160292190813528,0.0006213802373485448
33,serial,centered_confirmation-004,raw_weak,0.0004098199010599407,0.00041564366577254847,-5.82376471260776e-06
33,serial,centered_confirmation-004,alternative_matched,0.0004098199010599407,-8.665874000308993e-05,0.0004964786410630306
33,serial,centered_confirmation-004,gain_matched,0.0004098199010599407,-0.00020196972888693668,0.0006117896299468774
33,serial,centered_confirmation-005,raw_weak,0.0004158638290404984,0.000419947909952291,-4.084080911792576e-06
33,serial,centered_confirmation-005,alternative_matched,0.0004158638290404984,-9.135634136465953e-05,0.0005072201704051579
33,serial,centered_confirmation-005,gain_matched,0.0004158638290404984,-0.0002015661841806432,0.0006174300132211416
33,serial,centered_confirmation-006,raw_weak,0.000419715677039436,0.0004236459452111145,-3.930268171678519e-06
33,serial,centered_confirmation-006,alternative_matched,0.000419715677039436,-8.471657242681632e-05,0.0005044322494662523
33,serial,centered_confirmation-006,gain_matched,0.000419715677039436,-0.0001957684670308782,0.0006154841440703142
33,serial,centered_confirmation-007,raw_weak,0.00041033105678132953,0.00041611184894505687,-5.780792163727344e-06
33,serial,centered_confirmation-007,alternative_matched,0.00041033105678132953,-8.676162051528269e-05,0.0004970926772966122
33,serial,centered_confirmation-007,gain_matched,0.00041033105678132953,-0.00020189521616784112,0.0006122262729491706
33,fixed_cadence,centered_confirmation-000,raw_weak,1.44614126909616e-05,1.7903595363247954e-05,-3.4421826722863536e-06
33,fixed_cadence,centered_confirmation-000,alternative_matched,1.44614126909616e-05,-0.00012610699878199544,0.00014056841147295704
33,fixed_cadence,centered_confirmation-000,gain_matched,1.44614126909616e-05,-9.881279556388581e-05,0.00011327420825484741
33,fixed_cadence,centered_confirmation-001,raw_weak,1.4352067019336723e-05,1.8527322757224546e-05,-4.175255737887823e-06
33,fixed_cadence,centered_confirmation-001,alternative_matched,1.4352067019336723e-05,-0.0001258413804780291,0.00014019344749736581
33,fixed_cadence,centered_confirmation-001,gain_matched,1.4352067019336723e-05,-9.888985258491717e-05,0.0001132419196042539
33,fixed_cadence,centered_confirmation-002,raw_weak,2.5107663048088563e-05,3.3460865974575815e-05,-8.353202926487252e-06
33,fixed_cadence,centered_confirmation-002,alternative_matched,2.5107663048088563e-05,-0.00010199706255950222,0.00012710472560759078
33,fixed_cadence,centered_confirmation-002,gain_matched,2.5107663048088563e-05,-9.830989229223791e-05,0.00012341755534032647
33,fixed_cadence,centered_confirmation-003,raw_weak,2.322522834383514e-05,3.2543169030115754e-05,-9.317940686280612e-06
33,fixed_cadence,centered_confirmation-003,alternative_matched,2.322522834383514e-05,-0.00010319211741438919,0.00012641734575822433
33,fixed_cadence,centered_confirmation-003,gain_matched,2.322522834383514e-05,-9.836243755900059e-05,0.00012158766590283573
33,fixed_cadence,centered_confirmation-004,raw_weak,2.6176076860062736e-05,3.55477217129363e-05,-9.371644852873562e-06
33,fixed_cadence,centered_confirmation-004,alternative_matched,2.6176076860062736e-05,-0.00010143866904834681,0.00012761474590840954
33,fixed_cadence,centered_confirmation-004,gain_matched,2.6176076860062736e-05,-9.833751953705963e-05,0.00012451359639712237
33,fixed_cadence,centered_confirmation-005,raw_weak,2.8007337730534543e-05,3.62874235309979e-05,-8.280085800463355e-06
33,fixed_cadence,centered_confirmation-005,alternative_matched,2.8007337730534543e-05,-0.00010054770553613243,0.00012855504326666697
33,fixed_cadence,centered_confirmation-005,gain_matched,2.8007337730534543e-05,-9.834806467930168e-05,0.00012635540240983623
33,fixed_cadence,centered_confirmation-006,raw_weak,2.7757322761636644e-05,3.5792263120729834e-05,-8.03494035909319e-06
33,fixed_cadence,centered_confirmation-006,alternative_matched,2.7757322761636644e-05,-0.00010072038566182745,0.0001284777084234641
33,fixed_cadence,centered_confirmation-006,gain_matched,2.7757322761636644e-05,-9.836039409039793e-05,0.00012611771685203457
33,fixed_cadence,centered_confirmation-007,raw_weak,2.6397023476933124e-05,3.5780538224013114e-05,-9.38351474707999e-06
33,fixed_cadence,centered_confirmation-007,alternative_matched,2.6397023476933124e-05,-0.00010133902346846912,0.00012773604694540225
33,fixed_cadence,centered_confirmation-007,gain_matched,2.6397023476933124e-05,-9.834128542936249e-05,0.00012473830890629561
