population,tau,noise_tau,seed,native_gradient_norm,weak_gradient_norm,weak_gradient_error_norm,scalar_gradient_error_norm,scalar_residual_over_weak,kernel_gradient_error_max,latest_position_residual_norm,latest_position_residual_squared_fraction,older_positions_residual_norm,older_positions_residual_squared_fraction,latest_velocity_residual_norm,latest_velocity_residual_squared_fraction,older_velocities_residual_norm,older_velocities_residual_squared_fraction,captured_actions_residual_norm,captured_actions_residual_squared_fraction,held_action_residual_norm,held_action_residual_squared_fraction
existing,0.2,0.01,11,0.19128569765272976,0.19771090692361054,0.006667117098581018,0.0032062610609697633,0.4809066667888826,6.776263578034403e-21,0.0024377967031860848,0.5780923327878006,0.0007683083088138987,0.057421336727334876,0.0010418321134497144,0.10558390460372025,0.00043300085863374923,0.018238106765399227,0.0006704991167049491,0.04373193145712709,0.0014228445473553168,0.1969323876586181
existing,0.2,0.01,22,0.167599645094012,0.17771763266774188,0.01204038297681976,0.009180383176152931,0.7624660439644717,0.0,0.003361006510737438,0.13403465187251795,0.0010320807827576513,0.012638797813950983,0.0049468358855859484,0.2903577272811562,0.001885067702676814,0.042163076113063934,0.000147278437676217,0.00025736928750383847,0.006623558204834784,0.5205483776318071
existing,0.2,0.01,33,0.17218476422181056,0.1876920232416142,0.015605093012067637,0.0022657891549544285,0.14519549183092095,0.0,0.0007983104540878749,0.12413797181304383,0.000996029358004325,0.19324367649832522,0.0009716219279793659,0.1838889477499715,0.000768802753952051,0.11513062790293511,0.0003227750633763672,0.020293687229371235,0.001365699763727149,0.36330508880635315
existing,0.2,0.05,11,0.19601170131709075,0.2035627935151313,0.007962049140997204,0.0051152061183518775,0.6424484486051822,0.0,0.002979409613943565,0.33926116792898703,0.0005332442458343247,0.010867410662570482,0.0028171370020989295,0.30331204638329395,0.00038227455114863627,0.005585016973386957,0.0008036507814165911,0.024683598058592986,0.002876778277922612,0.3162907599931687
existing,0.2,0.05,22,0.17508550050471544,0.18702710809553724,0.013787615777296494,0.010129677069779755,0.7346938900386158,0.0,0.003943821759996552,0.15158050754144325,0.0022256049497635126,0.0482730740956284,0.005550622009706713,0.3002562843933597,0.002465571427344246,0.05924394582763034,0.0012849865846235636,0.016091850396785626,0.006600278205526503,0.4245543377451525
existing,0.2,0.05,33,0.17098316984698567,0.1848306858727148,0.013976288516182189,0.0025020317164029947,0.17901975288404093,6.776263578034403e-21,0.0008296153869345874,0.10994309926668057,0.0008537832811786675,0.11644200398641492,0.0011409256973497484,0.20793572103441496,0.0007477555949595387,0.08931691646133424,0.00022378674243688401,0.007999872912475805,0.0017123156092469817,0.46836238633867944
existing,0.2,0.2,11,0.1822505119817897,0.18725309928123157,0.005625642549016711,0.00507084073952144,0.9013798326748927,3.3881317890172014e-21,0.0030367169196459515,0.358631701578213,0.0006069901550809422,0.014328586597165308,0.002795637793918171,0.30394980170570945,0.0003280138040106072,0.004184314312491075,0.0014516203648838675,0.08194947260926419,0.0024683909117095733,0.2369561231971569
existing,0.2,0.2,22,0.16437290914062733,0.1782248186753244,0.015159847513462114,0.00850153668528578,0.5607930210205823,0.0,0.003269218609233404,0.1478744214001306,0.0018807164866413663,0.04893862881601593,0.0047964869186858106,0.3183110112672605,0.002062172138778823,0.058837601911495896,0.0013257380334673666,0.02431759185748425,0.005388396715973653,0.40172074474761277
existing,0.2,0.2,33,0.16300375869072004,0.17597368269888783,0.013118420980709736,0.0024346637615378077,0.1855912205529851,0.0,0.0008887034630879198,0.13324034908816695,0.0008571475993841668,0.12394620759300373,0.000993599901277703,0.16655017608375028,0.0007980094361483627,0.10743309078575547,0.00034420583745233127,0.019987500125978563,0.0016311205647571783,0.448842676323345
existing,0.2,1.0,11,0.15067551039555885,0.1547936478624288,0.004179278696394161,0.0012072467531765527,0.28886485943570905,0.0,0.0006753536290156487,0.31294670529147167,0.00010025380321807472,0.0068961964050467065,0.0007974973041123268,0.436381524462307,0.000177574724415398,0.021635662919071465,0.0003073755737365292,0.06482561007994661,0.00047882867251610936,0.15731430084215658
existing,0.2,1.0,22,0.1441883441360758,0.15339927809931597,0.011029246833096008,0.007539730734233827,0.6836124758409597,0.0,0.0029414481008232657,0.15219861755012076,0.0010420520237474317,0.01910148493482859,0.004202100812207565,0.31061416865817815,0.0016150840507152713,0.04588582921555384,0.00041597250124442517,0.003043810219003978,0.005164336292893345,0.4691560894223147
existing,0.2,1.0,33,0.12011204361537098,0.13041682547425237,0.010411215481306652,0.00160186160084715,0.15385923033898338,0.0,0.0004894909902744896,0.09337689388346128,0.000873924929016798,0.2976447826396115,0.0005777334809725643,0.1300783716486833,0.000869028254805376,0.2943186700149836,0.0004760879831030676,0.0883333004767963,0.0004969592808367479,0.09624798133646392
fresh,0.2,0.01,101,0.16863157074087828,0.1725842180124197,0.0042081897017682566,0.0021059452047679367,0.5004397030587834,0.0,0.0014842416110326245,0.4967239175268965,0.0005359414147544055,0.06476501982313647,0.0006707824945013097,0.10145403084824285,0.00019461919621586215,0.008540380401101604,0.00041073459809746473,0.038038942968012704,0.001135019889242474,0.2904777084326099
fresh,0.2,0.01,202,0.17836202952580144,0.18467221657036578,0.0065282995637250246,0.002128475933068788,0.3260383369807079,0.0,0.0009329085020961247,0.19210586065174468,0.0009963556405720832,0.21912467234511132,0.0010423395474229158,0.2398175398359436,0.0008917543928457386,0.17553067662259472,0.00033949327551021735,0.025440454454333003,0.0008187879142194689,0.14798079609027248
fresh,0.2,0.01,303,0.16422332457181268,0.17186312495733258,0.008049246351830656,0.004109660710298645,0.510564657940178,0.0,0.0013769435376537326,0.11225878241119946,0.000784567278411047,0.03644588040026903,0.002751814677321801,0.4483595541214428,0.00047312535037833466,0.013253802664451697,0.0004593361739757953,0.012492500067156135,0.0025239791000156164,0.377189480335481
fresh,0.2,0.01,404,0.1788190335441418,0.18234740999943916,0.009536105862090189,0.014705161654861344,1.542051007772492,0.0,0.007414007782484924,0.25419468697400033,0.0016759858026228222,0.012989758129734201,0.00796541399093495,0.2934114779006166,0.0009462795004634316,0.004140943049553994,0.001599600976858197,0.011832696223184058,0.009568874085341433,0.4234304377229109
fresh,0.2,0.01,505,0.1729351734956033,0.18160957894044139,0.009763852241334598,0.007865934487635423,0.8056179357503517,2.710505431213761e-20,0.003574379716685866,0.20649080811905504,0.0015927674615961566,0.04100191112355045,0.004649658666312784,0.3494149595499174,0.001015579882914457,0.016669690216141713,0.0008699601949851378,0.012232018066204385,0.004811680357769087,0.3741906129251309
fresh,0.2,0.01,606,0.17998875933728423,0.19297247193250547,0.013928886597718387,0.007092267234562485,0.509176895425671,0.0,0.0031726368444546793,0.2001108074214355,0.002301142844240654,0.1052729939331747,0.0031339073529542405,0.19525498209430397,0.0017775768813579115,0.06281836143546074,0.0013792063293615205,0.03781710682896583,0.004478393308438602,0.3987257482866594
fresh,0.2,0.01,707,0.16438966735562996,0.1736655366159478,0.00928850016372955,0.0007566334258360162,0.08145916052093928,3.3881317890172014e-21,0.0005071743673219081,0.4493073734825977,0.0001499663153003353,0.039284062683764394,0.00031597029281354994,0.1743899522712779,0.00026572298080073303,0.12333524041119782,0.00010626644798917507,0.019725193949914156,0.0003332265296531259,0.19395817720124803
fresh,0.2,0.01,808,0.17058161033768499,0.18643986351872394,0.016132033409248448,0.005569729142695698,0.3452589640375148,0.0,0.0034143232901103077,0.37578646123721354,0.0016575871727946942,0.08856958360483261,0.0031337255798371544,0.31655835003356664,0.00031150322207972795,0.0031279293469228895,0.000544663855919692,0.0095628856118852,0.0025303665693241963,0.20639479016557924
fresh,0.2,0.01,909,0.18354622929007688,0.19607506749356418,0.012680600997494943,0.00392561344732411,0.30957629280344173,0.0,0.002252672135760553,0.32929179455085333,0.00039224017712850135,0.009983644022559909,0.0022330572075409116,0.3235822071719675,9.424587767050187e-05,0.0005763810064700453,0.0002714273193512714,0.004780706145107734,0.0022611849244870627,0.3317852671030416
fresh,0.2,0.01,1010,0.1802422216237838,0.18926289480300904,0.00951356323839624,0.005426012493811272,0.5703449231211469,0.0,0.0032960113425861137,0.36899103637148145,0.0017960649903419575,0.10956769266649596,0.002513807674342755,0.2146359755399462,0.0005143906091299176,0.008987201601214854,0.0003395054410437012,0.003915001193917275,0.002941594923874427,0.2939030926269443
fresh,0.2,0.05,101,0.1827189446650998,0.18546666682210566,0.008519201711273955,0.013562459627410784,1.5919871470425206,0.0,0.005863385821990211,0.1869046164132401,0.0012739969305628053,0.00882388514501688,0.008639649572695862,0.40580307967448476,0.00036456653232357224,0.0007225645953461274,0.0004110618672078663,0.0009186233165555626,0.008543566252707446,0.3968272308553566
fresh,0.2,0.05,202,0.18258570232650545,0.19731135408032482,0.015041386609505672,0.004064022215235371,0.27018933298789355,5.421010862427522e-20,0.0005520585012658008,0.018452620819427636,0.0012093913901793877,0.08855673546042815,0.002938179956637005,0.5226905364005147,0.000827387192621483,0.04144817772828646,0.0006666632979579718,0.026909209897894748,0.002233152360571273,0.3019427196934483
fresh,0.2,0.05,303,0.17828583029456832,0.186237837840538,0.009361384749743025,0.008504779862720257,0.9084959212849057,1.6940658945086007e-21,0.004282531284513974,0.25355660887906567,0.001323327246589784,0.02421075624734891,0.0048036369712405325,0.3190172770025242,0.0009895105879369303,0.013536760260435559,0.0008370664487257534,0.009687098508551857,0.0052426397658272925,0.37999149910207386
fresh,0.2,0.05,404,0.18925592306218345,0.1930874228032047,0.01074441898668068,0.015613713160376994,1.4531928789944375,2.168404344971009e-19,0.007386749871742079,0.22381768182238002,0.0017490430639226441,0.012548407445826379,0.007964383280938014,0.2601907845674625,0.0011527533293626876,0.00545080162952478,0.0023624383069338296,0.022893308403770116,0.010762130704896782,0.4750990161310361
fresh,0.2,0.05,505,0.18646703906541984,0.19761584238785124,0.011989905670800338,0.007640519112909169,0.6372459736290117,0.0,0.0035820952611221174,0.21980042579696027,0.0016988598842457576,0.049438967216695065,0.0043732501114046585,0.3276143368614948,0.0010035190237768525,0.017250650912284955,0.0007221615135850376,0.008933526838575168,0.0046910677600084764,0.3769620923739898
fresh,0.2,0.05,606,0.1799815008918765,0.19170001575392773,0.012475421248842431,0.007006595170418755,0.5616319505899556,0.0,0.0038399061920902783,0.30034968361388437,0.0022912626892402713,0.10693890073091733,0.0033012781291285875,0.22199857085810057,0.0013046972391194834,0.034674119049622955,0.00039145949708359914,0.003121473245150235,0.004042734086913448,0.3329172525023246
fresh,0.2,0.05,707,0.16542772694850827,0.17643273100234083,0.011138585672867431,0.0026885579502610576,0.2413733690454199,1.3552527156068805e-20,0.0010733748486187467,0.1593910844933824,0.00047479723573073246,0.031187284345627325,0.0016371883040041668,0.370815998475095,0.0003071638648501203,0.013052732659460704,0.00021764759769383901,0.006553434334667052,0.0017403080795616258,0.4189994656917674
fresh,0.2,0.05,808,0.16841784769367255,0.1850611817955465,0.017017167436955256,0.0056789844774843175,0.3337209026427968,0.0,0.00304739509361511,0.287949391257189,0.002187477487515692,0.14836990584796533,0.003037064104816134,0.28600034336590635,0.00012534603143650087,0.00048716918895724083,0.0006189346873464699,0.011878135697057174,0.0029251734869867535,0.2653150546429251
fresh,0.2,0.05,909,0.18364848493022423,0.19147722323241123,0.008228519253482103,0.004851199149950382,0.5895591904822336,0.0,0.0026477530182328485,0.2978905570145028,0.00047543749188582785,0.009604807062234247,0.0028254792386909477,0.3392235806171427,0.0002136867851280588,0.0019402474595052086,0.0006145917481386547,0.016050007611958055,0.002809052927756149,0.3352908002346572
fresh,0.2,0.05,1010,0.18211749554846335,0.19315970361718574,0.0114810130156407,0.005430576635348287,0.4730050064354215,0.0,0.003149777040312274,0.3364090978983031,0.0017439864842233625,0.10313221283241392,0.0025804924652116368,0.22579446782244392,0.0007506753803622539,0.01910787765374199,0.0006420740910002779,0.013979073800237489,0.002982258255672828,0.3015772699928596
fresh,0.2,0.2,101,0.17200865721416012,0.17454968711648589,0.008329813550579983,0.0123208264555346,1.479123918046969,0.0,0.005340845875479089,0.1879058971730058,0.0016631023787945227,0.018220416015469396,0.007921588873328889,0.41337567510803475,0.00021088846973904085,0.00029297191524458113,0.0007730810104118473,0.003937044562009816,0.007557679662836402,0.3762679952262356
fresh,0.2,0.2,202,0.17313699156706036,0.17948395132676015,0.0064224393767908314,0.0010249617669296819,0.15959072663786442,0.0,0.0002523075263154012,0.06059615670664237,0.0006963399303349421,0.46155904712353557,0.000126826162692939,0.015310958296416325,0.0005886037773338105,0.329784893774734,0.00037243042510110084,0.1320307146928413,2.7468772766799446e-05,0.0007182294058305319
fresh,0.2,0.2,303,0.17177379585078895,0.17988326658019613,0.009226564107338119,0.00679502917780096,0.7364636606596275,0.0,0.0027266617363117807,0.16102001970792112,0.0011247138105821882,0.027396898708681148,0.004198124268384784,0.3817050696037618,0.0003932411452574275,0.0033491550412271262,0.00048440878526677774,0.0050820785109910996,0.004411260398663519,0.42144677842741773
fresh,0.2,0.2,404,0.1831386719846394,0.1900118014908172,0.008631735938535052,0.00848161795793009,0.9826085990496091,0.0,0.004429481021379272,0.2727396492621846,0.0008672450334354076,0.01045505278899871,0.004308861354997917,0.2580878902503858,0.00038213532759645525,0.002029910852667264,0.0009221596858917029,0.01182101726493914,0.005657095990526325,0.4448664795808245
fresh,0.2,0.2,505,0.17062076332146653,0.18235561794824545,0.012597767598409576,0.007507032553949475,0.5959018131829334,1.3552527156068805e-20,0.0033841512377947996,0.20321835358593418,0.002053718756254993,0.0748419924107956,0.004512607265757168,0.3613420285242909,0.0007962161959260034,0.011249297864684892,0.0006908766694267004,0.008469630337652698,0.004382967293742694,0.3408786972766418
fresh,0.2,0.2,606,0.16645900178172443,0.1770420341076376,0.010915621301287776,0.0038830804331501777,0.35573608922215627,0.0,0.0020395343269717786,0.2758730430580786,0.0013510986742241208,0.12106576834951231,0.0017401220681076135,0.2008198583833084,0.0009619611111973826,0.06137086685664258,0.00036150329502827904,0.008667058886494477,0.0022380945306755586,0.33220340446596375
fresh,0.2,0.2,707,0.161298596332991,0.17221514361046378,0.011084105803684484,0.0026868309101660253,0.24240393927608417,1.3552527156068805e-20,0.0012857454123685608,0.22899673747112595,0.00046043099038075463,0.029366245317764307,0.0014660894618294396,0.2977421172434555,0.0005098720882639547,0.03601154917026205,0.00032767827666707134,0.014873549734330872,0.0016843875646704075,0.3930098010630614
fresh,0.2,0.2,808,0.16333930643339734,0.1808808334110321,0.017791411103099165,0.004739863518546131,0.26641301755544694,1.3552527156068805e-20,0.0026415245354916295,0.3105829599857127,0.0016784721829607595,0.1253997362582777,0.002607044179186793,0.3025276740848028,0.00016233340197625284,0.0011729624439623869,0.0006933078401808271,0.02139540686056231,0.0023168250229531912,0.23892126036668215
fresh,0.2,0.2,909,0.17675057431775767,0.183375181623899,0.007036648641302057,0.004211152093477858,0.5984599072860102,0.0,0.002204286686408749,0.2739897405176841,0.0004900645691334831,0.013542684334554595,0.002410667806298561,0.3276973142739695,0.0002540612601772028,0.00363977922437566,0.00037136576940325657,0.007776817122412479,0.0025731264923575907,0.3733536645270036
fresh,0.2,0.2,1010,0.1741796692057809,0.18270081047411774,0.00907929617027227,0.005023914324573499,0.5533374206937939,5.421010862427522e-20,0.0034101272551416983,0.4607408535102256,0.001333683327858334,0.07047271370120285,0.0020625142831500742,0.16854251898215772,0.0005420028990665295,0.011639083125916033,0.00018140137765662107,0.0013037571792050885,0.0026928418547655106,0.2873010735012928
fresh,0.2,1.0,101,0.13105844381252452,0.1340662260643939,0.0072119677735948155,0.008573746612832712,1.1888220915550647,0.0,0.004081714745550927,0.2266438882040438,0.001320785390184496,0.023731392599026565,0.0059042390782782506,0.4742273324173793,0.00023860757409287274,0.0007745102364106938,0.0007017501285528392,0.006699211871390599,0.00443788640675731,0.2679236646717491
fresh,0.2,1.0,202,0.1390835486210777,0.1441706134568559,0.0051606685123642485,0.0008601500235510651,0.16667414725248572,0.0,0.00014824238560563752,0.029702730819070655,0.000551794360163806,0.41153436196646964,0.00018145072083974867,0.044500919485960154,0.00040562325289979597,0.2223807937194824,0.0003412270690143039,0.15737601365540294,0.00031545957300721517,0.13450518035361422
fresh,0.2,1.0,303,0.14520117013937617,0.1519556710777449,0.007208937405627062,0.0035946248777953705,0.49863449708822877,0.0,0.001962811805729575,0.29816054364644057,0.0008071902314272038,0.050424853320270774,0.0018849947869588185,0.27498762848091857,0.000822161198390377,0.05231265977518167,0.0006987998208620245,0.03779187318678267,0.001923451633133795,0.28632244159040565
fresh,0.2,1.0,404,0.1350037113653459,0.1431024202565122,0.010149120218436272,0.0075481540295763185,0.7437249601068675,0.0,0.003409015979386379,0.20397482352819518,0.0014577960441007707,0.03730027442063348,0.004246661917249608,0.3165292635596357,0.0008097482599982049,0.011508495152194058,0.0009763838955991981,0.016732456605060494,0.004856430253254749,0.4139546867342811
fresh,0.2,1.0,505,0.1443449275420141,0.1550138864160252,0.011261293128912895,0.0050766906729386874,0.450808856036657,0.0,0.002091222955332192,0.16968336591635347,0.0018954711145546983,0.1394032620687162,0.0030484710731641246,0.3605809280655181,0.00071107992743167,0.019618935269792453,0.0006742329391681305,0.017638373191557234,0.0027483382961908404,0.2930751354880626
fresh,0.2,1.0,606,0.14037405997295188,0.15214200832852615,0.011928305800925696,0.0026526096141426705,0.22237941065669317,6.776263578034403e-21,0.001522226360211959,0.32931521611090186,0.0009081958716005526,0.11722287484409143,0.0013294524359127313,0.25118802399385853,0.0004912724837609924,0.034300322321046156,0.0003640768963715637,0.018838206876607592,0.0013240092571425444,0.24913535585349442
fresh,0.2,1.0,707,0.14219493650784176,0.15049604680521736,0.008376557549014025,0.0014938399220226094,0.1783357797378762,0.0,0.0009028582312121392,0.36528429493645365,0.00032149233642542207,0.04631622198044515,0.000708916701026116,0.22520721115556133,6.25840129446819e-05,0.001755167995026499,0.00039726498338996206,0.07072166053995253,0.0008054491230877888,0.29071544339256095
fresh,0.2,1.0,808,0.1423813570232156,0.156760876980753,0.014604813511913051,0.0034710889269033932,0.23766745970922865,0.0,0.002294756978018092,0.43706086208128425,0.0018511579594224523,0.28441695148591695,0.0009899259646299202,0.08133434070311188,0.00031411240789334824,0.008189147691826233,0.0014812555310915602,0.18210777567976544,0.00028814057497192347,0.00689092235809519
fresh,0.2,1.0,909,0.15383001298085627,0.16092038612181825,0.007504140828872242,0.004250178617363773,0.5663777791870825,2.168404344971009e-19,0.0025867213172125064,0.37041189116357576,0.0005648376719568674,0.017661717937020992,0.0024566726411080486,0.3341028763472389,0.0002848679133410141,0.004492340895346269,0.0009510770757642367,0.050074550969147785,0.0020082110728826957,0.22325662268767013
fresh,0.2,1.0,1010,0.1362694690164962,0.14353069773809898,0.007751617190412712,0.0036495896713903036,0.4708165511455026,0.0,0.002599960364661119,0.5075109033541794,0.0014377284617421678,0.1551906895543069,0.0014134235356996622,0.1499880157587804,0.00027176016290065625,0.005544769675581522,0.00027581787075159104,0.005711586064373614,0.001531323795534778,0.17605403559277816
