population,tau,noise_tau,seed,duration,low_delay,high_delay,joint_weak_recovery_absolute_interaction,joint_weak_recovery_percent_interaction,joint_weak_position_rms_absolute_interaction,joint_weak_action_rms_absolute_interaction,joint_weak_helpful_to_harmful,joint_weak_harmful_to_helpful,weak_equilibrium_recovery_absolute_interaction,weak_equilibrium_recovery_percent_interaction,weak_equilibrium_position_rms_absolute_interaction,weak_equilibrium_action_rms_absolute_interaction,weak_equilibrium_helpful_to_harmful,weak_equilibrium_harmful_to_helpful,weak_scalar_recovery_absolute_interaction,weak_scalar_recovery_percent_interaction,weak_scalar_position_rms_absolute_interaction,weak_scalar_action_rms_absolute_interaction,weak_scalar_helpful_to_harmful,weak_scalar_harmful_to_helpful,weak_kernel_recovery_absolute_interaction,weak_kernel_recovery_percent_interaction,weak_kernel_position_rms_absolute_interaction,weak_kernel_action_rms_absolute_interaction,weak_kernel_helpful_to_harmful,weak_kernel_harmful_to_helpful,equilibrium_minus_weak_recovery_absolute_interaction,equilibrium_minus_weak_recovery_percent_interaction,scalar_minus_equilibrium_recovery_absolute_interaction,scalar_minus_equilibrium_recovery_percent_interaction,kernel_minus_scalar_recovery_absolute_interaction,kernel_minus_scalar_recovery_percent_interaction,kernel_minus_weak_recovery_absolute_interaction,kernel_minus_weak_recovery_percent_interaction
existing,0.2,0.01,11,4.0,0.05,0.1,0.0010668805824943367,6.065461667735916,7.488436449880646e-05,0.0005586346383059156,True,False,0.0010711037662344616,6.080313577019203,7.530236068198836e-05,0.0005595577900555961,True,False,0.0007839307078128886,2.441248495980508,4.899276750214548e-05,4.0142325418176736e-05,False,False,-0.00010234322258692585,-0.3601952879724424,-1.8363729626339788e-05,-5.57791386524252e-05,False,True,4.223183740124925e-06,0.014851909283287057,-0.0002871730584215731,-3.6390650810386953,-0.0008862739303998144,-2.8014437839529505,-0.0011692238050812626,-6.425656955708359
existing,0.2,0.01,11,12.0,0.05,0.1,0.00110235418112185,6.179966754996092,0.00013371253432775372,0.0007162388599875535,True,False,0.0011067017167836549,6.195207946249015,0.00013433728092409388,0.0007170027550541221,True,False,0.00080232222752755,2.4976006563115716,5.062218803972545e-05,4.52834318815272e-05,False,False,-0.0001028239684474231,-0.36124141564652934,-6.710328473118546e-06,-3.0460797860890586e-05,False,True,4.347535661804874e-06,0.015241191252923336,-0.00030437948925610483,-3.6976072899374435,-0.0009051461959749731,-2.858842071958101,-0.001205178149569273,-6.541208170642621
existing,0.2,0.01,22,4.0,0.05,0.1,0.01015144192695603,33.06809039231715,0.000539501498033531,0.0018539711110002934,True,False,0.010148640976030382,33.05969721157993,0.000539311619981653,0.0018535444969593872,True,False,0.0048757832822755864,12.241060227688871,0.00036871610948584514,0.0005108584494234823,False,False,-0.00045723916084099495,-1.227825978554098,-1.6121215508535947e-05,-2.9997284721838477e-05,False,False,-2.8009509256479714e-06,-0.008393180737222394,-0.0052728576937547955,-20.81863698389106,-0.005333022443116581,-13.468886206242969,-0.010608681087797025,-34.295916370871254
existing,0.2,0.01,22,12.0,0.05,0.1,0.011191527612485007,35.7815500183692,0.0006789288209117601,0.002225836979814073,True,False,0.011188369801900657,35.77221923054333,0.0006784487959368367,0.00222540829075396,True,False,0.005177199134886186,12.992180773179516,0.000334235205797841,0.00045669603426002747,False,False,-0.00047082130633145994,-1.2583552632970618,-1.2058155254656474e-05,-2.1029459119658624e-05,False,False,-3.1578105843498017e-06,-0.009330787825874154,-0.006011170667014471,-22.780038457363812,-0.005648020441217646,-14.250536036476579,-0.011662348918816467,-37.039905281666265
existing,0.2,0.01,33,4.0,0.05,0.1,0.001741150655745016,10.902304819813969,0.00011783907720306578,0.0009217712370007663,True,False,0.0017416819820025384,10.903564108448826,0.00011785628978498068,0.000921799236802039,True,False,0.000175428635209968,0.573716068126362,1.1063941744657909e-05,-9.748347335454197e-06,True,False,-9.213136865723372e-05,-0.3459656777748843,-7.289699713574141e-06,-1.9800482469745084e-05,False,True,5.313262575225297e-07,0.0012592886348574694,-0.0015662533467925704,-10.329848040322464,-0.0002675600038672017,-0.9196817459012463,-0.0018332820244022496,-11.248270497588853
existing,0.2,0.01,33,12.0,0.05,0.1,0.0017766560016580866,11.015127755186105,0.0001817868505240316,0.0010617727596699874,True,False,0.0017771960387047616,11.016413104091871,0.00018185646747526877,0.0010617471215132283,True,False,0.0001775338792972484,0.5799393155034305,1.1760262845692242e-05,-4.952211070831727e-06,True,False,-9.29935283043963e-05,-0.3484776923473376,-4.724928132531555e-06,-1.6753739691849866e-05,False,True,5.400370466750182e-07,0.0012853489057658152,-0.0015996621594075132,-10.43647378858844,-0.0002705274076016447,-0.9284170078507681,-0.0018696495299624829,-11.363605447533443
existing,0.2,0.05,11,4.0,0.05,0.1,0.003940895507886967,15.609440085466375,0.00048613548803256527,0.0019224760501732226,True,False,0.003947932381430087,15.634664471422365,0.0004876339691411522,0.0019245563250925544,True,False,0.002724721051439765,8.09005414222763,0.000370820276287296,0.00044956615438918046,False,False,-0.00033995557250633517,-1.1733952836501804,-6.0144926799132054e-05,-0.00033723410958626937,False,True,7.036873543119979e-06,0.025224385955990414,-0.0012232113299903216,-7.544610329194734,-0.0030646766239461,-9.26344942587781,-0.004280851080393302,-16.782835369116555
existing,0.2,0.05,11,12.0,0.05,0.1,0.004243276970713396,16.540339699409635,0.0006184756121607139,0.002378341131419546,True,False,0.004250897688602106,16.5673608885749,0.0006203236382331988,0.0023794273280353974,True,False,0.002839558555304456,8.426923172152147,0.0003393968210550933,0.0004402804489913245,False,False,-0.0003561334144565921,-1.2216854805245925,-7.016783808371212e-05,-0.0003527332825361308,False,True,7.620717888710132e-06,0.027021189165264303,-0.00141133913329765,-8.140437716422753,-0.003195691969761048,-9.648608652676739,-0.004599410385169988,-17.762025179934227
existing,0.2,0.05,22,4.0,0.05,0.1,0.00993351548161411,34.6454789089491,0.0011067399715949666,0.003637810408329587,True,False,0.009931485555738157,34.63884200658881,0.001106540789132704,0.003637342884193113,True,False,0.0036987776583440185,9.671035461561093,0.0005823414727387181,0.0005054066424368502,False,False,-0.0006325854073121941,-1.706975054761295,-6.573930543463113e-05,-0.00014161510898415275,False,False,-2.0299258759529093e-06,-0.0066369023602916855,-0.006232707897394139,-24.967806545027717,-0.004331363065656213,-11.378010516322387,-0.010566100888926304,-36.352453963710396
existing,0.2,0.05,22,12.0,0.05,0.1,0.010998730033634347,37.649197226042254,0.001351083886131429,0.0044012791155785234,True,False,0.010996498957100377,37.64199526300354,0.0013507242367717899,0.0044008303182148,True,False,0.0038365885552648967,10.033103910553898,0.0005266863642115326,0.0004552033050537977,False,False,-0.000647627555442053,-1.744286723004751,-7.251553705607452e-05,-0.00016142407107049006,False,False,-2.2310765339702415e-06,-0.007201963038717452,-0.00715991040183548,-27.60889135244964,-0.00448421611070695,-11.77739063355865,-0.0116463575890764,-39.393483949047
existing,0.2,0.05,33,4.0,0.05,0.1,0.0014673749020713243,9.694457960077784,0.00017313314724384972,0.0015688116836325913,True,False,0.0014705513844658884,9.703475687343955,0.00017379663657311837,0.0015695184990266661,True,False,0.00018497124428142574,0.5667815513371144,2.591309889916557e-05,-3.574541900408165e-05,False,False,-0.00011238706183364436,-0.4993196755041174,-1.4432506276382782e-05,-9.217015680371143e-05,False,True,3.176482394564098e-06,0.009017727266170894,-0.0012855801401844627,-9.136694136006842,-0.0002973583061150701,-1.0661012268412318,-0.0015797619639049687,-10.193777635581903
existing,0.2,0.05,33,12.0,0.05,0.1,0.0014910697501397153,9.767900571464285,0.0002627344354967417,0.001809542342473271,True,False,0.0014942897461369224,9.777043458168809,0.0002635369633465041,0.001809992468955246,True,False,0.00018481474819832464,0.5655936200781086,2.1046604296541017e-05,-2.00444500379985e-05,False,False,-0.00011404580305970219,-0.5042637069749722,-1.6286968459761075e-05,-8.929389733739433e-05,False,True,3.21999599720707e-06,0.00914288670452379,-0.0013094749979385978,-9.2114498380907,-0.0002988605512580268,-1.069857327053081,-0.0016051155531994175,-10.272164278439258
existing,0.2,0.2,11,4.0,0.05,0.1,0.01377727506087668,34.805010291266335,0.0007295016225366581,0.0025201893660056623,True,False,0.013784634151344354,34.822955286771126,0.0007304436662089221,0.0025213687127622585,True,False,0.00864035421778014,18.95439210538694,0.0005671528845159479,0.0008440524579469595,False,False,-0.0011264035566644834,-2.8161897953549397,-0.00010711196161516771,-0.0005491489079086954,False,True,7.359090467673468e-06,0.01794499550479145,-0.005144279933564214,-15.868563181384186,-0.009766757774444624,-21.77058190074188,-0.014903678617541164,-37.62120008662127
existing,0.2,0.2,11,12.0,0.05,0.1,0.018404009929793047,44.589595980457666,0.0009903149901806033,0.0034733603020112337,True,False,0.01841473807355395,44.61479092976134,0.0009913706956651454,0.0034741297641588155,True,False,0.010288508853772388,22.23148501547092,0.0005826119053865784,0.0009738880752738106,False,False,-0.0013733477246168167,-3.3190168210372684,-0.00011573191746644396,-0.000586183872982371,False,True,1.0728143760904002e-05,0.02519494930367472,-0.008126229219781563,-22.38330591429042,-0.011661856578389205,-25.55050183650819,-0.019777357654409862,-47.90861280149493
existing,0.2,0.2,22,4.0,0.05,0.1,0.03983652392832632,89.58495416867879,0.002097840577923173,0.006721707158988222,True,False,0.03970976558458252,89.31348006139099,0.002085645079041175,0.006702207631885539,True,False,0.006231352536825576,11.539389140757272,0.0007881270711002537,0.0009167686492993002,False,False,-0.002034727549953203,-3.8791907467812585,-0.00015743038197587982,-0.0003489483349358724,False,False,-0.00012675834374379497,-0.2714741072878013,-0.03347841304775695,-77.77409092063371,-0.008266080086778779,-15.418579887538531,-0.04187125147827952,-93.46414491546005
existing,0.2,0.2,22,12.0,0.05,0.1,0.0744281379240731,157.26036333301914,0.0031285997202191405,0.009874120651846303,True,False,0.07415291328315099,156.69659846001122,0.003112613371232205,0.009850117692274465,True,False,0.007251574283255997,13.29447549676783,0.000766078263895709,0.0009094739835588256,False,False,-0.0022652628539267996,-4.247255366646052,-0.00017505391015781163,-0.000399218377280814,False,False,-0.0002752246409221115,-0.5637648730079263,-0.06690133899989499,-143.4021229632434,-0.009516837137182797,-17.541730863413882,-0.0766934007779999,-161.5076186996652
existing,0.2,0.2,33,4.0,0.05,0.1,0.0025874640457676755,12.79027534932482,0.00014145556588475092,0.001677837814203692,True,False,0.002570705547246163,12.747553934124468,0.00013735670404469748,0.0016731600232234023,True,False,-5.20244935660677e-06,-0.07607096147241865,5.331575831182128e-06,-8.514565636939461e-05,False,False,7.959471148229896e-06,-0.2044260221049532,9.973928906250457e-06,-6.068858145919995e-05,False,False,-1.6758498521512663e-05,-0.042721415200350776,-0.0025759079966027696,-12.823624895596886,1.3161920504836666e-05,-0.12835506063253455,-0.0025795045746194456,-12.994701371429773
existing,0.2,0.2,33,12.0,0.05,0.1,0.002659012183486525,12.976610695075486,0.0002223764757364969,0.0019650668446048944,True,False,0.0026417265062829917,12.93256899711923,0.00021827539714157525,0.0019619462191012987,True,False,-1.3301083718051873e-05,-0.09860889742423495,-1.6229449086217415e-05,-9.680290738285288e-05,False,True,7.609745358558295e-06,-0.20582140141087724,-8.617722223032073e-06,-8.970306149216206e-05,False,False,-1.7285677203533398e-05,-0.04404169795625634,-0.0026550275900010436,-13.031177894543465,2.091082907661017e-05,-0.10721250398664228,-0.002651402438127967,-13.182432096486362
existing,0.2,1.0,11,4.0,0.05,0.1,0.01767335674070328,27.172335533931523,0.00038628621921405967,0.0016465379378920852,True,False,0.017678927433996513,27.179288507346822,0.00038552748607969395,0.0016466536697570533,True,False,0.005291743252641359,6.896649634982355,0.00012731443857076728,0.0003112464675760745,False,False,-0.0007482332152024818,-1.159835310640367,-1.9642015801302377e-05,-0.00011831795191988986,False,True,5.570693293231732e-06,0.006952973415298658,-0.012387184181355154,-20.282638872364465,-0.006039976467843841,-8.05648494562272,-0.018421589955905763,-28.33217084457189
existing,0.2,1.0,11,12.0,0.05,0.1,0.04129194652670495,52.21701159324298,0.0006359630786012573,0.002763620853642892,True,False,0.04130675393362625,52.233948645362034,0.0006355261576414528,0.002765325749233896,True,False,0.009254154911630652,10.655495503689917,0.00013169560952801425,0.0003547380069177635,False,False,-0.0016367210022738207,-2.0876166625156123,-3.029633680802328e-05,-0.00018243709167267523,False,True,1.4807406921293897e-05,0.016937052119054385,-0.032052599021995594,-41.578453141672114,-0.010890875913904472,-12.74311216620553,-0.042928667528978774,-54.304628255758594
existing,0.2,1.0,22,4.0,0.05,0.1,0.06105201579901592,105.14458006574438,0.0015457034526078876,0.0048088648077401295,True,False,0.06054589107675916,104.31283228874696,0.0015119142354524991,0.004759460729295421,True,False,0.009600045960048936,13.716471927109787,0.0005547215302405505,0.0009005834252063614,False,False,-0.0035756182737569607,-5.668101132214732,-6.555511931641798e-05,-0.00020411186107562214,False,False,-0.000506124722256758,-0.8317477769974175,-0.05094584511671022,-90.59636036163718,-0.013175664233805897,-19.384573059324516,-0.06462763407277287,-110.81268119795911
existing,0.2,1.0,22,12.0,0.05,0.1,0.2075768496717323,317.94382372000155,0.0025725460639650487,0.007930625478707964,True,False,0.2044292279747521,313.2077401505041,0.00252425053723088,0.007848017611458147,True,False,0.015257589180687,21.037662592259963,0.00048786562491546365,0.0007830478920076919,False,False,-0.0045335856386354255,-6.681614724894104,-9.621776662997912e-05,-0.00030446745919355915,False,False,-0.003147621696980185,-4.736083569497453,-0.1891716387940651,-292.17007755824415,-0.019791174819322424,-27.719277317154067,-0.21211043531036772,-324.6254384448956
existing,0.2,1.0,33,4.0,0.05,0.1,0.04473755180192955,57.15824797586131,0.0014526952170029932,0.004484801502348423,True,False,0.04466576989189562,57.09256714549102,0.0014356201955103357,0.004472920715863762,True,False,-0.0034943891662401107,-3.8926300135800562,-6.65541806533377e-05,-8.728942661850175e-05,False,False,-0.0015046668450596663,-1.7891504018379467,6.010107841716156e-05,6.710285664714676e-05,False,True,-7.178191003393009e-05,-0.06568083037029027,-0.04816015905813573,-60.98519715907107,0.0019897223211804444,2.1034796117421095,-0.046242218646989214,-58.94739837769925
existing,0.2,1.0,33,12.0,0.05,0.1,0.1365546631585588,139.4550024498725,0.0010990984734807457,0.004048144686311889,True,False,0.1362820697297413,139.2061556591592,0.0010826543551919754,0.004037494537450788,True,False,-0.005526478246729607,-5.328089629502819,-0.00029165361377252695,-0.0005398852316119522,False,False,-0.0029191985009199093,-2.9327376804017202,-3.778738460790028e-05,-0.00013111635774123304,False,True,-0.00027259342881749693,-0.2488467907132872,-0.1418085479764709,-144.53424528866202,0.0026072797458096975,2.395351949101099,-0.1394738616594787,-142.3877401302742
fresh,0.2,0.01,101,4.0,0.05,0.1,0.0006659420815714398,4.15945021177353,3.525122906574687e-05,0.0003143086503953566,True,False,0.0006660681992434435,4.159907706706035,3.525780901541837e-05,0.000314331855586214,True,False,-0.00019301295713457928,-0.44196374642048175,-7.509009032788134e-06,-2.1151833567326778e-05,False,False,2.0798396023553184e-05,-0.01261215216632472,1.0428204535975222e-05,1.0894588658081489e-05,False,False,1.2611767200368385e-07,0.0004574949325046873,-0.0008590811563780228,-4.601871453126517,0.00021381135315813246,0.42935159425415703,-0.0006451436855478866,-4.172062363939855
fresh,0.2,0.01,101,12.0,0.05,0.1,0.0006805014790765822,4.198584995446053,4.7764574639578596e-05,0.0003441185390904685,True,False,0.0006806348236717465,4.199061970907881,4.776282414409392e-05,0.0003441415231800922,True,False,-0.0002015917263830016,-0.4638840208061268,-1.26148936986409e-05,-2.8127406475977196e-05,False,False,2.2401209300347905e-05,-0.008446828248143134,3.7285342818159893e-06,-2.0089644286666597e-06,False,False,1.3334459516428643e-07,0.0004769754618276778,-0.0008822265500547481,-4.6629459917140075,0.0002239929356833495,0.45543719255798365,-0.0006581002697762343,-4.207031823694196
fresh,0.2,0.01,202,4.0,0.05,0.1,-0.0007751487299335683,-0.16800892928349187,-6.703851911081657e-05,0.0001363168005737974,False,False,-0.0007766018385101242,-0.17262071229890985,-6.7156005686431e-05,0.0001360536522085551,False,False,-0.0011821101472839976,-3.083752799561712,-9.466044226421342e-05,-0.00015898938530722016,False,False,9.818348507172232e-05,0.2819659014740905,6.952857169778472e-06,2.171841248709526e-05,False,False,-1.4531085765559504e-06,-0.004611783015417981,-0.0004055083087738734,-2.911132087262802,0.00128029363235572,3.3657187010358025,0.0008733322150052906,0.4499748307575824
fresh,0.2,0.01,202,12.0,0.05,0.1,-0.0007891399160036734,-0.19558307513175555,-3.5892297409901436e-05,0.00019838737038787788,False,False,-0.0007906596175370085,-0.20037492202393814,-3.58183162864692e-05,0.00019798366188289625,False,False,-0.0012164625772811029,-3.170437672062687,-8.38610580436161e-05,-0.00014396673007858844,False,False,0.0001012044646609804,0.28971728078963643,4.875034298699402e-06,1.3273837310106076e-05,False,False,-1.5197015333350689e-06,-0.004791846892182594,-0.0004258029597440944,-2.970062750038749,0.0013176670419420833,3.4601549528523234,0.0008903443806646538,0.485300355921392
fresh,0.2,0.01,303,4.0,0.05,0.1,0.009221071864010442,26.854992569888037,0.0004231818739543376,0.0016987699573717315,True,False,0.009225451940591415,26.86790799244848,0.00042315237922043065,0.001700436910100113,True,False,0.0037412471687401846,8.508118313401546,0.00022508616540171337,0.00037455337434744856,False,False,-0.00030028146793862655,-0.7646185114449588,-1.1465923484123373e-05,-5.187149854210364e-05,False,True,4.380076580972475e-06,0.01291542256044309,-0.00548420477185123,-18.359789679046933,-0.004041528636678811,-9.272736824846504,-0.009521353331949069,-27.619611081332994
fresh,0.2,0.01,303,12.0,0.05,0.1,0.011799793769921523,32.786078919460124,0.0006782449035118571,0.002381897990029854,True,False,0.0118068063557155,32.80523074756507,0.0006788630739026171,0.0023835612190308848,True,False,0.004278852105202485,9.662536816415713,0.0002337737210892023,0.00043342951235240436,False,False,-0.0003400732160928222,-0.8496986658449002,-1.4741540908054865e-05,-6.350075190790852e-05,False,True,7.012585793976511e-06,0.019151828104945423,-0.007527954250513015,-23.142693931149356,-0.0046189253212953075,-10.512235482260614,-0.012139866986014346,-33.63577758530502
fresh,0.2,0.01,404,4.0,0.05,0.1,0.0057285797500052915,23.675517670288023,0.0004219261286357162,0.0015654601458065034,True,False,0.005727445415378566,23.669089049451387,0.00042210014454652006,0.0015649530708727998,True,False,0.003536552093299743,11.172748058651273,0.00027138005436832483,0.00038916706520701096,False,False,-2.5477815309933594e-05,-0.1120288360940136,-6.509309477001346e-06,-1.356268424742256e-05,False,True,-1.1343346267254917e-06,-0.006428620836636867,-0.002190893322078823,-12.496340990800114,-0.0035620299086096766,-11.284776894745287,-0.005754057565315225,-23.787546506382036
fresh,0.2,0.01,404,12.0,0.05,0.1,0.005874271384317913,24.160338727737717,0.00048135501962510074,0.001719272093552722,True,False,0.00587300895657538,24.15347420414593,0.0004819123891869545,0.0017184333830362972,True,False,0.0035833060257132714,11.32262244552462,0.0002401379951319782,0.00035196586988600273,False,False,-2.6043435106303317e-05,-0.11390762940746146,-5.338047675975278e-06,-9.263883664714125e-06,False,True,-1.2624277425325042e-06,-0.0068645235917870195,-0.002289702930862109,-12.830851758621309,-0.0036093494608195748,-11.436530074932083,-0.005900314819424216,-24.274246357145177
fresh,0.2,0.01,505,4.0,0.05,0.1,0.004914470339148059,20.50687362254875,0.0003339606701373522,0.0014449004833803035,True,False,0.004916333742447192,20.513233901993765,0.00033410306101527626,0.001445313423567957,True,False,0.0032289416895482596,9.970886776274867,0.00024830602020160016,0.0003911604848333052,False,False,-0.00015728477643943764,-0.5300871946435248,-1.2896099353455238e-06,-1.5602739156147724e-05,False,True,1.86340329913319e-06,0.006360279445015493,-0.0016873920528989329,-10.542347125718898,-0.003386226465987697,-10.500973970918391,-0.005071755115587497,-21.036960817192274
fresh,0.2,0.01,505,12.0,0.05,0.1,0.0051238032540917335,21.17912103314906,0.0004183814363596873,0.001682655663016312,True,False,0.005125806515775681,21.18593420685091,0.00041880390215073837,0.0016829303597783347,True,False,0.003319094006981488,10.25288509884248,0.00021848015900265833,0.00034685601685573424,False,False,-0.00015946031501603425,-0.5365629153238793,-5.400037053012591e-06,-2.099549422995839e-05,False,True,2.003261683947502e-06,0.006813173701850417,-0.0018067125087941928,-10.93304910800843,-0.0034785543219975224,-10.789448014166359,-0.005283263569107768,-21.71568394847294
fresh,0.2,0.01,606,4.0,0.05,0.1,0.0015219556815877812,10.902538786074135,0.00011666354292622343,0.0012894556030216327,True,False,0.0015235889006927576,10.907830725097455,0.00011675847228268194,0.001290021196385896,True,False,-0.00015619883216770776,-0.16195822973044116,-1.4637284306590927e-05,-1.7482753658919215e-05,False,False,0.00016475735794941118,0.47203499619346,6.437890720508831e-06,1.531318042603813e-05,False,False,1.6332191049763661e-06,0.005291939023319259,-0.0016797877328604653,-11.069788954827896,0.00032095619011711894,0.6339932259239012,-0.00135719832363837,-10.430503789880675
fresh,0.2,0.01,606,12.0,0.05,0.1,0.0015906824305183549,11.115985972112362,0.00023598785804156532,0.0015913493724433094,True,False,0.0015923787518303551,11.121464930612447,0.00023660500454789199,0.0015916670873451447,True,False,-0.00016120978676643048,-0.1761699559792329,-9.395142584819102e-06,-6.14732233957839e-07,False,False,0.0001675024439209312,0.47949199762642447,5.637402688231461e-06,7.823649726568238e-06,False,False,1.6963213120002596e-06,0.00547895850008473,-0.0017535885385967856,-11.29763488659168,0.0003287122306873617,0.6556619536056574,-0.0014231799865974237,-10.636493974485937
fresh,0.2,0.01,707,4.0,0.05,0.1,0.0006596659136012071,5.151659425635036,2.9665746908652015e-05,0.0004903773401490532,True,False,0.0006590707779276627,5.15193141984841,2.953234867103874e-05,0.0004905412052050046,True,False,-0.00013613584425669484,-0.4638190531263353,-1.2972486771596105e-05,-4.484852344292106e-05,False,True,1.4095248343204067e-05,0.037837196815626584,-3.951775124765022e-06,-1.3890761460508272e-05,False,False,-5.951356735443836e-07,0.0002719942133735387,-0.0007952066221843575,-5.615750472974745,0.0001502310925998989,0.5016562499419619,-0.000645570665258003,-5.1138222288194095
fresh,0.2,0.01,707,12.0,0.05,0.1,0.0006999139753145929,5.274624292249985,7.827080651925077e-05,0.0006147060384447192,True,False,0.0006993042508234432,5.274862710162631,7.836872031573077e-05,0.0006148116042672368,True,False,-0.00014869696989533443,-0.5008723330822251,-1.2026357038176418e-05,-4.446658016771243e-05,False,True,1.3397336055426604e-05,0.03554064682183,-3.0278320709165724e-06,-8.862741490390028e-06,False,False,-6.097244911497379e-07,0.00023841791264533896,-0.0008480012207187776,-5.775735043244856,0.00016209430595076103,0.5364129799040551,-0.0006865166392591663,-5.239083645428155
fresh,0.2,0.01,808,4.0,0.05,0.1,0.008369479819039143,30.275002797300854,0.00046766948340501695,0.0021376747352445866,True,False,0.008371782040626902,30.280861840709438,0.00046797584977453354,0.0021382156640328536,True,False,0.001968885390261587,5.06893739664247,0.00013642808757907297,0.00022602709197464682,False,False,-0.0003064993820519977,-0.891258617949342,-2.574565470288455e-05,-8.745145625935549e-05,False,True,2.3022215877594593e-06,0.005859043408584341,-0.006402896650365315,-25.211924444066966,-0.0022753847723135847,-5.960196014591812,-0.00867597920109114,-31.166261415250197
fresh,0.2,0.01,808,12.0,0.05,0.1,0.009381419404692348,32.929475000273236,0.0006254637829852467,0.0026091594758837905,True,False,0.009384175973354319,32.93653631836855,0.000625909985242775,0.0026095834434378667,True,False,0.0021193154894679715,5.448912717033827,0.0001341990557044096,0.00024611299512180933,False,False,-0.0003188048297702688,-0.9204467496220836,-1.2951704081187645e-05,-5.709255186562255e-05,False,True,2.7565686619712704e-06,0.007061318095317404,-0.007264860483886347,-27.487623601334725,-0.0024381203192382402,-6.369359466655911,-0.009700224234462616,-33.849921749895316
fresh,0.2,0.01,909,4.0,0.05,0.1,0.0024652926023342424,12.440301648292738,0.00016643530807706293,0.0010751580516552058,True,False,0.0024671728840191427,12.445800083720172,0.0001666732410896131,0.0010758406619422699,True,False,0.0015280439087177796,4.577188675660682,0.00011368512290987681,0.0001881954285451841,False,False,-0.00010607665738977291,-0.37539509519868286,-6.0508148434271734e-06,-3.172689216765154e-05,False,True,1.8802816849003423e-06,0.00549843542743389,-0.0009391289753013631,-7.868611408059491,-0.0016341205661075525,-4.9525837708593645,-0.0025713692597240153,-12.815696743491422
fresh,0.2,0.01,909,12.0,0.05,0.1,0.002530796956196398,12.645495455995249,0.0002448725458409351,0.0012794113105001866,True,False,0.002532723230228774,12.651134114108753,0.00024540770958660085,0.0012797584947193122,True,False,0.0015557610028185363,4.660068006125462,0.00010097045216743298,0.0001698223178063672,False,False,-0.00010735573966953044,-0.3791171057439868,-4.844681747949702e-06,-2.6930524189770245e-05,False,True,1.9262740323759686e-06,0.005638658113504391,-0.0009769622274102378,-7.991066107983292,-0.0016631167424880668,-5.039185111869449,-0.0026381526958659286,-13.024612561739236
fresh,0.2,0.01,1010,4.0,0.05,0.1,0.002390833256790929,11.994819563688917,0.0001237352556723542,0.001104954466932248,True,False,0.002391460510972025,11.997184862310995,0.0001237454809106522,0.0011054001682525658,True,False,0.0009896755026708517,3.0061068182423822,6.703494483725021e-05,0.00010106616543509306,False,False,0.000160595355310671,0.48235287362796697,-1.1931959318692807e-06,-6.536362660717124e-06,False,False,6.27254181095882e-07,0.0023652986220774608,-0.0014017850083011731,-8.991078044068612,-0.0008290801473601807,-2.5237539446144153,-0.002230237901480258,-11.51246669006095
fresh,0.2,0.01,1010,12.0,0.05,0.1,0.0025072681253874244,12.333500592322512,0.00024100046747195644,0.0013933855717550864,True,False,0.0025079156130907478,12.335920539327528,0.0002411561628720615,0.0013936935489692048,True,False,0.0010361158309935264,3.135049536122092,6.217882966176548e-05,9.872422904342627e-05,False,False,0.00016507234878228826,0.49380337795676965,2.4962409804797636e-06,1.0013505002369472e-06,False,False,6.4748770332336e-07,0.002419947005016354,-0.0014717997820972214,-9.200871003205435,-0.0008710434822112381,-2.6412461581653224,-0.002342195776605136,-11.839697214365742
fresh,0.2,0.05,101,4.0,0.05,0.1,0.018016272275308526,52.034219847178136,0.0017537033820885003,0.004171445754372834,True,False,0.017993475821715947,51.97154599956228,0.001752386726211785,0.00416819933937785,True,False,0.009944783850857751,24.72189721883673,0.0012648808667627192,0.0016815427225858395,False,False,-0.001578952677762124,-4.471968447894903,-0.00020705220115471538,-0.000537432448341691,False,True,-2.2796453592578703e-05,-0.06267384761585504,-0.008048691970858196,-27.24964878072555,-0.011523736528619875,-29.193865666731632,-0.01959522495307065,-56.50618829507304
fresh,0.2,0.05,101,12.0,0.05,0.1,0.022051043124119873,62.529320482078546,0.002283738658729037,0.005526023764213961,True,False,0.022016960700229744,62.436808779088565,0.0022820332270140457,0.0055203272181139,True,False,0.011350815276868542,28.300171962892694,0.0013020037231805956,0.0018300841928185155,False,False,-0.0016694570169796513,-4.686138360484915,-0.00020578363934877636,-0.0005644077025108406,False,True,-3.408242389012911e-05,-0.0925117029899809,-0.010666145423361202,-34.136636816195875,-0.013020272293848193,-32.98631032337761,-0.023720500141099526,-67.21545884256346
fresh,0.2,0.05,202,4.0,0.05,0.1,-0.0014221990486149548,0.07288298632817103,-0.00022916245158297738,0.0006054872074206588,False,False,-0.0014237720487902967,0.0670951396279369,-0.00022934493123982595,0.0006047926532324645,False,False,-0.00192070590633517,-5.1499075453787295,-0.00029022332893545097,-0.0004810785588012789,False,False,0.0003193207827937184,1.0070969044325029,5.060482996408627e-05,6.920103712166129e-05,False,False,-1.5730001753418849e-06,-0.005787846700234134,-0.0004969338575448734,-5.217002685006666,0.0022400266891288885,6.157004449811232,0.0017415198314086732,0.9342139181043319
fresh,0.2,0.05,202,12.0,0.05,0.1,-0.0014350595433625345,0.043226166614062755,-0.00013269941932955893,0.0007930751812780471,False,False,-0.0014366595553259275,0.037359724045026965,-0.00013272125121327472,0.0007920970069404312,False,False,-0.0019425997493159666,-5.209139172757404,-0.0002678715915332905,-0.00044988360876323935,False,False,0.00032479797421320657,1.0228745022040187,4.3054548967177975e-05,6.291083498347928e-05,False,False,-1.6000119633929888e-06,-0.00586644256903579,-0.0005059401939900392,-5.246498896802431,0.002267397723529173,6.232013674961423,0.001759857517575741,0.9796483355899559
fresh,0.2,0.05,303,4.0,0.05,0.1,0.009729650292241505,31.184620235757098,0.0009953952228577015,0.003700320255986187,True,False,0.009741976882550364,31.218157855729004,0.000997932560124158,0.003707276460611829,True,False,0.00499931309717069,12.615843411876671,0.0005929337475795828,0.0008468053966711395,False,False,-0.000617699564947477,-1.578451414499893,-7.16528143742106e-05,-0.0001993933431716291,False,False,1.232659030885909e-05,0.03353761997190574,-0.004742663785379674,-18.602314443852332,-0.005617012662118167,-14.194294826376565,-0.010347349857188982,-32.76307165025699
fresh,0.2,0.05,303,12.0,0.05,0.1,0.011446167369153255,35.64904409338047,0.0013790354601949315,0.004788147975349122,True,False,0.011462039268343703,35.691907821103854,0.0013827869246744486,0.0047943808608226866,True,False,0.005348790766675677,13.464756372580666,0.000600414834232503,0.0009579740318695802,False,False,-0.0006508040672740228,-1.656279710256947,-8.015021655725495e-05,-0.00022892181990927067,False,False,1.587189919044843e-05,0.04286372772338609,-0.0061132485016680265,-22.227151448523188,-0.0059995948339497,-15.121036082837612,-0.012096971436427278,-37.305323803637414
fresh,0.2,0.05,404,4.0,0.05,0.1,0.0071850332730752624,27.590593699853883,0.0008980938226085082,0.003266559663044115,True,False,0.0071850644358219615,27.590450524410706,0.0008981606396269732,0.003266610964399525,True,False,0.0039583115583447254,11.981312349900787,0.0005588159772267464,0.000794659809402562,False,False,-0.00036631608434660283,-1.332075345138628,-7.627730629623623e-05,-0.00023768972206591327,False,True,3.116274669909269e-08,-0.00014317544317776765,-0.003226752877477236,-15.60913817450992,-0.004324627642691328,-13.313387695039415,-0.007551349357421865,-28.92266904499251
fresh,0.2,0.05,404,12.0,0.05,0.1,0.007687318487815129,29.17651684372054,0.0010851234489351472,0.0038408317233911415,True,False,0.00768732554291221,29.17629563577632,0.0010852112732107925,0.003840816885355078,True,False,0.004032546610887856,12.199716627236533,0.00052799030740594,0.0008057895528729327,False,False,-0.00037491893684503744,-1.3581010368300173,-7.14055857740422e-05,-0.0002451556727898121,False,True,7.0550970811961156e-09,-0.00022120794422164636,-0.0036547789320243544,-16.976579008539787,-0.004407465547732893,-13.557817664066551,-0.008062237424660166,-30.53461788055056
fresh,0.2,0.05,505,4.0,0.05,0.1,0.006648305060295777,26.116298463387764,0.0007121566482562805,0.0032664855746930704,True,False,0.006637604694443773,26.08418580501104,0.000710965564237308,0.003265321767101627,True,False,0.003515331214539792,10.446321991749729,0.00047712712553521844,0.0007330554646772722,False,False,-0.0004199530346649157,-1.4191191535697034,-4.70842355569049e-05,-0.00015639313653128054,False,True,-1.0700365852003846e-05,-0.03211265837672528,-0.003122273479903981,-15.63786381326131,-0.003935284249204708,-11.865441145319432,-0.007068258094960693,-27.535417616957467
fresh,0.2,0.05,505,12.0,0.05,0.1,0.007291783703157265,28.076119043459933,0.0010114537455207639,0.0041589173839495595,True,False,0.007279449821111179,28.03899418364265,0.0010105402675122397,0.0041558563616846,True,False,0.0036896741707366544,10.95308753387032,0.0004569296137033243,0.0007637661112581788,False,False,-0.0004401550193402423,-1.4780816200860025,-5.744355689975018e-05,-0.00017403044105824585,False,True,-1.2333882046085265e-05,-0.03712485981728264,-0.003589775650374525,-17.08590664977233,-0.004129829190076897,-12.431169153956322,-0.007731938722497507,-29.554200663545934
fresh,0.2,0.05,606,4.0,0.05,0.1,0.004327957399339062,18.637490516188038,0.0004979704101413986,0.003033145136497835,True,False,0.004340660051262178,18.67553795991079,0.0005000348380171729,0.0030381833295362592,True,False,0.0010111249093102369,2.9418882398356105,0.00011247810207886365,0.0001342811616044659,False,False,0.0002727569453917604,0.6949451963269793,1.8701699369591193e-05,3.08574320274195e-05,False,False,1.2702651923116037e-05,0.03804744372275337,-0.0033295351419519413,-15.733649720075181,-0.0007383679639184765,-2.2469430435086313,-0.004055200453947302,-17.942545319861058
fresh,0.2,0.05,606,12.0,0.05,0.1,0.005042928920883637,20.67034696717378,0.0007878018953886368,0.003896920194496804,True,False,0.005058400674062326,20.71626393958015,0.0007909625291825711,0.0039023913307507773,True,False,0.001064551518190713,3.083303083459099,0.00012113121057312493,0.00019682373541519103,False,False,0.0002837828061011405,0.7230023211562076,2.5292580053107652e-05,3.806903626820367e-05,False,False,1.5471753178689096e-05,0.04591697240636705,-0.003993849155871613,-17.63296085612105,-0.0007807687120895725,-2.3603007623028915,-0.0047591461147824966,-19.947344646017573
fresh,0.2,0.05,707,4.0,0.05,0.1,0.0028850813546675846,13.054472426304198,0.0003195214531739989,0.0018690619103549598,True,False,0.002886374939522176,13.063726467738178,0.0003198475532602543,0.0018703763034341146,True,False,0.0011201090208672049,2.996922183553674,0.0001723530254164286,0.00021767305801527817,False,False,-8.009716592124322e-05,-0.3307442473761468,-1.9354334791711787e-05,-0.0001125554861095765,False,True,1.2935848545912731e-06,0.00925404143398012,-0.001766265918654971,-10.066804284184503,-0.001200206186788448,-3.327666430929821,-0.002965178520588828,-13.385216673680345
fresh,0.2,0.05,707,12.0,0.05,0.1,0.0030536580261950764,13.532235422785899,0.0004295855498899796,0.0021965434686788844,True,False,0.0030550936645972193,13.541905845919045,0.0004306039577601376,0.002197738880662497,True,False,0.0011499980398970242,3.073775652814148,0.00015913681623661632,0.00021992870833220483,False,False,-8.477374465340297e-05,-0.34393798039833445,-1.5177787736553837e-05,-9.338999117871997e-05,False,True,1.435638402142933e-06,0.009670423133146144,-0.001905095624700195,-10.468130193104898,-0.0012347717845504272,-3.4177136332124824,-0.0031384317708484794,-13.876173403184232
fresh,0.2,0.05,808,4.0,0.05,0.1,0.010652471774340899,35.31879579474638,0.0009338249684259807,0.004409337900780096,True,False,0.010644633242511392,35.300225479241334,0.0009324419515564569,0.00440713214904611,True,False,0.002100802217556711,5.249139457947805,0.0002772673501438847,0.000353818982281557,False,False,-0.00039603438998476494,-1.147977747816853,-5.389527438445091e-05,-0.0002795835841579025,False,True,-7.838531829507112e-06,-0.018570315505044732,-0.00854383102495468,-30.05108602129353,-0.002496836607541476,-6.3971172057646575,-0.011048506164325664,-36.46677354256323
fresh,0.2,0.05,808,12.0,0.05,0.1,0.012780009001769094,40.53814431573601,0.0014510459634464578,0.005838704797108742,True,False,0.012770209991245328,40.51475940458191,0.0014493412880571144,0.0058366295965106545,True,False,0.0022819216573452487,5.669934035304802,0.0002784973948228931,0.0004052565732079131,False,False,-0.00041227153390929056,-1.1825569903615385,-4.240106700398923e-05,-0.00026054849998175846,False,True,-9.799010523765458e-06,-0.02338491115410335,-0.01048828833390008,-34.8448253692771,-0.0026941931912545392,-6.852491025666341,-0.013192280535678384,-41.72070130609755
fresh,0.2,0.05,909,4.0,0.05,0.1,0.0041366626236016835,15.896384307513923,0.00048714932002769714,0.0018941706191747676,True,False,0.0041384192788877765,15.900961264804781,0.000487936914071411,0.0018956320156750493,True,False,0.002857253149722072,8.039478764980723,0.000378230448384813,0.0005456934953251384,False,False,-0.00024137888441052094,-0.8513457194683882,-3.273946337596558e-05,-0.0001557497719936983,False,True,1.7566552860930756e-06,0.0045769572908582745,-0.0012811661291657044,-7.861482499824058,-0.003098632034132593,-8.890824484449112,-0.004378041508012204,-16.74773002698231
fresh,0.2,0.05,909,12.0,0.05,0.1,0.00437701076417504,16.59977743180704,0.0005914319273279886,0.002175979488565625,True,False,0.004378870128188446,16.60465158890446,0.0005925426002268697,0.0021769231193190398,True,False,0.0029557797491979697,8.315301965682753,0.000359380795673752,0.0005374183623347486,False,False,-0.0002488226451105805,-0.8722442634710226,-3.301719418216664e-05,-0.00016200246507399978,False,True,1.8593640134061118e-06,0.004874157097418674,-0.0014230903789904763,-8.289349623221707,-0.00320460239430855,-9.187546229153776,-0.00462583340928562,-17.472021695278062
fresh,0.2,0.05,1010,4.0,0.05,0.1,0.002654589750025322,13.155406321033634,0.00029957837301399035,0.0024262842075599353,True,False,0.0026629180831928417,13.180644062619862,0.00030081302298517586,0.002429506753141436,True,False,0.0013053330971818516,3.861821556582856,0.00016478765967327825,0.00026236776060252834,False,False,0.000422324261145586,1.2143991165668888,3.1232696327282254e-05,3.7501483674661634e-05,False,False,8.32833316751977e-06,0.025237741586227713,-0.00135758498601099,-9.318822506037005,-0.0008830088360362656,-2.6474224400159674,-0.002232265488879736,-11.941007204466747
fresh,0.2,0.05,1010,12.0,0.05,0.1,0.0028379639069518285,13.684903287777516,0.0005099838193604123,0.003036568783615955,True,False,0.0028468029269541045,13.711569144696645,0.0005116871791973768,0.0030393951950907824,True,False,0.0013628792740182256,4.018085970794449,0.00015792384533330848,0.00026421029888664717,False,False,0.0004394005695791785,1.2602539433508086,3.889738627505055e-05,5.7986166056034696e-05,False,False,8.839020002275946e-06,0.026665856919128927,-0.0014839236529358788,-9.693483173902194,-0.0009234787044390472,-2.7578320274436408,-0.00239856333737265,-12.424649344426708
fresh,0.2,0.2,101,4.0,0.05,0.1,0.049697271719898004,95.08670985874657,0.002376176165950386,0.006085387344524771,True,False,0.04967096385531398,95.02191070710835,0.0023859128967432825,0.0060914270222903605,True,False,0.018594224981685857,31.746457244818682,0.001495649606119115,0.002292146545285971,False,False,-0.003418671984711897,-6.473077520095805,-0.00022058886997032567,-0.0005780597285177519,False,True,-2.630786458402562e-05,-0.06479915163822625,-0.03107673887362812,-63.27545346228966,-0.022012896966397754,-38.219534764914485,-0.0531159437046099,-101.55978737884237
fresh,0.2,0.2,101,12.0,0.05,0.1,0.18785111153951217,333.96783298081937,0.004551060866304751,0.011110383142164632,True,False,0.18758443210723388,333.48290406999234,0.0045578715776237195,0.011107236319475647,True,False,0.028325718810487545,47.44058178460939,0.0017117687986038035,0.0027700421392381387,False,False,-0.004239953766812717,-7.667509382635429,-0.00024901248111975846,-0.000668841494710682,False,True,-0.0002666794322782884,-0.4849289108270227,-0.15925871329674635,-286.04232228538297,-0.03256567257730026,-55.10809116724482,-0.1920910653063249,-341.6353423634548
fresh,0.2,0.2,202,4.0,0.05,0.1,0.000992847421942951,5.508803760489089,1.3659065977755444e-05,0.0007387387878892773,True,False,0.000981383512979198,5.473799594271989,1.429232897464175e-05,0.0007359076750119778,True,False,-9.872249261991609e-05,-0.057653662176715414,-1.681927348873291e-05,-4.9966089471685515e-05,False,False,0.00022968839700948304,0.6037992810844828,3.176526634392392e-05,3.7225703354674955e-05,True,False,-1.1463908963752975e-05,-0.03500416621710034,-0.001080106005599114,-5.531453256448704,0.00032841088962939913,0.6614529432611982,-0.0007631590249334678,-4.905004479404607
fresh,0.2,0.2,202,12.0,0.05,0.1,0.0010829063313928106,5.73700732589485,5.9186160690258977e-05,0.0009103562223538447,True,False,0.0010706071270225846,5.699980163163376,5.96178648449644e-05,0.0009054397936285319,True,False,-8.751998599305921e-05,-0.026413079396481187,-3.52837637426686e-05,-7.001143235833146e-05,False,False,0.00023832146702949114,0.622924640743161,1.2908522623207574e-05,1.3466808539471659e-05,True,False,-1.2299204370225941e-05,-0.03702716273147377,-0.0011581271130156438,-5.726393242559857,0.00032584145302255035,0.6493377201396422,-0.0008445848643633194,-5.114082685151689
fresh,0.2,0.2,303,4.0,0.05,0.1,0.02379506012724411,52.96079944168655,0.0012144211685243735,0.0041803915593360864,True,False,0.023995874338309586,53.361301013108665,0.0012313578833483066,0.004210952580449064,True,False,0.008891900820735222,16.54143993408552,0.0007093098059653743,0.0009367123603307402,False,False,-0.0024870642877394926,-5.206369226643837,-0.00017642634948238436,-0.0007241997206007406,False,True,0.00020081421106547467,0.40050157142211873,-0.015103973517574363,-36.81986107902314,-0.011378965108474715,-21.747809160729357,-0.026282124414983603,-58.16716866833038
fresh,0.2,0.2,303,12.0,0.05,0.1,0.03539511258552469,74.2012845495664,0.001801461293672875,0.006024269578367304,True,False,0.035743525969982926,74.87762156689102,0.0018221367312451359,0.006061865853230021,True,False,0.010410687570848717,18.945401812057128,0.0007399556274406711,0.0010703759255629407,False,False,-0.00307973103154505,-6.212629336129893,-0.00021968733515099516,-0.0008755895776109412,False,True,0.0003484133844582349,0.6763370173246273,-0.025332838399134208,-55.932219754833895,-0.013490418602393767,-25.15803114818702,-0.03847484361706974,-80.41391388569629
fresh,0.2,0.2,404,4.0,0.05,0.1,0.008429848485321644,26.593968117347423,0.0005520202352212004,0.0022919583409327163,True,False,0.008422434174640888,26.571255439181375,0.0005523716651420259,0.00229067697675003,True,False,0.002990331143412255,7.052014903455683,0.00032310987837369,0.0003901814142092466,False,False,-0.0016299761980691913,-4.729679070145621,-0.00013251033004778486,-0.00044165541743446807,False,True,-7.414310680756153e-06,-0.02271267816604805,-0.005432103031228633,-19.519240535725693,-0.004620307341481446,-11.781693973601303,-0.010059824683390835,-31.323647187493044
fresh,0.2,0.2,404,12.0,0.05,0.1,0.009307222756030062,28.808048179104684,0.0006333290465810239,0.002659163582347218,True,False,0.009298371158469968,28.781625086939734,0.0006336580366948022,0.0026570118670884504,True,False,0.0030962153449865977,7.286357023285662,0.0003043020843625198,0.0004031154459836865,False,False,-0.0017035718273192852,-4.9019616690617935,-0.0001193573962309305,-0.00044844444891297894,False,True,-8.851597560094113e-06,-0.026423092164950646,-0.00620215581348337,-21.495268063654073,-0.004799787172305883,-12.188318692347455,-0.011010794583349347,-33.71000984816648
fresh,0.2,0.2,505,4.0,0.05,0.1,0.01703979364716432,48.91230471046546,0.0011004856613843067,0.004604043986309793,True,False,0.01696986513474901,48.740024736843225,0.0010970716244650559,0.004596094736341039,True,False,0.006965311799399132,16.23571665733197,0.0007580827013743373,0.0013917976845733843,False,False,-0.0012254326973579754,-3.3244568154950027,-9.267162100803222e-05,-0.00036611343541613495,False,True,-6.992851241530845e-05,-0.17227997362223846,-0.01000455333534988,-32.504308079511254,-0.008190744496757107,-19.560173472826975,-0.018265226344522295,-52.23676152596047
fresh,0.2,0.2,505,12.0,0.05,0.1,0.021633787863242496,59.76429577154821,0.0016510597011957992,0.006480075733865942,True,False,0.02153497530790189,59.52286502010175,0.0016462702381204626,0.006462332171063279,True,False,0.007881350050613557,18.27374910771562,0.0007753615445323537,0.001502946120792454,False,False,-0.0013687959234876604,-3.641758149955543,-0.00010657225505859153,-0.0004103886552626092,False,True,-9.881255534060704e-05,-0.2414307514464653,-0.013653625257288332,-41.24911591238613,-0.009250145974101218,-21.915507257671162,-0.023002583786730157,-63.406053921503755
fresh,0.2,0.2,606,4.0,0.05,0.1,0.009717750895196567,26.37131247225424,0.0003802699423310629,0.0026534988927807528,True,False,0.009713874063452742,26.370951120132748,0.00038112408433022514,0.002655487999205782,True,False,0.0008239284007980907,1.6431178416719927,5.689886944670007e-05,7.413750502749741e-05,False,False,1.2402527272605685e-05,-0.0445819950751325,-5.59256360741292e-06,2.9020140675829753e-06,False,False,-3.876831743824735e-06,-0.0003613521214909099,-0.008889945662654651,-24.727833278460757,-0.000811525873525485,-1.6876998367471252,-0.009705348367923961,-26.415894467329373
fresh,0.2,0.2,606,12.0,0.05,0.1,0.013320059358663988,33.28220144596821,0.0006752145960611765,0.00371860961685324,True,False,0.013319770536183238,33.28936549615725,0.000676378832823496,0.003720220377585553,True,False,0.0009379446590938624,1.8356797093520338,5.8853902806374134e-05,0.0001160873349463562,False,False,1.597153373927157e-05,-0.03850480743885498,-2.4145092240857036e-07,5.060985159243553e-06,False,False,-2.888224807495038e-07,0.007164050189039983,-0.012381825877089376,-31.453685786805217,-0.0009219731253545908,-1.8741845167908888,-0.013304087824924716,-33.32070625340707
fresh,0.2,0.2,707,4.0,0.05,0.1,0.004378212252764305,16.763413532804137,0.0002582980923958554,0.0020600406668655168,True,False,0.004378643250304933,16.769058491892906,0.0002594757523243299,0.0020609866183007378,True,False,0.0014750158776322096,3.5670961495023246,0.00015144175694811225,0.0001957818378998978,False,False,1.049821785603991e-05,-0.18742002884244435,-3.138290634300926e-05,-0.00019571199073073475,False,False,4.3099754062740636e-07,0.005644959088769497,-0.002903627372672723,-13.201962342390582,-0.0014645176597761697,-3.754516178344769,-0.0043677140349082655,-16.950833561646583
fresh,0.2,0.2,707,12.0,0.05,0.1,0.004695523480927928,17.541525880511532,0.0004021922247540357,0.002546176446245569,True,False,0.004695906421205719,17.547051271734848,0.00040353515351557005,0.002544339246784908,True,False,0.0015345179629916942,3.697303346066061,0.00014882417624736966,0.00022204802431599613,False,False,3.268095746980504e-06,-0.20739287913522642,-1.553142165113333e-05,-0.0001565336244466059,False,False,3.8294027779155193e-07,0.005525391223315523,-0.003161388458214025,-13.849747925668787,-0.0015312498672447137,-3.9046962252012873,-0.004692255385180947,-17.74891875964676
fresh,0.2,0.2,808,4.0,0.05,0.1,0.03196421982223318,70.77473251591815,0.0014344928370671039,0.006385158083568529,True,False,0.032010264455652866,70.85421153049359,0.0014430961222764715,0.006397874977857605,True,False,0.004206863920003731,7.522631858978701,0.000332332959187831,0.00040876585404998195,False,False,-0.0011145538547417694,-2.4727394494004074,-0.00014472609532732023,-0.0006221973035856476,False,True,4.604463341968679e-05,0.07947901457544049,-0.027803400535649135,-63.33157967151489,-0.0053214177747455006,-9.99537130837911,-0.03307877367697495,-73.24747196531855
fresh,0.2,0.2,808,12.0,0.05,0.1,0.054592715427383226,110.95868294551428,0.0025303990656498528,0.009704072799292154,True,False,0.05467933924754585,111.11062545113006,0.0025387336589803734,0.009713299703097061,True,False,0.005210620358980195,9.130560478966942,0.00036881332815843354,0.0005578399174212198,False,False,-0.0014007168124993644,-2.941161133756842,-0.00013873663104987596,-0.0006343851688782598,False,True,8.662382016262626e-05,0.1519425056157786,-0.04946871888856566,-101.98006497216312,-0.00661133717147956,-12.071721612723785,-0.05599343223988259,-113.89984407927112
fresh,0.2,0.2,909,4.0,0.05,0.1,0.004117921993147117,14.78608766953312,0.00032350941147737955,0.0016129257007816596,True,False,0.0041294462884259135,14.814832520646604,0.00032713243103379974,0.0016175553488543236,True,False,0.003066478779683888,7.997793700037925,0.0003190405358656327,0.0005026936203003408,False,False,-0.0003932003696730073,-1.256115917225853,-3.8452252838843196e-05,-0.00019355435570665713,False,True,1.1524295278796809e-05,0.02874485111348335,-0.0010629675087420257,-6.817038820608679,-0.003459679149356895,-9.253909617263778,-0.004511122362820124,-16.042203586758973
fresh,0.2,0.2,909,12.0,0.05,0.1,0.004373049586524678,15.459641142938896,0.00041334410451021077,0.001916381874685711,True,False,0.0043854126071455855,15.490591477996885,0.00041699390050663025,0.0019189842351224722,True,False,0.003194887987374804,8.31965051843342,0.00029905872299074154,0.0005068947048794542,False,False,-0.00041328196282720137,-1.3080653613295246,-3.563120242917536e-05,-0.00019447187480047326,False,True,1.236302062090737e-05,0.030950335057989165,-0.0011905246197707817,-7.170940959563465,-0.0036081699502020052,-9.627715879762945,-0.0047863315493518795,-16.76770650426842
fresh,0.2,0.2,1010,4.0,0.05,0.1,0.006228438778058974,19.569520395769366,0.00027376318922341797,0.002204368143535893,True,False,0.006227440471332453,19.56784720906153,0.0002750234971936674,0.0022055062785461335,True,False,0.0023680126855781594,5.228107236391355,0.00015783122122713447,0.0002397217201885321,False,False,0.0007522758592562444,1.614198109957865,2.1572820454385938e-05,1.4117392726213651e-05,False,False,-9.983067265212364e-07,-0.0016731867078370044,-0.0038594277857542936,-14.339739972670174,-0.001615736826321915,-3.61390912643349,-0.00547616291880273,-17.9553222858115
fresh,0.2,0.2,1010,12.0,0.05,0.1,0.007611194728283092,22.478552497761317,0.000459847657873505,0.002822525285547047,True,False,0.0076095850875720905,22.475554328885096,0.00046112306665215853,0.0028210868261467174,True,False,0.0025522925571322373,5.56159410402548,0.00015812881111761622,0.00027829811381780215,False,False,0.0008144365280784438,1.72792251948779,2.9084488331342778e-05,4.158673504900748e-05,False,False,-1.6096407110012534e-06,-0.0029981688762212855,-0.005057292530439853,-16.913960224859615,-0.0017378560290537935,-3.83367158453769,-0.006796758200204648,-20.750629978273526
fresh,0.2,1.0,101,4.0,0.05,0.1,0.3076331547437576,185.5257686085865,0.005748874569539507,0.011862188453788284,True,False,0.3055355654037244,184.2383480583643,0.005791734999802522,0.011861017587279074,True,False,0.09061089514154906,49.227141968764315,0.002655154293269641,0.004120088236814624,False,False,-0.012301310357807583,-7.415480930889073,-0.00026428496997252596,-0.0006001824286660934,False,True,-0.002097589340033179,-1.2874205502222082,-0.21492467026217532,-135.01120608959997,-0.10291220549935665,-56.64262289965339,-0.31993446510156515,-192.94124953947556
fresh,0.2,1.0,101,12.0,0.05,0.1,13.216729670153995,1705.9341638932528,0.020990849047006366,0.03659852583437229,True,False,13.037097080906502,1682.7435779420753,0.021023449821137102,0.0365566510660565,True,False,1.8528399511850666,233.80511123112476,0.008331676645040727,0.012693247944967869,False,False,-0.29268706177036924,-37.82554877399022,-0.001174604126624363,-0.002515419628277629,False,True,-0.17963258924749326,-23.19058595117758,-11.184257129721436,-1448.9384667109505,-2.145527012955436,-271.630660005115,-13.509416731924365,-1743.759712667243
fresh,0.2,1.0,202,4.0,0.05,0.1,0.022672154585524646,24.56905010357605,0.0005743344007498553,0.002295454840337812,True,False,0.02255667985059204,24.467130970444252,0.0005822387884604659,0.002292159097761176,True,False,-0.0017967617179707497,-1.0197442769217968,4.166212758463343e-05,0.0002133565591048367,False,False,0.0011133473123500891,1.1215653065239417,0.00020057471562189358,0.00046861068334889955,True,False,-0.00011547473493260518,-0.10191913313179768,-0.02435344156856279,-25.48687524736605,0.002910109030320839,2.1413095834457385,-0.02155880727317456,-23.44748479705211
fresh,0.2,1.0,202,12.0,0.05,0.1,0.14273045270839174,79.55892809019356,0.0015034407745763007,0.00473781526989573,True,False,0.14188670034616802,79.11691677151411,0.0015050760526780053,0.004719897098805246,True,False,-0.0024784075424361413,-0.690728206775737,2.8847031838599713e-07,0.0001687840415836618,False,False,0.005330496769320523,2.9363167794023037,0.00013528908289306765,0.000359921961287259,True,False,-0.0008437523622237264,-0.4420113186794481,-0.14436510788860415,-79.80764497828984,0.007808904311756664,3.6270449861780407,-0.13739995593907123,-76.62261131079126
fresh,0.2,1.0,303,4.0,0.05,0.1,0.05721535408557772,71.20820283655323,0.0010326340913780997,0.003749892779938046,True,False,0.05926227162456604,73.51462600554659,0.0011106911642689019,0.003889077389352194,True,False,0.0063876714082454905,6.713975548082729,0.00021710049606523969,0.0004342866225193996,False,False,-0.002023499100698963,-2.2580943073170823,-3.280014017422502e-05,-0.00010674666285007649,False,False,0.0020469175389883215,2.306423168993362,-0.05287460021632055,-66.80065045746386,-0.008411170508944453,-8.97206985539981,-0.05923885318627668,-73.4662971438703
fresh,0.2,1.0,303,12.0,0.05,0.1,0.9078550459608038,792.9152804464705,0.002312113422020475,0.008024576700512149,True,False,1.0094120175061285,880.8976097941958,0.0025512006834818492,0.008547377631856356,True,False,0.01986810345733885,16.61360333369293,0.0003295129107871598,0.000751192464152001,False,False,-0.006046065931394895,-5.184936098004089,-7.326650855930122e-05,-0.00021625475250319943,False,False,0.10155697154532473,87.98232934772523,-0.9895439140487897,-864.2840064605028,-0.025914169388733744,-21.798539431697016,-0.9139011118921987,-798.1002165444746
fresh,0.2,1.0,404,4.0,0.05,0.1,0.05364531972333606,87.86686060162369,0.0012225976307164632,0.004357135569090075,True,False,0.05366876799197233,87.85800000224378,0.0012612821857305844,0.0043850996376780665,True,False,0.0044794545826134305,5.4762354240446065,0.00028579451641231116,0.0004779170740079955,False,False,-0.0026550297426328126,-4.209003390067412,-5.55057812977669e-05,-0.00017535015384115282,False,True,2.344826863626831e-05,-0.008860599379900691,-0.0491893134093589,-82.38176457819918,-0.007134484325246243,-9.685238814112019,-0.056300349465968874,-92.0758639916911
fresh,0.2,1.0,404,12.0,0.05,0.1,0.1344495578286037,195.46021834620342,0.0017653444358583861,0.006258881394897841,True,False,0.13459595368108315,195.62013029444458,0.001804289702038957,0.006281372920365989,True,False,0.006920064922087871,8.40441006970596,0.0002158041151663348,0.0003401630816201179,False,False,-0.0033493683701543344,-4.909148897482806,-8.675760540810366e-05,-0.0002689699706294284,False,True,0.00014639585247944176,0.1599119482411595,-0.12767588875899527,-187.21572022473862,-0.010269433292242206,-13.313558967188767,-0.13779892619875805,-200.3693672436862
fresh,0.2,1.0,505,4.0,0.05,0.1,0.055688876169026874,91.36403104631353,0.0015660178423890173,0.0057873512088366524,True,False,0.055908650830961804,91.69372067859284,0.001600301335833873,0.005826413599554584,True,False,0.01091137352377912,15.171917096946652,0.0004953443419913536,0.0011293259978159761,False,False,-0.0024520366510587133,-3.7291613138715984,-2.7794055792482002e-05,-0.00010537095179040737,False,True,0.00021977466193492945,0.3296896322793117,-0.044997277307182684,-76.52180358164618,-0.013363410174837833,-18.90107841081825,-0.058140912820085586,-95.09319236018513
fresh,0.2,1.0,505,12.0,0.05,0.1,0.1686840391906523,241.35216958739326,0.0022780956120509385,0.00870992767099662,True,False,0.16997967013448176,243.14646142640478,0.0023155098491341453,0.00874350182385211,True,False,0.01878259139765337,24.724285945860736,0.0006305811702734428,0.0015400887505549778,False,False,-0.0036484845408349415,-5.088637814390373,-4.837915685030128e-05,-0.0001527915350161245,False,True,0.001295630943829451,1.794291839011521,-0.1511970787368284,-218.42217548054404,-0.02243107593848831,-29.81292376025111,-0.17233252373148725,-246.44080740178364
fresh,0.2,1.0,606,4.0,0.05,0.1,0.09421585786288102,118.19667598951648,0.0015012809324609295,0.005365226296135653,True,False,0.095822283042571,120.03199737845264,0.0015569643336418937,0.005435966311713043,True,False,0.0008125044323536185,0.956040808709302,-3.93996816985126e-05,-2.958573577233406e-05,True,False,0.00015466204725058004,0.18812854438289284,-3.133086133816788e-05,-6.493612526682971e-05,True,False,0.0016064251796899798,1.8353213889361655,-0.09500977861021738,-119.07595656974334,-0.0006578423851030385,-0.7679122643264091,-0.09406119581563044,-118.00854744513359
fresh,0.2,1.0,606,12.0,0.05,0.1,2.739045529852036,2471.565739561285,0.0035700608191824076,0.012013158329360878,True,False,2.8674985330189746,2587.012918216992,0.0038092919476585604,0.012467852313942842,True,False,0.0027998357044210515,2.5304692055790667,-2.315197361423514e-05,2.0898337606267692e-05,True,False,0.0002592472300380049,0.24201533753340776,-3.164927716253589e-05,-8.498014738226971e-05,True,False,0.12845300316693864,115.44717865570692,-2.8646986973145534,-2584.482449011413,-0.0025405884743830466,-2.288453868045659,-2.738786282621998,-2471.323724223752
fresh,0.2,1.0,707,4.0,0.05,0.1,0.011959905480278692,25.55836241001792,0.0002452120530280835,0.0015167854257051756,True,False,0.011997052024868603,25.643713862069138,0.00025739378280699617,0.0015264009522668372,True,False,0.0002551029781093176,0.4026930247367666,-4.4062505852093814e-05,-0.000102513363867969,False,False,0.00015571919767007857,0.14783993467220036,-3.998981179795073e-05,-0.00013097622021399774,False,False,3.7146544589911415e-05,0.08535145205121708,-0.011741949046759285,-25.24102083733237,-9.938378043923904e-05,-0.25485309006456625,-0.011804186282608613,-25.410522475345722
fresh,0.2,1.0,707,12.0,0.05,0.1,0.017955980772673637,34.07504398533757,0.0003188662403682159,0.0019421422772572857,True,False,0.018015089285972855,34.19228876418233,0.0003259606308593493,0.0019378681760431164,True,False,0.0003457642859169361,0.5223920680520466,-1.3707377146067803e-05,-1.790137447753304e-05,False,False,0.00016704569642711845,0.14884785068625117,-1.016894405889493e-05,-5.243702309557126e-05,False,False,5.910851329921779e-05,0.11724477884475704,-0.01766932500005592,-33.66989669613028,-0.00017871858948981766,-0.37354421736579546,-0.01778893507624652,-33.92619613465132
fresh,0.2,1.0,808,4.0,0.05,0.1,0.1295396169185395,138.87396586610663,0.002372956252429977,0.008540453131280164,True,False,0.1300272543622925,139.28890393507143,0.0024606312283456163,0.008659768252704345,True,False,-0.0006206501087375263,-0.9444776576533753,-0.00010464140585258845,-0.0002716367502290963,False,True,-0.0038934720564312315,-4.125416019568052,-0.0002089192522231019,-0.0005943672527507667,False,True,0.00048763744375301954,0.41493806896480123,-0.13064790447103003,-140.2333815927248,-0.003272821947693705,-3.1809383619146763,-0.13343308897497072,-142.9993818856747
fresh,0.2,1.0,808,12.0,0.05,0.1,3.0788363840561472,2097.0675993936625,0.008442192658069763,0.02374894193489075,True,False,3.076049769410006,2095.108212724405,0.008601666325647897,0.023956682392654808,True,False,3.291541265639658e-05,-0.32349855305064956,-6.408521796113197e-05,-0.00020737675122138935,False,False,-0.014758624771849308,-10.281373021524598,-0.000264260308453626,-0.0008157887383037389,False,True,-0.00278661464614105,-1.959386669257583,-3.07601685399735,-2095.4317112774556,-0.014791540184505705,-9.957874468473948,-3.0935950088279967,-2107.3489724151873
fresh,0.2,1.0,909,4.0,0.05,0.1,0.017897558328505404,38.6564787418808,0.0006102355844506795,0.00230378467746643,True,False,0.017996874456338654,38.82118490184667,0.0006353844654617136,0.0023236804767197833,True,False,0.0070181138949970395,12.125109927889843,0.0003149535564760074,0.0006465018594880058,False,False,-0.0009132755855030816,-1.9805882510006922,-1.7040891254653696e-05,-0.00010709095344454272,False,True,9.931612783324953e-05,0.16470615996587412,-0.010978760561341614,-26.696074973956826,-0.007931389480500121,-14.105698178890535,-0.018810833914008486,-40.637066992881486
fresh,0.2,1.0,909,12.0,0.05,0.1,0.024767714205709383,50.490254676366526,0.0006214212721720805,0.002708801282033043,True,False,0.024935386022978595,50.77659276197011,0.000639963689827756,0.002711533912735622,True,False,0.008686794758063372,14.820578209264191,0.0002893363993902963,0.0006426216662897034,False,False,-0.0011001116326253696,-2.2787452282940213,-1.8880629808688473e-05,-0.00012581161397603145,False,True,0.00016767181726921182,0.28633808560358176,-0.01624859126491522,-35.956014552705916,-0.009786906390688742,-17.099323437558212,-0.025867825838334753,-52.76899990466055
fresh,0.2,1.0,1010,4.0,0.05,0.1,0.192963753355325,99.93637022648257,0.003192770198462102,0.009639279532335544,True,False,0.19223122049901453,99.62039333297183,0.0032531379464038595,0.009728258400518153,True,False,0.02060697521805877,9.59846901371666,0.0001876336248568828,0.00023547159982699462,False,False,0.019420080195092795,9.292951906321912,5.0077836957589106e-05,0.00011920052473859966,True,False,-0.0007325328563104749,-0.31597689351073655,-0.17162424528095577,-90.02192431925516,-0.0011868950229659732,-0.30551710739474736,-0.17354367316023223,-90.64341832016065
fresh,0.2,1.0,1010,12.0,0.05,0.1,18.235602165402774,909.0282588410888,0.013370906551466489,0.026843595096527027,True,False,18.172005022431804,905.9227622563479,0.013485843352415022,0.026958285436847265,True,False,1.3434703470082476,66.10965352168698,0.001228541711847709,0.0018598232265999593,False,False,1.2851665337202507,63.50682366809861,0.0007999208488904154,0.0013012234781440719,True,False,-0.06359714297096986,-3.1054965847408766,-16.82853467542356,-839.813108734661,-0.05830381328799694,-2.602829853588368,-16.950435631682524,-845.5214351729902
