population,tau,seed,duration,low_delay,high_delay,equilibrium_minus_weak_recovery_absolute_interaction_mean,equilibrium_minus_weak_recovery_absolute_interaction_min,equilibrium_minus_weak_recovery_absolute_interaction_max,equilibrium_minus_weak_recovery_absolute_interaction_n,equilibrium_minus_weak_recovery_absolute_interaction_valid_n,equilibrium_minus_weak_recovery_percent_interaction_mean,equilibrium_minus_weak_recovery_percent_interaction_min,equilibrium_minus_weak_recovery_percent_interaction_max,equilibrium_minus_weak_recovery_percent_interaction_n,equilibrium_minus_weak_recovery_percent_interaction_valid_n,joint_weak_action_rms_absolute_interaction_mean,joint_weak_action_rms_absolute_interaction_min,joint_weak_action_rms_absolute_interaction_max,joint_weak_action_rms_absolute_interaction_n,joint_weak_action_rms_absolute_interaction_valid_n,joint_weak_harmful_to_helpful_mean,joint_weak_harmful_to_helpful_min,joint_weak_harmful_to_helpful_max,joint_weak_harmful_to_helpful_n,joint_weak_harmful_to_helpful_valid_n,joint_weak_helpful_to_harmful_mean,joint_weak_helpful_to_harmful_min,joint_weak_helpful_to_harmful_max,joint_weak_helpful_to_harmful_n,joint_weak_helpful_to_harmful_valid_n,joint_weak_position_rms_absolute_interaction_mean,joint_weak_position_rms_absolute_interaction_min,joint_weak_position_rms_absolute_interaction_max,joint_weak_position_rms_absolute_interaction_n,joint_weak_position_rms_absolute_interaction_valid_n,joint_weak_recovery_absolute_interaction_mean,joint_weak_recovery_absolute_interaction_min,joint_weak_recovery_absolute_interaction_max,joint_weak_recovery_absolute_interaction_n,joint_weak_recovery_absolute_interaction_valid_n,joint_weak_recovery_percent_interaction_mean,joint_weak_recovery_percent_interaction_min,joint_weak_recovery_percent_interaction_max,joint_weak_recovery_percent_interaction_n,joint_weak_recovery_percent_interaction_valid_n,kernel_minus_scalar_recovery_absolute_interaction_mean,kernel_minus_scalar_recovery_absolute_interaction_min,kernel_minus_scalar_recovery_absolute_interaction_max,kernel_minus_scalar_recovery_absolute_interaction_n,kernel_minus_scalar_recovery_absolute_interaction_valid_n,kernel_minus_scalar_recovery_percent_interaction_mean,kernel_minus_scalar_recovery_percent_interaction_min,kernel_minus_scalar_recovery_percent_interaction_max,kernel_minus_scalar_recovery_percent_interaction_n,kernel_minus_scalar_recovery_percent_interaction_valid_n,kernel_minus_weak_recovery_absolute_interaction_mean,kernel_minus_weak_recovery_absolute_interaction_min,kernel_minus_weak_recovery_absolute_interaction_max,kernel_minus_weak_recovery_absolute_interaction_n,kernel_minus_weak_recovery_absolute_interaction_valid_n,kernel_minus_weak_recovery_percent_interaction_mean,kernel_minus_weak_recovery_percent_interaction_min,kernel_minus_weak_recovery_percent_interaction_max,kernel_minus_weak_recovery_percent_interaction_n,kernel_minus_weak_recovery_percent_interaction_valid_n,scalar_minus_equilibrium_recovery_absolute_interaction_mean,scalar_minus_equilibrium_recovery_absolute_interaction_min,scalar_minus_equilibrium_recovery_absolute_interaction_max,scalar_minus_equilibrium_recovery_absolute_interaction_n,scalar_minus_equilibrium_recovery_absolute_interaction_valid_n,scalar_minus_equilibrium_recovery_percent_interaction_mean,scalar_minus_equilibrium_recovery_percent_interaction_min,scalar_minus_equilibrium_recovery_percent_interaction_max,scalar_minus_equilibrium_recovery_percent_interaction_n,scalar_minus_equilibrium_recovery_percent_interaction_valid_n,weak_equilibrium_action_rms_absolute_interaction_mean,weak_equilibrium_action_rms_absolute_interaction_min,weak_equilibrium_action_rms_absolute_interaction_max,weak_equilibrium_action_rms_absolute_interaction_n,weak_equilibrium_action_rms_absolute_interaction_valid_n,weak_equilibrium_harmful_to_helpful_mean,weak_equilibrium_harmful_to_helpful_min,weak_equilibrium_harmful_to_helpful_max,weak_equilibrium_harmful_to_helpful_n,weak_equilibrium_harmful_to_helpful_valid_n,weak_equilibrium_helpful_to_harmful_mean,weak_equilibrium_helpful_to_harmful_min,weak_equilibrium_helpful_to_harmful_max,weak_equilibrium_helpful_to_harmful_n,weak_equilibrium_helpful_to_harmful_valid_n,weak_equilibrium_position_rms_absolute_interaction_mean,weak_equilibrium_position_rms_absolute_interaction_min,weak_equilibrium_position_rms_absolute_interaction_max,weak_equilibrium_position_rms_absolute_interaction_n,weak_equilibrium_position_rms_absolute_interaction_valid_n,weak_equilibrium_recovery_absolute_interaction_mean,weak_equilibrium_recovery_absolute_interaction_min,weak_equilibrium_recovery_absolute_interaction_max,weak_equilibrium_recovery_absolute_interaction_n,weak_equilibrium_recovery_absolute_interaction_valid_n,weak_equilibrium_recovery_percent_interaction_mean,weak_equilibrium_recovery_percent_interaction_min,weak_equilibrium_recovery_percent_interaction_max,weak_equilibrium_recovery_percent_interaction_n,weak_equilibrium_recovery_percent_interaction_valid_n,weak_kernel_action_rms_absolute_interaction_mean,weak_kernel_action_rms_absolute_interaction_min,weak_kernel_action_rms_absolute_interaction_max,weak_kernel_action_rms_absolute_interaction_n,weak_kernel_action_rms_absolute_interaction_valid_n,weak_kernel_harmful_to_helpful_mean,weak_kernel_harmful_to_helpful_min,weak_kernel_harmful_to_helpful_max,weak_kernel_harmful_to_helpful_n,weak_kernel_harmful_to_helpful_valid_n,weak_kernel_helpful_to_harmful_mean,weak_kernel_helpful_to_harmful_min,weak_kernel_helpful_to_harmful_max,weak_kernel_helpful_to_harmful_n,weak_kernel_helpful_to_harmful_valid_n,weak_kernel_position_rms_absolute_interaction_mean,weak_kernel_position_rms_absolute_interaction_min,weak_kernel_position_rms_absolute_interaction_max,weak_kernel_position_rms_absolute_interaction_n,weak_kernel_position_rms_absolute_interaction_valid_n,weak_kernel_recovery_absolute_interaction_mean,weak_kernel_recovery_absolute_interaction_min,weak_kernel_recovery_absolute_interaction_max,weak_kernel_recovery_absolute_interaction_n,weak_kernel_recovery_absolute_interaction_valid_n,weak_kernel_recovery_percent_interaction_mean,weak_kernel_recovery_percent_interaction_min,weak_kernel_recovery_percent_interaction_max,weak_kernel_recovery_percent_interaction_n,weak_kernel_recovery_percent_interaction_valid_n,weak_scalar_action_rms_absolute_interaction_mean,weak_scalar_action_rms_absolute_interaction_min,weak_scalar_action_rms_absolute_interaction_max,weak_scalar_action_rms_absolute_interaction_n,weak_scalar_action_rms_absolute_interaction_valid_n,weak_scalar_harmful_to_helpful_mean,weak_scalar_harmful_to_helpful_min,weak_scalar_harmful_to_helpful_max,weak_scalar_harmful_to_helpful_n,weak_scalar_harmful_to_helpful_valid_n,weak_scalar_helpful_to_harmful_mean,weak_scalar_helpful_to_harmful_min,weak_scalar_helpful_to_harmful_max,weak_scalar_helpful_to_harmful_n,weak_scalar_helpful_to_harmful_valid_n,weak_scalar_position_rms_absolute_interaction_mean,weak_scalar_position_rms_absolute_interaction_min,weak_scalar_position_rms_absolute_interaction_max,weak_scalar_position_rms_absolute_interaction_n,weak_scalar_position_rms_absolute_interaction_valid_n,weak_scalar_recovery_absolute_interaction_mean,weak_scalar_recovery_absolute_interaction_min,weak_scalar_recovery_absolute_interaction_max,weak_scalar_recovery_absolute_interaction_n,weak_scalar_recovery_absolute_interaction_valid_n,weak_scalar_recovery_percent_interaction_mean,weak_scalar_recovery_percent_interaction_min,weak_scalar_recovery_percent_interaction_max,weak_scalar_recovery_percent_interaction_n,weak_scalar_recovery_percent_interaction_valid_n
existing,0.2,11,4.0,0.05,0.1,6.047460261037526e-06,4.223183740124925e-06,7.359090467673468e-06,4,4,0.016243566039841895,0.006952973415298658,0.025224385955990414,4,4,0.0016619594980942214,0.0005586346383059156,0.0025201893660056623,4,4,0.0,0.0,0.0,4,4,1.0,1.0,1.0,4,4,0.0004192019235705224,7.488436449880646e-05,0.0007295016225366581,4,4,0.009114601972990317,0.0010668805824943367,0.01767335674070328,4,4,20.913061894600038,6.065461667735916,34.805010291266335,4,4,-0.004939421199158595,-0.009766757774444624,-0.0008862739303998144,4,4,-10.472990014048841,-21.77058190074188,-2.8014437839529505,4,4,-0.009693835864730372,-0.018421589955905763,-0.0011692238050812626,4,4,-22.29046581400452,-37.62120008662127,-6.425656955708359,4,4,-0.0047604621258328155,-0.012387184181355154,-0.0002871730584215731,4,4,-11.83371936599552,-20.282638872364465,-3.6390650810386953,4,4,0.0016630341244168656,0.0005595577900555961,0.0025213687127622585,4,4,0.0,0.0,0.0,4,4,1.0,1.0,1.0,4,4,0.00041972687052793916,7.530236068198836e-05,0.0007304436662089221,4,4,0.009120649433251353,0.0010711037662344616,0.017678927433996513,4,4,20.92930546063988,6.080313577019203,34.822955286771126,4,4,-0.00026512002701681997,-0.0005491489079086954,-5.57791386524252e-05,4,4,1.0,1.0,1.0,4,4,0.0,0.0,0.0,4,4,-5.131565846048548e-05,-0.00010711196161516771,-1.8363729626339788e-05,4,4,-0.0005792338917400565,-0.0011264035566644834,-0.00010234322258692585,4,4,-1.3774039194044823,-2.8161897953549397,-0.3601952879724424,4,4,0.0004112518513325978,4.0142325418176736e-05,0.0008440524579469595,4,4,0.0,0.0,0.0,4,4,0.0,0.0,0.0,4,4,0.00027857009171903917,4.899276750214548e-05,0.0005671528845159479,4,4,0.004360187307418538,0.0007839307078128886,0.00864035421778014,4,4,9.095586094644359,2.441248495980508,18.95439210538694,4,4
existing,0.2,11,12.0,0.05,0.1,9.375951058178227e-06,4.347535661804874e-06,1.4807406921293897e-05,4,4,0.021098595460229186,0.015241191252923336,0.027021189165264303,4,4,0.0023328902867653066,0.0007162388599875535,0.0034733603020112337,4,4,0.0,0.0,0.0,4,4,1.0,1.0,1.0,4,4,0.000594616553817582,0.00013371253432775372,0.0009903149901806033,4,4,0.01626039690208331,0.00110235418112185,0.04129194652670495,4,4,29.881728507026594,6.179966754996092,52.21701159324298,4,4,-0.006663392664507425,-0.011661856578389205,-0.0009051461959749731,4,4,-12.700266181837138,-25.55050183650819,-2.858842071958101,4,4,-0.017127653429531972,-0.042928667528978774,-0.001205178149569273,4,4,-31.629118601957593,-54.304628255758594,-6.541208170642621,4,4,-0.010473636716082728,-0.032052599021995594,-0.00030437948925610483,4,4,-18.949951015580684,-41.578453141672114,-3.6976072899374435,4,4,0.0023339713991205576,0.0007170027550541221,0.0034741297641588155,4,4,0.0,0.0,0.0,4,4,1.0,1.0,1.0,4,4,0.0005953894431159727,0.00013433728092409388,0.0009913706956651454,4,4,0.01626977285314149,0.0011067017167836549,0.04130675393362625,4,4,29.902827102486825,6.195207946249015,52.233948645362034,4,4,-0.0002879537612630169,-0.000586183872982371,-3.0460797860890586e-05,4,4,1.0,1.0,1.0,4,4,0.0,0.0,0.0,4,4,-5.572660520782448e-05,-0.00011573191746644396,-6.710328473118546e-06,4,4,-0.0008672565274486631,-0.0016367210022738207,-0.0001028239684474231,4,4,-1.7473900949310006,-3.3190168210372684,-0.36124141564652934,4,4,0.00045354749076610646,4.52834318815272e-05,0.0009738880752738106,4,4,0.0,0.0,0.0,4,4,0.0,0.0,0.0,4,4,0.00027608163100235287,5.062218803972545e-05,0.0005826119053865784,4,4,0.005796136137058761,0.00080232222752755,0.010288508853772388,4,4,10.95287608690614,2.4976006563115716,22.23148501547092,4,4
existing,0.2,22,4.0,0.05,0.1,-0.00015942848570053847,-0.000506124722256758,-2.0299258759529093e-06,4,4,-0.27956299184568323,-0.8317477769974175,-0.0066369023602916855,4,4,0.004255588371514558,0.0018539711110002934,0.006721707158988222,4,4,0.0,0.0,0.0,4,4,1.0,1.0,1.0,4,4,0.0013224463750398895,0.000539501498033531,0.002097840577923173,4,4,0.030243374283978094,0.00993351548161411,0.06105201579901592,4,4,65.61077588392236,33.06809039231715,105.14458006574438,4,4,-0.007776532457339367,-0.013175664233805897,-0.004331363065656213,4,4,-14.912512417357101,-19.384573059324516,-11.378010516322387,4,4,-0.031918416881943926,-0.06462763407277287,-0.010566100888926304,4,4,-68.7312991120002,-110.81268119795911,-34.295916370871254,4,4,-0.023982455938904024,-0.05094584511671022,-0.0052728576937547955,4,4,-53.539223702797415,-90.59636036163718,-20.81863698389106,4,4,0.004238138935583365,0.0018535444969593872,0.006702207631885539,4,4,0.0,0.0,0.0,4,4,1.0,1.0,1.0,4,4,0.0013108529309020078,0.000539311619981653,0.002085645079041175,4,4,0.030083945798277556,0.009931485555738157,0.06054589107675916,4,4,65.33121289207668,33.05969721157993,104.31283228874696,4,4,-0.00018116814742937144,-0.0003489483349358724,-2.9997284721838477e-05,4,4,0.0,0.0,0.0,4,4,0.0,0.0,0.0,4,4,-7.621150555886622e-05,-0.00015743038197587982,-1.6121215508535947e-05,4,4,-0.0016750425979658382,-0.0035756182737569607,-0.00045723916084099495,4,4,-3.120523228077846,-5.668101132214732,-1.227825978554098,4,4,0.0007084042915914985,0.0005054066424368502,0.0009167686492993002,4,4,0.0,0.0,0.0,4,4,0.0,0.0,0.0,4,4,0.0005734765458913419,0.00036871610948584514,0.0007881270711002537,4,4,0.006101489859373529,0.0036987776583440185,0.009600045960048936,4,4,11.791989189279256,9.671035461561093,13.716471927109787,4,4
existing,0.2,22,12.0,0.05,0.1,-0.0008570588062551542,-0.003147621696980185,-2.2310765339702415e-06,4,4,-1.3290952983424926,-4.736083569497453,-0.007201963038717452,4,4,0.006107965556486716,0.002225836979814073,0.009874120651846303,4,4,0.0,0.0,0.0,4,4,1.0,1.0,1.0,4,4,0.0019327896228068446,0.0006789288209117601,0.0031285997202191405,4,4,0.07604881131048119,0.010998730033634347,0.2075768496717323,4,4,137.15873357435805,35.7815500183692,317.94382372000155,4,4,-0.009860062127107454,-0.019791174819322424,-0.00448421611070695,4,4,-17.822233712650792,-27.719277317154067,-11.77739063355865,4,4,-0.07802813564906512,-0.21211043531036772,-0.0116463575890764,4,4,-140.6416115938185,-324.6254384448956,-37.039905281666265,4,4,-0.06731101471570251,-0.1891716387940651,-0.006011170667014471,4,4,-121.49028258282524,-292.17007755824415,-22.780038457363812,4,4,0.006081093478175343,0.00222540829075396,0.009850117692274465,4,4,0.0,0.0,0.0,4,4,1.0,1.0,1.0,4,4,0.0019165092352929278,0.0006784487959368367,0.003112613371232205,4,4,0.07519175250422602,0.010996498957100377,0.2044292279747521,4,4,135.82963827601554,35.77221923054333,313.2077401505041,4,4,-0.00022153484166613046,-0.000399218377280814,-2.1029459119658624e-05,4,4,0.0,0.0,0.0,4,4,0.0,0.0,0.0,4,4,-8.896134227463044e-05,-0.00017505391015781163,-1.2058155254656474e-05,4,4,-0.0019793243385839345,-0.0045335856386354255,-0.00047082130633145994,4,4,-3.4828780194604922,-6.681614724894104,-1.2583552632970618,4,4,0.0006511053037200857,0.0004552033050537977,0.0009094739835588256,4,4,0.0,0.0,0.0,4,4,0.0,0.0,0.0,4,4,0.0005287163647051366,0.000334235205797841,0.000766078263895709,4,4,0.00788073778852352,0.0038365885552648967,0.015257589180687,4,4,14.339355693190303,10.033103910553898,21.037662592259963,4,4
existing,0.2,33,4.0,0.05,0.1,-2.120814997583903e-05,-7.178191003393009e-05,3.176482394564098e-06,4,4,-0.02453130741740317,-0.06568083037029027,0.009017727266170894,4,4,0.0021633055592963682,0.0009217712370007663,0.004484801502348423,4,4,0.0,0.0,0.0,4,4,1.0,1.0,1.0,4,4,0.0004712807518336649,0.00011783907720306578,0.0014526952170029932,4,4,0.012633385351378392,0.0014673749020713243,0.04473755180192955,4,4,22.63632152626947,9.694457960077784,57.15824797586131,4,4,0.0003594914829257523,-0.0002973583061150701,0.0019897223211804444,4,4,-0.002664605408225773,-1.0661012268412318,2.1034796117421095,4,4,-0.01305869180247897,-0.046242218646989214,-0.0015797619639049687,4,4,-23.346036970574943,-58.94739837769925,-10.193777635581903,4,4,-0.013396975135428884,-0.04816015905813573,-0.0012855801401844627,4,4,-23.318841057749317,-60.98519715907107,-9.136694136006842,4,4,0.0021593496187289674,0.000921799236802039,0.004472920715863762,4,4,0.0,0.0,0.0,4,4,1.0,1.0,1.0,4,4,0.00046615745647828305,0.00011785628978498068,0.0014356201955103357,4,4,0.012612177201402553,0.0014705513844658884,0.04466576989189562,4,4,22.611790218852065,9.703475687343955,57.09256714549102,4,4,-2.6389091021377428e-05,-9.217015680371143e-05,6.710285664714676e-05,4,4,0.75,0.0,1.0,4,4,0.0,0.0,0.0,4,4,1.2088200333363773e-05,-1.4432506276382782e-05,6.010107841716156e-05,4,4,-0.00042530645110057863,-0.0015046668450596663,7.959471148229896e-06,4,4,-0.7097154443054754,-1.7891504018379467,-0.2044260221049532,4,4,-5.4482212331858054e-05,-8.728942661850175e-05,-9.748347335454197e-06,4,4,0.0,0.0,0.0,4,4,0.25,0.0,1.0,4,4,-6.0613910445830215e-06,-6.65541806533377e-05,2.591309889916557e-05,4,4,-0.0007847979340263309,-0.0034943891662401107,0.00018497124428142574,4,4,-0.7070508388972496,-3.8926300135800562,0.573716068126362,4,4
existing,0.2,33,12.0,0.05,0.1,-7.152976824428706e-05,-0.00027259342881749693,3.21999599720707e-06,4,4,-0.07061506326481348,-0.2488467907132872,0.00914288670452379,4,4,0.0022211316582650105,0.0010617727596699874,0.004048144686311889,4,4,0.0,0.0,0.0,4,4,1.0,1.0,1.0,4,4,0.00044149905880950396,0.0001817868505240316,0.0010990984734807457,4,4,0.035620350273460784,0.0014910697501397153,0.1365546631585588,4,4,43.303660367899596,9.767900571464285,139.4550024498725,4,4,0.000514700654006659,-0.0002988605512580268,0.0026072797458096975,4,4,0.07246627755265189,-1.069857327053081,2.395351949101099,4,4,-0.03640000729519214,-0.1394738616594787,-0.0016051155531994175,4,4,-44.30148548818332,-142.3877401302742,-10.272164278439258,4,4,-0.03684317818095452,-0.1418085479764709,-0.0013094749979385978,4,4,-44.30333670247116,-144.53424528866202,-9.2114498380907,4,4,0.0022177950867551402,0.0010617471215132283,0.004037494537450788,4,4,0.0,0.0,0.0,4,4,1.0,1.0,1.0,4,4,0.0004365807957888309,0.00018185646747526877,0.0010826543551919754,4,4,0.035548820505216495,0.0014942897461369224,0.1362820697297413,4,4,43.23304530463478,9.777043458168809,139.2061556591592,4,4,-8.171676406565982e-05,-0.00013111635774123304,-1.6753739691849866e-05,4,4,0.75,0.0,1.0,4,4,0.0,0.0,0.0,4,4,-1.6854250855806246e-05,-3.778738460790028e-05,-4.724928132531555e-06,4,4,-0.0007796570217313624,-0.0029191985009199093,7.609745358558295e-06,4,4,-0.9978251202837268,-2.9327376804017202,-0.20582140141087724,4,4,-0.00016542120002590883,-0.0005398852316119522,-4.952211070831727e-06,4,4,0.25,0.0,1.0,4,4,0.25,0.0,1.0,4,4,-6.876904892912778e-05,-0.00029165361377252695,2.1046604296541017e-05,4,4,-0.0012943576757380214,-0.005526478246729607,0.00018481474819832464,4,4,-1.0702913978363786,-5.328089629502819,0.5799393155034305,4,4
fresh,0.2,101,4.0,0.05,0.1,-0.0005366418851344449,-0.002097589340033179,1.2611767200368385e-07,4,4,-0.3536090136359462,-1.2874205502222082,0.0004574949325046873,4,4,0.005608332550770312,0.0003143086503953566,0.011862188453788284,4,4,0.0,0.0,0.0,4,4,1.0,1.0,1.0,4,4,0.002478501336661035,3.525122906574687e-05,0.005748874569539507,4,4,0.09400316020513388,0.0006659420815714398,0.3076331547437576,4,4,84.20153713157119,4.15945021177353,185.5257686085865,4,4,-0.034058756910304036,-0.10291220549935665,0.00021381135315813246,4,4,-30.906667934261336,-56.64262289965339,0.42935159425415703,4,4,-0.09832269436119839,-0.31993446510156515,-0.0006451436855478866,4,4,-88.7948218943327,-192.94124953947556,-4.172062363939855,4,4,-0.06372729556575991,-0.21492467026217532,-0.0008590811563780228,4,4,-57.534544946435425,-135.01120608959997,-4.601871453126517,4,4,0.0056087439511333746,0.000314331855586214,0.011861017587279074,4,4,0.0,0.0,0.0,4,4,1.0,1.0,1.0,4,4,0.0024913231079432517,3.525780901541837e-05,0.005791734999802522,4,4,0.09346651831999944,0.0006660681992434435,0.3055355654037244,4,4,83.84792811793524,4.159907706706035,184.2383480583643,4,4,-0.0004261950042168637,-0.0006001824286660934,1.0894588658081489e-05,4,4,0.75,0.0,1.0,4,4,0.0,0.0,0.0,4,4,-0.00017037445914039795,-0.00026428496997252596,1.0428204535975222e-05,4,4,-0.004319534156064513,-0.012301310357807583,2.0798396023553184e-05,4,4,-4.593284762761526,-7.415480930889073,-0.01261215216632472,4,4,0.002018156417779777,-2.1151833567326778e-05,0.004120088236814624,4,4,0.0,0.0,0.0,4,4,0.0,0.0,0.0,4,4,0.0013520439392796717,-7.509009032788134e-06,0.002655154293269641,4,4,0.02973922275423952,-0.00019301295713457928,0.09061089514154906,4,4,26.31338317149981,-0.44196374642048175,49.227141968764315,4,4
fresh,0.2,101,12.0,0.05,0.1,-0.04498330443976663,-0.17963258924749326,1.3334459516428643e-07,4,4,-5.941887397383189,-23.19058595117758,0.0004769754618276778,4,4,0.013394762819960339,0.0003441185390904685,0.03659852583437229,4,4,0.0,0.0,0.0,4,4,1.0,1.0,1.0,4,4,0.0069683532866699335,4.7764574639578596e-05,0.020990849047006366,4,4,3.356828081574176,0.0006805014790765822,13.216729670153995,4,4,526.6574755878992,4.198584995446053,1705.9341638932528,4,4,-0.5477222412227252,-2.145527012955436,0.0002239929356833495,4,4,-89.81740607579485,-271.630660005115,0.45543719255798365,4,4,-3.4314715994103913,-13.509416731924365,-0.0006581002697762343,4,4,-539.2043864242389,-1743.759712667243,-4.207031823694196,4,4,-2.8387660537478996,-11.184257129721436,-0.0008822265500547481,4,4,-443.4450929510608,-1448.9384667109505,-4.6629459917140075,4,4,0.013382089031706536,0.0003441415231800922,0.0365566510660565,4,4,0.0,0.0,0.0,4,4,1.0,1.0,1.0,4,4,0.006977779362479741,4.776282414409392e-05,0.021023449821137102,4,4,3.3118447771344095,0.0006806348236717465,13.037097080906502,4,4,520.715588190516,4.199061970907881,1682.7435779420753,4,4,-0.0009376694474819546,-0.002515419628277629,-2.0089644286666597e-06,4,4,0.75,0.0,1.0,4,4,0.0,0.0,0.0,4,4,-0.00040641792820277046,-0.001174604126624363,3.7285342818159893e-06,4,4,-0.07464351783621531,-0.29268706177036924,2.2401209300347905e-05,4,4,-12.546910836339677,-37.82554877399022,-0.008446828248143134,4,4,0.004316311717637137,-2.8127406475977196e-05,0.012693247944967869,4,4,0.0,0.0,0.0,4,4,0.0,0.0,0.0,4,4,0.0028332085682816212,-1.26148936986409e-05,0.008331676645040727,4,4,0.4730787233865099,-0.0002015917263830016,1.8528399511850666,4,4,77.27049523945519,-0.4638840208061268,233.80511123112476,4,4
fresh,0.2,202,4.0,0.05,0.1,-3.2491188162064e-05,-0.00011547473493260518,-1.4531085765559504e-06,4,4,-0.036830732266137534,-0.10191913313179768,-0.004611783015417981,4,4,0.0009439994090553864,0.0001363168005737974,0.002295454840337812,4,4,0.0,0.0,0.0,4,4,0.5,0.0,1.0,4,4,7.29481240084542e-05,-0.00022916245158297738,0.0005743344007498553,4,4,0.0053669135572297685,-0.0014221990486149548,0.022672154585524646,4,4,7.495681980277455,-0.16800892928349187,24.56905010357605,4,4,0.0016897100603587116,0.00032841088962939913,0.002910109030320839,4,4,3.0813714193884927,0.6614529432611982,6.157004449811232,4,4,-0.004926778562923516,-0.02155880727317456,0.0017415198314086732,4,4,-6.742075131898701,-23.44748479705211,0.9342139181043319,4,4,-0.006583997435120163,-0.02435344156856279,-0.0004055083087738734,4,4,-9.786615819021055,-25.48687524736605,-2.911132087262802,4,4,0.0009422282695535434,0.0001360536522085551,0.002292159097761176,4,4,0.0,0.0,0.0,4,4,0.5,0.0,1.0,4,4,7.500754512721267e-05,-0.00022934493123982595,0.0005822387884604659,4,4,0.0053344223690677045,-0.0014237720487902967,0.02255667985059204,4,4,7.458851248011317,-0.17262071229890985,24.467130970444252,4,4,0.00014918895907808276,2.171841248709526e-05,0.00046861068334889955,4,4,0.0,0.0,0.0,4,4,0.5,0.0,1.0,4,4,7.247441727492056e-05,6.952857169778472e-06,0.00020057471562189358,4,4,0.00044013499430625323,9.818348507172232e-05,0.0011133473123500891,4,4,0.7536068483787545,0.2819659014740905,1.1215653065239417,4,4,-0.00011916936861883698,-0.0004810785588012789,0.0002133565591048367,4,4,0.0,0.0,0.0,4,4,0.0,0.0,0.0,4,4,-9.001022927594097e-05,-0.00029022332893545097,4.166212758463343e-05,4,4,-0.0012495750660524584,-0.00192070590633517,-9.872249261991609e-05,4,4,-2.3277645710097383,-5.1499075453787295,-0.057653662176715414,4,4
fresh,0.2,202,12.0,0.05,0.1,-0.0002147928200226701,-0.0008437523622237264,-1.5197015333350689e-06,4,4,-0.12242419271803506,-0.4420113186794481,-0.004791846892182594,4,4,0.001659908510978875,0.00019838737038787788,0.00473781526989573,4,4,0.0,0.0,0.0,4,4,0.5,0.0,1.0,4,4,0.0003485088046317748,-0.00013269941932955893,0.0015034407745763007,4,4,0.035397289895104586,-0.0014350595433625345,0.14273045270839174,4,4,21.28589462689268,-0.19558307513175555,79.55892809019356,4,4,0.0029299526325626177,0.00032584145302255035,0.007808904311756664,4,4,3.492137833532857,0.6493377201396422,6.232013674961423,4,4,-0.03389858472629854,-0.13739995593907123,0.001759857517575741,4,4,-20.0679363261079,-76.62261131079126,0.9796483355899559,4,4,-0.036613744538838484,-0.14436510788860415,-0.0004258029597440944,4,4,-23.43764996692272,-79.80764497828984,-2.970062750038749,4,4,0.0016538543903142763,0.00019798366188289625,0.004719897098805246,4,4,0.0,0.0,0.0,4,4,0.5,0.0,1.0,4,4,0.00034903858750580646,-0.00013272125121327472,0.0015050760526780053,4,4,0.03518249707508191,-0.0014366595553259275,0.14188670034616802,4,4,21.163470434174645,-0.20037492202393814,79.11691677151411,4,4,0.00011239336053007901,1.3273837310106076e-05,0.000359921961287259,4,4,0.0,0.0,0.0,4,4,0.5,0.0,1.0,4,4,4.903179719553815e-05,4.875034298699402e-06,0.00013528908289306765,4,4,0.0014987051688060502,0.0001012044646609804,0.005330496769320523,4,4,1.21795830078478,0.28971728078963643,2.9363167794023037,4,4,-0.00012376943240412436,-0.00044988360876323935,0.0001687840415836618,4,4,0.0,0.0,0.0,4,4,0.0,0.0,0.0,4,4,-9.66819857502973e-05,-0.0002678715915332905,2.8847031838599713e-07,4,4,-0.0014312474637565675,-0.0024784075424361413,-8.751998599305921e-05,4,4,-2.274179532748078,-5.209139172757404,-0.026413079396481187,4,4
fresh,0.2,303,4.0,0.05,0.1,0.0005661096042359069,4.380076580972475e-06,0.0020469175389883215,4,4,0.6883444457369574,0.01291542256044309,2.306423168993362,4,4,0.0033323436381580127,0.0016987699573717315,0.0041803915593360864,4,4,0.0,0.0,0.0,4,4,1.0,1.0,1.0,4,4,0.0009164080891786281,0.0004231818739543376,0.0012144211685243735,4,4,0.024990284092268444,0.009221071864010442,0.05721535408557772,4,4,45.55215377097123,26.854992569888037,71.20820283655323,4,4,-0.007362169229054036,-0.011378965108474715,-0.004041528636678811,4,4,-13.54672766683806,-21.747809160729357,-8.97206985539981,4,4,-0.026347420197599586,-0.05923885318627668,-0.009521353331949069,4,4,-48.00403713594767,-73.4662971438703,-27.619611081332994,4,4,-0.019551360572781454,-0.05287460021632055,-0.004742663785379674,4,4,-35.14565391484656,-66.80065045746386,-18.359789679046933,4,4,0.0033769358351283,0.001700436910100113,0.004210952580449064,4,4,0.0,0.0,0.0,4,4,1.0,1.0,1.0,4,4,0.0009407834967404493,0.00042315237922043065,0.0012313578833483066,4,4,0.02555639369650435,0.009225451940591415,0.05926227162456604,4,4,46.24049821670819,26.86790799244848,73.51462600554659,4,4,-0.00027055280629113745,-0.0007241997206007406,-5.187149854210364e-05,4,4,0.5,0.0,1.0,4,4,0.0,0.0,0.0,4,4,-7.308630687873584e-05,-0.00017642634948238436,-1.1465923484123373e-05,4,4,-0.0013571361053311397,-0.0024870642877394926,-0.00030028146793862655,4,4,-2.4518833649764424,-5.206369226643837,-0.7646185114449588,4,4,0.000648089438467182,0.00037455337434744856,0.0009367123603307402,4,4,0.0,0.0,0.0,4,4,0.0,0.0,0.0,4,4,0.00043610755375297753,0.00021710049606523969,0.0007093098059653743,4,4,0.006005033123722896,0.0037412471687401846,0.008891900820735222,4,4,11.094844301861617,6.713975548082729,16.54143993408552,4,4
fresh,0.2,303,12.0,0.05,0.1,0.025482067353691847,7.012585793976511e-06,0.10155697154532473,4,4,22.180170480219545,0.019151828104945423,87.98232934772523,4,4,0.005304723061064607,0.002381897990029854,0.008024576700512149,4,4,0.0,0.0,0.0,4,4,1.0,1.0,1.0,4,4,0.0015427137698500347,0.0006782449035118571,0.002312113422020475,4,4,0.24162402992135082,0.011446167369153255,0.9078550459608038,4,4,233.8879220022194,32.786078919460124,792.9152804464705,4,4,-0.01250577703659313,-0.025914169388733744,-0.0046189253212953075,4,4,-18.147460536245568,-25.15803114818702,-10.512235482260614,4,4,-0.24415319848292752,-0.9139011118921987,-0.012096971436427278,4,4,-237.36380795477834,-798.1002165444746,-33.63577758530502,4,4,-0.25712948880002623,-0.9895439140487897,-0.0061132485016680265,4,4,-241.3965178987523,-864.2840064605028,-22.227151448523188,4,4,0.005446796391234987,0.0023835612190308848,0.008547377631856356,4,4,0.0,0.0,0.0,4,4,1.0,1.0,1.0,4,4,0.0016087468533260126,0.0006788630739026171,0.0025512006834818492,4,4,0.26710609727504264,0.011462039268343703,1.0094120175061285,4,4,256.06809248243894,32.80523074756507,880.8976097941958,4,4,-0.00034606672548282997,-0.0008755895776109412,-6.350075190790852e-05,4,4,0.5,0.0,1.0,4,4,0.0,0.0,0.0,4,4,-9.696140029390155e-05,-0.00021968733515099516,-1.4741540908054865e-05,4,4,-0.0025291685615766975,-0.006046065931394895,-0.0003400732160928222,4,4,-3.4758859525589574,-6.212629336129893,-0.8496986658449002,4,4,0.0008032429834842316,0.00043342951235240436,0.0010703759255629407,4,4,0.0,0.0,0.0,4,4,0.0,0.0,0.0,4,4,0.00047591427338738404,0.0002337737210892023,0.0007399556274406711,4,4,0.009976608475016432,0.004278852105202485,0.01986810345733885,4,4,14.671574583686608,9.662536816415713,18.945401812057128,4,4
fresh,0.2,404,4.0,0.05,0.1,3.7326965188714395e-06,-7.414310680756153e-06,2.344826863626831e-05,4,4,-0.009536268456440844,-0.02271267816604805,-0.00014317544317776765,4,4,0.0028702784297183525,0.0015654601458065034,0.004357135569090075,4,4,0.0,0.0,0.0,4,4,1.0,1.0,1.0,4,4,0.000773659454295472,0.0004219261286357162,0.0012225976307164632,4,4,0.018747195307934564,0.0057285797500052915,0.05364531972333606,4,4,41.431735022278254,23.675517670288023,87.86686060162369,4,4,-0.0049103623045071735,-0.007134484325246243,-0.0035620299086096766,4,4,-11.516274344374507,-13.313387695039415,-9.685238814112019,4,4,-0.0199163952680242,-0.056300349465968874,-0.005754057565315225,4,4,-44.02743168263967,-92.0758639916911,-23.787546506382036,4,4,-0.015009765660035899,-0.0491893134093589,-0.002190893322078823,4,4,-32.50162106980873,-82.38176457819918,-12.496340990800114,4,4,0.0028768351624251054,0.0015649530708727998,0.0043850996376780665,4,4,0.0,0.0,0.0,4,4,1.0,1.0,1.0,4,4,0.0007834786587615259,0.00042210014454652006,0.0012612821857305844,4,4,0.018750928004453438,0.005727445415378566,0.05366876799197233,4,4,41.42219875382182,23.669089049451387,87.85800000224378,4,4,-0.00021706449439723918,-0.00044165541743446807,-1.356268424742256e-05,4,4,1.0,1.0,1.0,4,4,0.0,0.0,0.0,4,4,-6.770068177969733e-05,-0.00013251033004778486,-6.509309477001346e-06,4,4,-0.001169199960089635,-0.0026550297426328126,-2.5477815309933594e-05,4,4,-2.5956966603614187,-4.729679070145621,-0.1120288360940136,4,4,0.0005129813407067038,0.00038916706520701096,0.000794659809402562,4,4,0.0,0.0,0.0,4,4,0.0,0.0,0.0,4,4,0.0003597751065952681,0.00027138005436832483,0.0005588159772267464,4,4,0.0037411623444175385,0.002990331143412255,0.0044794545826134305,4,4,8.920577684013086,5.4762354240446065,11.981312349900787,4,4
fresh,0.2,404,12.0,0.05,0.1,3.4072220568474084e-05,-8.851597560094113e-06,0.00014639585247944176,4,4,0.03160078113505005,-0.026423092164950646,0.1599119482411595,4,4,0.0036195371985472307,0.001719272093552722,0.006258881394897841,4,4,0.0,0.0,0.0,4,4,1.0,1.0,1.0,4,4,0.0009912879877499144,0.00048135501962510074,0.0017653444358583861,4,4,0.0393295926141917,0.005874271384317913,0.1344495578286037,4,4,69.40128052419159,24.160338727737717,195.46021834620342,4,4,-0.005771508868275139,-0.010269433292242206,-0.0036093494608195748,4,4,-12.624056349633715,-13.557817664066551,-11.436530074932083,4,4,-0.04069306825654795,-0.13779892619875805,-0.005900314819424216,4,4,-72.22206033238712,-200.3693672436862,-24.274246357145177,4,4,-0.03495563160884128,-0.12767588875899527,-0.002289702930862109,4,4,-59.629604763888445,-187.21572022473862,-12.830851758621309,4,4,0.0036244087639614535,0.0017184333830362972,0.006281372920365989,4,4,0.0,0.0,0.0,4,4,1.0,1.0,1.0,4,4,0.0010012678502828766,0.0004819123891869545,0.001804289702038957,4,4,0.03936366483476018,0.00587300895657538,0.13459595368108315,4,4,69.43288130532665,24.15347420414593,195.62013029444458,4,4,-0.00024295849399923338,-0.00044844444891297894,-9.263883664714125e-06,4,4,1.0,1.0,1.0,4,4,0.0,0.0,0.0,4,4,-7.071465877226291e-05,-0.0001193573962309305,-5.338047675975278e-06,4,4,-0.00136347564235624,-0.0033493683701543344,-2.6043435106303317e-05,4,4,-2.8207798081955198,-4.909148897482806,-0.11390762940746146,4,4,0.00047525848759068495,0.0003401630816201179,0.0008057895528729327,4,4,0.0,0.0,0.0,4,4,0.0,0.0,0.0,4,4,0.0003220586255166932,0.0002158041151663348,0.00052799030740594,4,4,0.004408033225918899,0.0030962153449865977,0.006920064922087871,4,4,9.803276541438194,7.286357023285662,12.199716627236533,4,4
fresh,0.2,505,4.0,0.05,0.1,3.5252296741687585e-05,-6.992851241530845e-05,0.00021977466193492945,4,4,0.03291431993134086,-0.17227997362223846,0.3296896322793117,4,4,0.003775695313304955,0.0014449004833803035,0.0057873512088366524,4,4,0.0,0.0,0.0,4,4,1.0,1.0,1.0,4,4,0.0009281552055417392,0.0003339606701373522,0.0015660178423890173,4,4,0.021072861303908758,0.004914470339148059,0.055688876169026874,4,4,46.72487696067888,20.50687362254875,91.36403104631353,4,4,-0.007218916346696837,-0.013363410174837833,-0.003386226465987697,4,4,-15.206916749970762,-19.560173472826975,-10.500973970918391,4,4,-0.022136538093789015,-0.058140912820085586,-0.005071755115587497,4,4,-48.97558308007383,-95.09319236018513,-21.036960817192274,4,4,-0.014952874043833869,-0.044997277307182684,-0.0016873920528989329,4,4,-33.80158065003441,-76.52180358164618,-10.542347125718898,4,4,0.0037832858816413016,0.001445313423567957,0.005826413599554584,4,4,0.0,0.0,0.0,4,4,1.0,1.0,1.0,4,4,0.0009356103963878783,0.00033410306101527626,0.001600301335833873,4,4,0.021108113600650444,0.004916333742447192,0.055908650830961804,4,4,46.75779128061022,20.513233901993765,91.69372067859284,4,4,-0.00016087006572349264,-0.00036611343541613495,-1.5602739156147724e-05,4,4,1.0,1.0,1.0,4,4,0.0,0.0,0.0,4,4,-4.220988057319116e-05,-9.267162100803222e-05,-1.2896099353455238e-06,4,4,-0.0010636767898802605,-0.0024520366510587133,-0.00015728477643943764,4,4,-2.250706119394957,-3.7291613138715984,-0.5300871946435248,4,4,0.0009113349079749845,0.0003911604848333052,0.0013917976845733843,4,4,0.0,0.0,0.0,4,4,0.0,0.0,0.0,4,4,0.0004947150472756274,0.00024830602020160016,0.0007580827013743373,4,4,0.006155239556816575,0.0032289416895482596,0.01091137352377912,4,4,12.956210630575804,9.970886776274867,16.23571665733197,4,4
fresh,0.2,505,12.0,0.05,0.1,0.0002966219420316766,-9.881255534060704e-05,0.001295630943829451,4,4,0.38063735036240587,-0.2414307514464653,1.794291839011521,4,4,0.005257894112957108,0.001682655663016312,0.00870992767099662,4,4,0.0,0.0,0.0,4,4,1.0,1.0,1.0,4,4,0.0013397476237817971,0.0004183814363596873,0.0022780956120509385,4,4,0.05068335350278595,0.0051238032540917335,0.1686840391906523,4,4,87.59292635888761,21.17912103314906,241.35216958739326,4,4,-0.009822401356165987,-0.02243107593848831,-0.0034785543219975224,4,4,-18.737262046511237,-29.81292376025111,-10.789448014166359,4,4,-0.052087577452455666,-0.17233252373148725,-0.005283263569107768,4,4,-90.27918648382656,-246.44080740178364,-21.71568394847294,4,4,-0.04256179803832136,-0.1511970787368284,-0.0018067125087941928,4,4,-71.92256178767774,-218.42217548054404,-10.93304910800843,4,4,0.005261155179094581,0.0016829303597783347,0.00874350182385211,4,4,0.0,0.0,0.0,4,4,1.0,1.0,1.0,4,4,0.0013477810642293965,0.00041880390215073837,0.0023155098491341453,4,4,0.050979975444817624,0.005125806515775681,0.16997967013448176,4,4,87.97356370925002,21.18593420685091,243.14646142640478,4,4,-0.00018955153139173448,-0.0004103886552626092,-2.099549422995839e-05,4,4,1.0,1.0,1.0,4,4,0.0,0.0,0.0,4,4,-5.444875146541389e-05,-0.00010657225505859153,-5.400037053012591e-06,4,4,-0.0014042239496697196,-0.0036484845408349415,-0.00015946031501603425,4,4,-2.6862601249389497,-5.088637814390373,-0.5365629153238793,4,4,0.0010384142498653362,0.00034685601685573424,0.0015400887505549778,4,4,0.0,0.0,0.0,4,4,0.0,0.0,0.0,4,4,0.0005203381218779448,0.00021848015900265833,0.0007753615445323537,4,4,0.008418177406496268,0.003319094006981488,0.01878259139765337,4,4,16.051001921572286,10.25288509884248,24.724285945860736,4,4
fresh,0.2,606,4.0,0.05,0.1,0.00040422105474356186,-3.876831743824735e-06,0.0016064251796899798,4,4,0.4695748548901868,-0.0003613521214909099,1.8353213889361655,4,4,0.0030853314821089684,0.0012894556030216327,0.005365226296135653,4,4,0.0,0.0,0.0,4,4,1.0,1.0,1.0,4,4,0.0006240462069649036,0.00011666354292622343,0.0015012809324609295,4,4,0.027445880459751108,0.0015219556815877812,0.09421585786288102,4,4,43.52700444100822,10.902538786074135,118.19667598951648,4,4,-0.00047169500810747026,-0.000811525873525485,0.00032095619011711894,4,4,-1.0171404796645662,-2.2469430435086313,0.6339932259239012,4,4,-0.027294735740285018,-0.09406119581563044,-0.00135719832363837,4,4,-43.199372755551174,-118.00854744513359,-10.430503789880675,4,4,-0.02722726178692111,-0.09500977861021738,-0.0016797877328604653,4,4,-42.651807130776795,-119.07595656974334,-11.069788954827896,4,4,0.003104914709210245,0.001290021196385896,0.005435966311713043,4,4,0.0,0.0,0.0,4,4,1.0,1.0,1.0,4,4,0.0006387204320679934,0.00011675847228268194,0.0015569643336418937,4,4,0.027850101514494668,0.0015235889006927576,0.095822283042571,4,4,43.996579295898414,10.907830725097455,120.03199737845264,4,4,-3.965874686447275e-06,-6.493612526682971e-05,3.08574320274195e-05,4,4,0.0,0.0,0.0,4,4,0.25,0.0,1.0,4,4,-2.9459587138701933e-06,-3.133086133816788e-05,1.8701699369591193e-05,4,4,0.00015114471946608933,1.2402527272605685e-05,0.0002727569453917604,4,4,0.3276316854570499,-0.0445819950751325,0.6949451963269793,4,4,4.033754430017751e-05,-2.958573577233406e-05,0.0001342811616044659,4,4,0.0,0.0,0.0,4,4,0.25,0.0,1.0,4,4,2.8835001380115048e-05,-3.93996816985126e-05,0.00011247810207886365,4,4,0.0006228397275735596,-0.00015619883216770776,0.0010111249093102369,4,4,1.344772165121616,-0.16195822973044116,2.9418882398356105,4,4
fresh,0.2,606,12.0,0.05,0.1,0.032117470604737144,-2.888224807495038e-07,0.12845300316693864,4,4,28.876434659200605,0.00547895850008473,115.44717865570692,4,4,0.005305009378288558,0.0015913493724433094,0.012013158329360878,4,4,0.0,0.0,0.0,4,4,1.0,1.0,1.0,4,4,0.0013172662921684467,0.00023598785804156532,0.0035700608191824076,4,4,0.6897498001405254,0.0015906824305183549,2.739045529852036,4,4,634.1585684866349,11.115985972112362,2471.565739561285,4,4,-0.000978654520284962,-0.0025405884743830466,0.0003287122306873617,4,4,-1.4668192983834456,-2.3603007623028915,0.6556619536056574,4,4,-0.6895681741370756,-2.738786282621998,-0.0014231799865974237,4,4,-633.8070672744157,-2471.323724223752,-10.636493974485937,4,4,-0.7207069902215278,-2.8646986973145534,-0.0017535885385967856,4,4,-661.2166826352327,-2584.482449011413,-11.29763488659168,4,4,0.005420532777406079,0.0015916670873451447,0.012467852313942842,4,4,0.0,0.0,0.0,4,4,1.0,1.0,1.0,4,4,0.0013783095785531298,0.00023660500454789199,0.0038092919476585604,4,4,0.7218672707452626,0.0015923787518303551,2.8674985330189746,4,4,663.0350031458355,11.121464930612447,2587.012918216992,4,4,-8.506619057063562e-06,-8.498014738226971e-05,3.806903626820367e-05,4,4,0.0,0.0,0.0,4,4,0.25,0.0,1.0,4,4,-2.40186335901337e-07,-3.164927716253589e-05,2.5292580053107652e-05,4,4,0.00018162600344983704,1.597153373927157e-05,0.0002837828061011405,4,4,0.3515012122192962,-0.03850480743885498,0.7230023211562076,4,4,8.329866893346427e-05,-6.14732233957839e-07,0.00019682373541519103,4,4,0.0,0.0,0.0,4,4,0.25,0.0,1.0,4,4,3.6859499295111204e-05,-2.315197361423514e-05,0.00012113121057312493,4,4,0.001160280523734799,-0.00016120978676643048,0.0027998357044210515,4,4,1.8183205106027418,-0.1761699559792329,3.083303083459099,4,4
fresh,0.2,707,4.0,0.05,0.1,9.568997827896428e-06,-5.951356735443836e-07,3.7146544589911415e-05,4,4,0.02513061169683506,0.0002719942133735387,0.08535145205121708,4,4,0.0014840663357686763,0.0004903773401490532,0.0020600406668655168,4,4,0.0,0.0,0.0,4,4,1.0,1.0,1.0,4,4,0.00021317433637664746,2.9665746908652015e-05,0.0003195214531739989,4,4,0.004970716250327948,0.0006596659136012071,0.011959905480278692,4,4,15.131976948690323,5.151659425635036,25.55836241001792,4,4,-0.0006534691336009895,-0.0014645176597761697,0.0001502310925998989,4,4,-1.7088448623492987,-3.754516178344769,0.5016562499419619,4,4,-0.004945662375840928,-0.011804186282608613,-0.000645570665258003,4,4,-15.215098734873015,-25.410522475345722,-5.1138222288194095,4,4,-0.004301762240067834,-0.011741949046759285,-0.0007952066221843575,4,4,-13.53138448422055,-25.24102083733237,-5.615750472974745,4,4,0.0014870762698016736,0.0004905412052050046,0.0020609866183007378,4,4,0.0,0.0,0.0,4,4,1.0,1.0,1.0,4,4,0.00021656235926565477,2.953234867103874e-05,0.0003198475532602543,4,4,0.004980285248155844,0.0006590707779276627,0.011997052024868603,4,4,15.157107560387157,5.15193141984841,25.643713862069138,4,4,-0.00011328361462870432,-0.00019571199073073475,-1.3890761460508272e-05,4,4,0.25,0.0,1.0,4,4,0.0,0.0,0.0,4,4,-2.36697070143592e-05,-3.998981179795073e-05,-3.951775124765022e-06,4,4,2.505387448701983e-05,-8.009716592124322e-05,0.00015571919767007857,4,4,-0.08312178618269106,-0.3307442473761468,0.14783993467220036,4,4,6.652325215107148e-05,-0.000102513363867969,0.00021767305801527817,4,4,0.25,0.0,1.0,4,4,0.0,0.0,0.0,4,4,6.668994743521273e-05,-4.4062505852093814e-05,0.0001723530254164286,4,4,0.0006785230080880093,-0.00013613584425669484,0.0014750158776322096,4,4,1.6257230761666075,-0.4638190531263353,3.5670961495023246,4,4
fresh,0.2,707,12.0,0.05,0.1,1.5079341872000634e-05,-6.097244911497379e-07,5.910851329921779e-05,4,4,0.03316975277846601,0.00023841791264533896,0.11724477884475704,4,4,0.0018248920576566146,0.0006147060384447192,0.002546176446245569,4,4,0.0,0.0,0.0,4,4,1.0,1.0,1.0,4,4,0.0003072287053828705,7.827080651925077e-05,0.0004295855498899796,4,4,0.0066012690637778084,0.0006999139753145929,0.017955980772673637,4,4,17.605857395221246,5.274624292249985,34.07504398533757,4,4,-0.0006956614838335494,-0.0015312498672447137,0.00016209430595076103,4,4,-1.7898852739688775,-3.9046962252012873,0.5364129799040551,4,4,-0.006576534717883778,-0.01778893507624652,-0.0006865166392591663,4,4,-17.697592985727617,-33.92619613465132,-5.239083645428155,4,4,-0.0058959525759222295,-0.01766932500005592,-0.0008480012207187776,4,4,-15.940877464537206,-33.66989669613028,-5.775735043244856,4,4,0.0018236894769394396,0.0006148116042672368,0.002544339246784908,4,4,0.0,0.0,0.0,4,4,1.0,1.0,1.0,4,4,0.0003096171156126969,7.836872031573077e-05,0.0004306039577601376,4,4,0.006616348405649809,0.0006993042508234432,0.018015089285972855,4,4,17.639027147999712,5.274862710162631,34.19228876418233,4,4,-7.780584505282179e-05,-0.0001565336244466059,-8.862741490390028e-06,4,4,0.25,0.0,1.0,4,4,0.0,0.0,0.0,4,4,-1.0976496379374668e-05,-1.553142165113333e-05,-3.0278320709165724e-06,4,4,2.4734345894030646e-05,-8.477374465340297e-05,0.00016704569642711845,4,4,-0.09173559050636992,-0.34393798039833445,0.14884785068625117,4,4,9.490219450073887e-05,-4.446658016771243e-05,0.00022204802431599613,4,4,0.25,0.0,1.0,4,4,0.0,0.0,0.0,4,4,7.055681457493544e-05,-1.3707377146067803e-05,0.00015913681623661632,4,4,0.00072039582972758,-0.00014869696989533443,0.0015345179629916942,4,4,1.6981496834625076,-0.5008723330822251,3.697303346066061,4,4
fresh,0.2,808,4.0,0.05,0.1,0.00013203644173273967,-7.838531829507112e-06,0.00048763744375301954,4,4,0.12042645286094533,-0.018570315505044732,0.41493806896480123,4,4,0.005368155962718344,0.0021376747352445866,0.008540453131280164,4,4,0.0,0.0,0.0,4,4,1.0,1.0,1.0,4,4,0.0013022358853320196,0.00046766948340501695,0.002372956252429977,4,4,0.04513144708353818,0.008369479819039143,0.1295396169185395,4,4,68.810624243518,30.275002797300854,138.87396586610663,4,4,-0.0033416152755735666,-0.0053214177747455006,-0.0022753847723135847,4,4,-6.383405722662564,-9.99537130837911,-3.1809383619146763,4,4,-0.04655908700434062,-0.13343308897497072,-0.00867597920109114,4,4,-70.96997220220166,-142.9993818856747,-31.166261415250197,4,4,-0.04334950817049979,-0.13064790447103003,-0.006402896650365315,4,4,-64.70699293240006,-140.2333815927248,-25.211924444066966,4,4,0.005400747760910228,0.0021382156640328536,0.008659768252704345,4,4,0.0,0.0,0.0,4,4,1.0,1.0,1.0,4,4,0.0013260362879882696,0.00046797584977453354,0.0024606312283456163,4,4,0.04526348352527092,0.008371782040626902,0.1300272543622925,4,4,68.93105069637895,30.280861840709438,139.28890393507143,4,4,-0.00039589989918841807,-0.0006221973035856476,-8.745145625935549e-05,4,4,1.0,1.0,1.0,4,4,0.0,0.0,0.0,4,4,-0.0001083215691594394,-0.0002089192522231019,-2.574565470288455e-05,4,4,-0.0014276399208024409,-0.0038934720564312315,-0.0003064993820519977,4,4,-2.1593479586836635,-4.125416019568052,-0.891258617949342,4,4,0.00017924379451927236,-0.0002716367502290963,0.00040876585404998195,4,4,0.25,0.0,1.0,4,4,0.0,0.0,0.0,4,4,0.00016034674776455005,-0.00010464140585258845,0.000332332959187831,4,4,0.0019139753547711257,-0.0006206501087375263,0.004206863920003731,4,4,4.2240577639789,-0.9444776576533753,7.522631858978701,4,4
fresh,0.2,808,12.0,0.05,0.1,-0.0006767583169600545,-0.00278661464614105,8.662382016262626e-05,4,4,-0.4559419391751476,-1.959386669257583,0.1519425056157786,4,4,0.010475219751793859,0.0026091594758837905,0.02374894193489075,4,4,0.0,0.0,0.0,4,4,1.0,1.0,1.0,4,4,0.0032622753675378303,0.0006254637829852467,0.008442192658069763,4,4,0.788897631972498,0.009381419404692348,3.0788363840561472,4,4,570.3734754137965,32.929475000273236,2097.0675993936625,4,4,-0.0066337977166195106,-0.014791540184505705,-0.0024381203192382402,4,4,-8.812861643379996,-12.071721612723785,-6.369359466655911,4,4,-0.793120236459505,-3.0935950088279967,-0.009700224234462616,4,4,-574.2048598876128,-2107.3489724151873,-33.849921749895316,4,4,-0.7858096804259255,-3.07601685399735,-0.007264860483886347,4,4,-564.9360563050576,-2095.4317112774556,-27.487623601334725,4,4,0.010529048783925098,0.0026095834434378667,0.023956682392654808,4,4,0.0,0.0,0.0,4,4,1.0,1.0,1.0,4,4,0.00330391281448204,0.000625909985242775,0.008601666325647897,4,4,0.788220873655538,0.009384175973354319,3.076049769410006,4,4,569.9175334746213,32.93653631836855,2095.108212724405,4,4,-0.00044195373975734493,-0.0008157887383037389,-5.709255186562255e-05,4,4,1.0,1.0,1.0,4,4,0.0,0.0,0.0,4,4,-0.00011458742764716972,-0.000264260308453626,-1.2951704081187645e-05,4,4,-0.0042226044870070575,-0.014758624771849308,-0.0003188048297702688,4,4,-3.8313844738162652,-10.281373021524598,-0.9204467496220836,4,4,0.0002504581836323882,-0.00020737675122138935,0.0005578399174212198,4,4,0.0,0.0,0.0,4,4,0.0,0.0,0.0,4,4,0.00017935614018115107,-6.408521796113197e-05,0.00036881332815843354,4,4,0.002411193229612453,3.291541265639658e-05,0.005210620358980195,4,4,4.98147716956373,-0.32349855305064956,9.130560478966942,4,4
fresh,0.2,909,4.0,0.05,0.1,2.861934002075994e-05,1.7566552860930756e-06,9.931612783324953e-05,4,4,0.05088160094941241,0.0045769572908582745,0.16470615996587412,4,4,0.0017215097622695157,0.0010751580516552058,0.00230378467746643,4,4,0.0,0.0,0.0,4,4,1.0,1.0,1.0,4,4,0.00039683240600820477,0.00016643530807706293,0.0006102355844506795,4,4,0.007154358886897112,0.0024652926023342424,0.017897558328505404,4,4,20.444813091805145,12.440301648292738,38.6564787418808,4,4,-0.00403095530752429,-0.007931389480500121,-0.0016341205661075525,4,4,-9.300754012865697,-14.105698178890535,-4.9525837708593645,4,4,-0.007567841761141208,-0.018810833914008486,-0.0025713692597240153,4,4,-21.560674337528546,-40.637066992881486,-12.815696743491422,4,4,-0.003565505793637677,-0.010978760561341614,-0.0009391289753013631,4,4,-12.310801925612264,-26.696074973956826,-6.817038820608679,4,4,0.0017281771257978565,0.0010758406619422699,0.0023236804767197833,4,4,0.0,0.0,0.0,4,4,1.0,1.0,1.0,4,4,0.00040428176291413436,0.0001666732410896131,0.0006353844654617136,4,4,0.007182978226917871,0.0024671728840191427,0.017996874456338654,4,4,20.495694692754554,12.445800083720172,38.82118490184667,4,4,-0.00012203049332813742,-0.00019355435570665713,-3.172689216765154e-05,4,4,1.0,1.0,1.0,4,4,0.0,0.0,0.0,4,4,-2.3570855578222412e-05,-3.8452252838843196e-05,-6.0508148434271734e-06,4,4,-0.0004134828742440957,-0.0009132755855030816,-0.00010607665738977291,4,4,-1.115861245723404,-1.9805882510006922,-0.37539509519868286,4,4,0.0004707711009146673,0.0001881954285451841,0.0006465018594880058,4,4,0.0,0.0,0.0,4,4,0.0,0.0,0.0,4,4,0.0002814774159090825,0.00011368512290987681,0.000378230448384813,4,4,0.0036174724332801948,0.0015280439087177796,0.0070181138949970395,4,4,8.184892767142292,4.577188675660682,12.125109927889843,4,4
fresh,0.2,909,12.0,0.05,0.1,4.595511898397532e-05,1.8593640134061118e-06,0.00016767181726921182,4,4,0.0819503089681235,0.004874157097418674,0.28633808560358176,4,4,0.0020201434889461417,0.0012794113105001866,0.002708801282033043,4,4,0.0,0.0,0.0,4,4,1.0,1.0,1.0,4,4,0.00046776746246280374,0.0002448725458409351,0.0006214212721720805,4,4,0.009012142878151375,0.002530796956196398,0.024767714205709383,4,4,23.798792176776928,12.645495455995249,50.490254676366526,4,4,-0.004565698869421841,-0.009786906390688742,-0.0016631167424880668,4,4,-10.238442664586096,-17.099323437558212,-5.039185111869449,4,4,-0.009479535873209545,-0.025867825838334753,-0.0026381526958659286,4,4,-25.008335166486567,-52.76899990466055,-13.024612561739236,4,4,-0.004959792122771679,-0.01624859126491522,-0.0009769622274102378,4,4,-14.851842810868595,-35.956014552705916,-7.170940959563465,4,4,0.0020217999404741113,0.0012797584947193122,0.002711533912735622,4,4,0.0,0.0,0.0,4,4,1.0,1.0,1.0,4,4,0.0004737269750369642,0.00024540770958660085,0.000639963689827756,4,4,0.009058097997135351,0.002532723230228774,0.024935386022978595,4,4,23.880742485745053,12.651134114108753,50.77659276197011,4,4,-0.00012730411951006868,-0.00019447187480047326,-2.6930524189770245e-05,4,4,1.0,1.0,1.0,4,4,0.0,0.0,0.0,4,4,-2.3093427041995045e-05,-3.563120242917536e-05,-4.844681747949702e-06,4,4,-0.0004673929950581705,-0.0011001116326253696,-0.00010735573966953044,4,4,-1.2095429897096388,-2.2787452282940213,-0.3791171057439868,4,4,0.00046418926282756835,0.0001698223178063672,0.0006426216662897034,4,4,0.0,0.0,0.0,4,4,0.0,0.0,0.0,4,4,0.0002621865925555557,0.00010097045216743298,0.000359380795673752,4,4,0.00409830587436367,0.0015557610028185363,0.008686794758063372,4,4,9.028899674876456,4.660068006125462,14.820578209264191,4,4
fresh,0.2,1010,4.0,0.05,0.1,-0.00018114389392209513,-0.0007325328563104749,8.32833316751977e-06,4,4,-0.0725117600025671,-0.31597689351073655,0.025237741586227713,4,4,0.003843721587590905,0.001104954466932248,0.009639279532335544,4,4,0.0,0.0,0.0,4,4,1.0,1.0,1.0,4,4,0.0009724617540929661,0.0001237352556723542,0.003192770198462102,4,4,0.051059403785050056,0.002390833256790929,0.192963753355325,4,4,36.16402912674362,11.994819563688917,99.93637022648257,4,4,-0.0011286802081710836,-0.001615736826321915,-0.0008290801473601807,4,4,-2.272650654614655,-3.61390912643349,-0.30551710739474736,4,4,-0.04587058486734874,-0.17354367316023223,-0.002230237901480258,4,4,-33.01305362512496,-90.64341832016065,-11.51246669006095,4,4,-0.04456076076525556,-0.17162424528095577,-0.00135758498601099,4,4,-30.66789121050774,-90.02192431925516,-8.991078044068612,4,4,0.003867167900114572,0.0011054001682525658,0.009728258400518153,4,4,0.0,0.0,0.0,4,4,1.0,1.0,1.0,4,4,0.0009881799868733387,0.0001237454809106522,0.0032531379464038595,4,4,0.050878259891127965,0.002391460510972025,0.19223122049901453,4,4,36.09151736674106,11.997184862310995,99.62039333297183,4,4,4.1070759619689454e-05,-6.536362660717124e-06,0.00011920052473859966,4,4,0.0,0.0,0.0,4,4,0.25,0.0,1.0,4,4,2.5422539451847004e-05,-1.1931959318692807e-06,5.0077836957589106e-05,4,4,0.005188818917701324,0.000160595355310671,0.019420080195092795,4,4,3.1509755016186585,0.48235287362796697,9.292951906321912,4,4,0.00020965681151328703,0.00010106616543509306,0.00026236776060252834,4,4,0.0,0.0,0.0,4,4,0.0,0.0,0.0,4,4,0.00014432186264863643,6.703494483725021e-05,0.0001876336248568828,4,4,0.006317499125872408,0.0009896755026708517,0.02060697521805877,4,4,5.423626156233313,3.0061068182423822,9.59846901371666,4,4
fresh,0.2,1010,12.0,0.05,0.1,-0.015897316525993813,-0.06359714297096986,8.839020002275946e-06,4,4,-0.7698522374232382,-3.1054965847408766,0.026665856919128927,4,4,0.008524018684361279,0.0013933855717550864,0.026843595096527027,4,4,0.0,0.0,0.0,4,4,1.0,1.0,1.0,4,4,0.0036454346240430906,0.00024100046747195644,0.013370906551466489,4,4,4.562139648040849,0.0025072681253874244,18.235602165402774,4,4,239.38130380473754,12.333500592322512,909.0282588410888,4,4,-0.015459047875925256,-0.05830381328799694,-0.0008710434822112381,4,4,-2.9588949059337555,-3.83367158453769,-2.602829853588368,4,4,-4.240493287249176,-16.950435631682524,-0.002342195776605136,4,4,-222.63410292751405,-845.5214351729902,-11.839697214365742,4,4,-4.209136922847258,-16.82853467542356,-0.0014717997820972214,4,4,-218.90535578415705,-839.813108734661,-9.200871003205435,4,4,0.008553115251763492,0.0013936935489692048,0.026958285436847265,4,4,0.0,0.0,0.0,4,4,1.0,1.0,1.0,4,4,0.0036749524402841546,0.0002411561628720615,0.013485843352415022,4,4,4.546242331514855,0.0025079156130907478,18.172005022431804,4,4,238.6114515673143,12.335920539327528,905.9227622563479,4,4,0.00035044943243733775,1.0013505002369472e-06,0.0013012234781440719,4,4,0.0,0.0,0.0,4,4,0.25,0.0,1.0,4,4,0.00021759974111932212,2.4962409804797636e-06,0.0007999208488904154,4,4,0.32164636079167264,0.00016507234878228826,1.2851665337202507,4,4,16.747200877223495,0.49380337795676965,63.50682366809861,4,4,0.0006252639670869587,9.872422904342627e-05,0.0018598232265999593,4,4,0.0,0.0,0.0,4,4,0.0,0.0,0.0,4,4,0.00040169329949009977,6.217882966176548e-05,0.001228541711847709,4,4,0.3371054086675979,0.0010361158309935264,1.3434703470082476,4,4,19.706095783157252,3.135049536122092,66.10965352168698,4,4
