task,schedule,compute_duration,compute_over_tau,mean_decision_interval,mean_observation_age_at_application,tracking_ise,tracking_rmse,peak_abs_error,peak_abs_position,max_abs_velocity,action_effort,action_variation,max_abs_action,settling_time,settling_observed_for,horizon_edge_settling,observed_duration,last_change_time,remaining_observation_horizon,censored,failure_reason
initial_recovery,serial,0.0,0.0,0.01,0.0,0.3000674525699676,0.15813165732229995,1.0,1.0,2.1629083157115314,0.8064041084167424,6.379852032908342,2.0,3.08,8.92,False,12.0,0.0,12.0,False,
initial_recovery,serial,0.025,0.05,0.025,0.02750000000000002,0.316283247239426,0.16234819761842806,1.0,1.0,2.315378340311381,0.9877187788537433,6.855888817436129,2.0,3.09,8.91,False,12.0,0.0,12.0,False,
initial_recovery,serial,0.05,0.1,0.05,0.05,0.340778477231353,0.16851767395720274,1.0,1.0,2.494543571607758,1.2367433111640684,7.571933216101905,2.0,3.06,8.94,False,12.0,0.0,12.0,False,
initial_recovery,serial,0.1,0.2,0.1,0.1,0.45854887975700004,0.19547993924292248,1.0,1.0,2.9002109100772477,2.3104099433451513,11.181206680327783,2.0,5.2,6.8,False,12.0,0.0,12.0,False,
initial_recovery,serial,0.2,0.4,0.2,0.2,43.6659970479065,1.9075725641048473,3.409516592558715,3.409516592558715,11.658676526107316,171.976556369239,119.68792121164064,5.0,,,False,12.0,0.0,12.0,False,
initial_recovery,serial,0.4,0.8,0.4,0.4,589.0737850431104,7.00638866228001,13.160981306121052,13.160981306121052,28.731975363776836,227.94901388626187,89.0,5.0,,,False,12.0,0.0,12.0,False,
initial_recovery,fixed_cadence,0.0,0.0,0.01,0.0,0.3000674525699676,0.15813165732229995,1.0,1.0,2.1629083157115314,0.8064041084167424,6.379852032908342,2.0,3.08,8.92,False,12.0,0.0,12.0,False,
initial_recovery,fixed_cadence,0.025,0.05,0.01,0.025,0.3155103295506508,0.16214970694563166,1.0,1.0,2.268079492806202,0.9194952297253166,6.700948014308598,2.0,3.1,8.9,False,12.0,0.0,12.0,False,
initial_recovery,fixed_cadence,0.05,0.1,0.01,0.05,0.3342383882726641,0.16689277702381852,1.0,1.0,2.3832351999203247,1.058167249302871,7.124376497495518,2.0,3.09,8.91,False,12.0,0.0,12.0,False,
initial_recovery,fixed_cadence,0.1,0.2,0.01,0.09999999999999999,0.38839657446976333,0.17990659022340902,1.0,1.0,2.6359030776745853,1.464063458092719,8.51285199640434,2.0,3.76,8.24,False,12.0,0.0,12.0,False,
initial_recovery,fixed_cadence,0.2,0.4,0.01,0.19999999999999998,0.8044236509355945,0.2589117692277291,1.0,1.0,3.093887655200265,4.650354253547086,21.011892181867434,2.0,11.55,0.4499999999999993,False,12.0,0.0,12.0,False,
initial_recovery,fixed_cadence,0.4,0.8,0.01,0.39999999999999997,193.09032287696152,4.011341451403357,7.438708019130399,7.438708019130399,20.033502234365788,211.79562208083883,104.83458110455047,5.0,,,False,12.0,0.0,12.0,False,
reference_step,serial,0.0,0.0,0.01,0.0,0.30506745256895446,0.15944368195096204,1.0,1.2846913410439025,2.16290831571153,10.679751249593282,7.379843451513134,3.0,3.08,6.92,False,12.0,2.0,10.0,False,
reference_step,serial,0.025,0.05,0.025,0.02750000000000002,0.33001997571137937,0.16583625852814862,1.0,1.3217100589921333,2.316487520777359,10.918233774246183,7.8607397344744525,3.0,3.0999999999999996,6.9,False,12.0,2.0,10.0,False,
reference_step,serial,0.05,0.1,0.05,0.05,0.36416209363772095,0.1742034475447508,1.0,1.3721797884569695,2.501863965772944,11.233069979033067,8.589581538620342,3.0,3.0700000000000003,6.93,False,12.0,2.0,10.0,False,
reference_step,serial,0.1,0.2,0.1,0.1,0.5081853918948886,0.20578819853895264,1.0,1.5445190417934267,2.9845630317041305,12.499268480518188,12.27881157734974,3.0,5.24,4.76,False,12.0,2.0,10.0,False,
reference_step,serial,0.2,0.4,0.2,0.2,31.560119287956923,1.6217305388575123,3.603740385065217,4.060435768982094,11.484862162837828,137.4420170332351,100.80033738997795,5.0,,,False,12.0,2.0,10.0,False,
reference_step,serial,0.4,0.8,0.4,0.4,424.8957759230708,5.950460597880014,13.77579798009417,12.815735597953019,28.725352253594824,189.88625528237978,71.36429618113164,5.0,,,False,12.0,2.0,10.0,False,
reference_step,fixed_cadence,0.0,0.0,0.01,0.0,0.30506745256895446,0.15944368195096204,1.0,1.2846913410439025,2.16290831571153,10.679751249593282,7.379843451513134,3.0,3.08,6.92,False,12.0,2.0,10.0,False,
reference_step,fixed_cadence,0.025,0.05,0.01,0.025,0.3292059370952683,0.1656316035401226,1.0,1.3098656924365324,2.270060196328582,10.83694358369884,7.703428652816497,3.0,3.1100000000000003,6.89,False,12.0,2.0,10.0,False,
reference_step,fixed_cadence,0.05,0.1,0.01,0.05,0.3574698269432834,0.17259534247850844,1.0,1.3414108931750386,2.392221946062477,11.026112065215004,8.135740675314404,3.0,3.1100000000000003,6.89,False,12.0,2.0,10.0,False,
reference_step,fixed_cadence,0.1,0.2,0.01,0.09999999999999999,0.4347910514249312,0.19034859500070986,1.0,1.4299996458196091,2.6783967457920834,11.563276508255136,9.584974832913183,3.0,3.79,6.21,False,12.0,2.0,10.0,False,
reference_step,fixed_cadence,0.2,0.4,0.01,0.19999999999999998,0.9682512549030945,0.28405563640818304,1.0,1.7331381143513638,3.310474560547498,15.586089957041397,22.73023051262127,3.0,,,False,12.0,2.0,10.0,False,
reference_step,fixed_cadence,0.4,0.8,0.01,0.39999999999999997,142.84064294295405,3.450128535563978,7.645951715759642,7.45125061005899,19.79768066747394,171.98402355853722,87.07246368974042,5.0,,,False,12.0,2.0,10.0,False,
disturbance_pulse,serial,0.0,0.0,0.01,0.0,0.01539132274527621,0.03581354811761908,0.17461816366489705,0.17461816366489705,0.6541263519446068,0.09943097188415276,1.4571686592769326,0.5208033761216762,1.62,8.129999999999999,False,12.0,2.25,9.75,False,
disturbance_pulse,serial,0.025,0.05,0.025,0.02750000000000002,0.017351666441526012,0.0380259411909883,0.1866235354746634,0.1866235354746634,0.7034541250337151,0.1157432222533206,1.6509339873618536,0.5585170476959124,1.58,8.17,False,12.0,2.25,9.75,False,
disturbance_pulse,serial,0.05,0.1,0.05,0.05,0.020171434387455216,0.04099942518647387,0.20082197435030902,0.20082197435030902,0.7568175784996648,0.13945303109033044,1.9135683824445506,0.5960347768761771,2.24,7.51,False,12.0,2.25,9.75,False,
disturbance_pulse,serial,0.1,0.2,0.1,0.1,0.03362733445730202,0.0529365457074962,0.2383021335105851,0.2383021335105851,0.8447995038262801,0.24686558911345408,3.141105387702634,0.684134808840027,3.66,6.09,False,12.0,2.25,9.75,False,
disturbance_pulse,serial,0.2,0.4,0.2,0.2,7.776183361098755,0.8049939627671521,2.484471113433889,2.484471113433889,8.331264362002193,49.14389970924552,60.50318721165201,5.0,,,False,12.0,2.25,9.75,False,
disturbance_pulse,serial,0.4,0.8,0.4,0.4,316.60455443498284,5.13650784770956,12.552633238620757,12.552633238620757,27.304506320430672,156.2850945251923,61.286806857776824,5.0,,,False,12.0,2.25,9.75,False,
disturbance_pulse,fixed_cadence,0.0,0.0,0.01,0.0,0.01539132274527621,0.03581354811761908,0.17461816366489705,0.17461816366489705,0.6541263519446068,0.09943097188415276,1.4571686592769326,0.5208033761216762,1.62,8.129999999999999,False,12.0,2.25,9.75,False,
disturbance_pulse,fixed_cadence,0.025,0.05,0.01,0.025,0.01671926150588861,0.03732655612506174,0.18296078646345942,0.18296078646345942,0.6887881865919036,0.11040451278586612,1.5899884114044451,0.5476171597833697,1.5899999999999999,8.16,False,12.0,2.25,9.75,False,
disturbance_pulse,fixed_cadence,0.05,0.1,0.01,0.05,0.018427960347184948,0.039187540906076415,0.19246820495756778,0.19246820495756778,0.7253198548247801,0.1245208180454281,1.7540329519894486,0.5749578257909604,2.2,7.55,False,12.0,2.25,9.75,False,
disturbance_pulse,fixed_cadence,0.1,0.2,0.01,0.09999999999999999,0.023796510257645734,0.0445313655917992,0.21479012952052565,0.21479012952052565,0.7969940051240809,0.16835834045817802,2.254538806766375,0.6309628647799677,2.26,7.49,False,12.0,2.25,9.75,False,
disturbance_pulse,fixed_cadence,0.2,0.4,0.01,0.19999999999999998,0.07062828369107081,0.07671825276679099,0.2651395405332004,0.2651395405332004,0.921509508518703,0.5357559499316931,6.400691293999682,0.7328852000586815,8.36,1.3900000000000006,False,12.0,2.25,9.75,False,
disturbance_pulse,fixed_cadence,0.4,0.8,0.01,0.39999999999999997,100.11798016364548,2.888453740955033,7.042903228595451,7.042903228595451,18.82673373549322,133.7400156516985,74.07649445308657,5.0,,,False,12.0,2.25,9.75,False,
