tau,noise_tau,alternative_matched_action_rms_percent_interaction_mean,alternative_matched_action_rms_percent_interaction_min,alternative_matched_action_rms_percent_interaction_max,alternative_matched_action_rms_percent_interaction_n,alternative_matched_action_rms_percent_interaction_valid_n,alternative_matched_harmful_to_helpful_mean,alternative_matched_harmful_to_helpful_min,alternative_matched_harmful_to_helpful_max,alternative_matched_harmful_to_helpful_n,alternative_matched_harmful_to_helpful_valid_n,alternative_matched_helpful_to_harmful_mean,alternative_matched_helpful_to_harmful_min,alternative_matched_helpful_to_harmful_max,alternative_matched_helpful_to_harmful_n,alternative_matched_helpful_to_harmful_valid_n,alternative_matched_high_effect_percent_mean,alternative_matched_high_effect_percent_min,alternative_matched_high_effect_percent_max,alternative_matched_high_effect_percent_n,alternative_matched_high_effect_percent_valid_n,alternative_matched_low_effect_percent_mean,alternative_matched_low_effect_percent_min,alternative_matched_low_effect_percent_max,alternative_matched_low_effect_percent_n,alternative_matched_low_effect_percent_valid_n,alternative_matched_minus_weak_position_rms_percent_interaction_mean,alternative_matched_minus_weak_position_rms_percent_interaction_min,alternative_matched_minus_weak_position_rms_percent_interaction_max,alternative_matched_minus_weak_position_rms_percent_interaction_n,alternative_matched_minus_weak_position_rms_percent_interaction_valid_n,alternative_matched_minus_weak_recovery_absolute_interaction_mean,alternative_matched_minus_weak_recovery_absolute_interaction_min,alternative_matched_minus_weak_recovery_absolute_interaction_max,alternative_matched_minus_weak_recovery_absolute_interaction_n,alternative_matched_minus_weak_recovery_absolute_interaction_valid_n,alternative_matched_minus_weak_recovery_percent_interaction_mean,alternative_matched_minus_weak_recovery_percent_interaction_min,alternative_matched_minus_weak_recovery_percent_interaction_max,alternative_matched_minus_weak_recovery_percent_interaction_n,alternative_matched_minus_weak_recovery_percent_interaction_valid_n,alternative_matched_position_rms_absolute_interaction_mean,alternative_matched_position_rms_absolute_interaction_min,alternative_matched_position_rms_absolute_interaction_max,alternative_matched_position_rms_absolute_interaction_n,alternative_matched_position_rms_absolute_interaction_valid_n,alternative_matched_position_rms_percent_interaction_mean,alternative_matched_position_rms_percent_interaction_min,alternative_matched_position_rms_percent_interaction_max,alternative_matched_position_rms_percent_interaction_n,alternative_matched_position_rms_percent_interaction_valid_n,alternative_matched_qualified_mean,alternative_matched_qualified_min,alternative_matched_qualified_max,alternative_matched_qualified_n,alternative_matched_qualified_valid_n,alternative_matched_recovery_absolute_interaction_mean,alternative_matched_recovery_absolute_interaction_min,alternative_matched_recovery_absolute_interaction_max,alternative_matched_recovery_absolute_interaction_n,alternative_matched_recovery_absolute_interaction_valid_n,alternative_matched_recovery_percent_interaction_mean,alternative_matched_recovery_percent_interaction_min,alternative_matched_recovery_percent_interaction_max,alternative_matched_recovery_percent_interaction_n,alternative_matched_recovery_percent_interaction_valid_n,gain_matched_action_rms_percent_interaction_mean,gain_matched_action_rms_percent_interaction_min,gain_matched_action_rms_percent_interaction_max,gain_matched_action_rms_percent_interaction_n,gain_matched_action_rms_percent_interaction_valid_n,gain_matched_harmful_to_helpful_mean,gain_matched_harmful_to_helpful_min,gain_matched_harmful_to_helpful_max,gain_matched_harmful_to_helpful_n,gain_matched_harmful_to_helpful_valid_n,gain_matched_helpful_to_harmful_mean,gain_matched_helpful_to_harmful_min,gain_matched_helpful_to_harmful_max,gain_matched_helpful_to_harmful_n,gain_matched_helpful_to_harmful_valid_n,gain_matched_high_effect_percent_mean,gain_matched_high_effect_percent_min,gain_matched_high_effect_percent_max,gain_matched_high_effect_percent_n,gain_matched_high_effect_percent_valid_n,gain_matched_low_effect_percent_mean,gain_matched_low_effect_percent_min,gain_matched_low_effect_percent_max,gain_matched_low_effect_percent_n,gain_matched_low_effect_percent_valid_n,gain_matched_minus_weak_position_rms_percent_interaction_mean,gain_matched_minus_weak_position_rms_percent_interaction_min,gain_matched_minus_weak_position_rms_percent_interaction_max,gain_matched_minus_weak_position_rms_percent_interaction_n,gain_matched_minus_weak_position_rms_percent_interaction_valid_n,gain_matched_minus_weak_recovery_absolute_interaction_mean,gain_matched_minus_weak_recovery_absolute_interaction_min,gain_matched_minus_weak_recovery_absolute_interaction_max,gain_matched_minus_weak_recovery_absolute_interaction_n,gain_matched_minus_weak_recovery_absolute_interaction_valid_n,gain_matched_minus_weak_recovery_percent_interaction_mean,gain_matched_minus_weak_recovery_percent_interaction_min,gain_matched_minus_weak_recovery_percent_interaction_max,gain_matched_minus_weak_recovery_percent_interaction_n,gain_matched_minus_weak_recovery_percent_interaction_valid_n,gain_matched_position_rms_absolute_interaction_mean,gain_matched_position_rms_absolute_interaction_min,gain_matched_position_rms_absolute_interaction_max,gain_matched_position_rms_absolute_interaction_n,gain_matched_position_rms_absolute_interaction_valid_n,gain_matched_position_rms_percent_interaction_mean,gain_matched_position_rms_percent_interaction_min,gain_matched_position_rms_percent_interaction_max,gain_matched_position_rms_percent_interaction_n,gain_matched_position_rms_percent_interaction_valid_n,gain_matched_qualified_mean,gain_matched_qualified_min,gain_matched_qualified_max,gain_matched_qualified_n,gain_matched_qualified_valid_n,gain_matched_recovery_absolute_interaction_mean,gain_matched_recovery_absolute_interaction_min,gain_matched_recovery_absolute_interaction_max,gain_matched_recovery_absolute_interaction_n,gain_matched_recovery_absolute_interaction_valid_n,gain_matched_recovery_percent_interaction_mean,gain_matched_recovery_percent_interaction_min,gain_matched_recovery_percent_interaction_max,gain_matched_recovery_percent_interaction_n,gain_matched_recovery_percent_interaction_valid_n,high_delay_mean,high_delay_min,high_delay_max,high_delay_n,high_delay_valid_n,joint_strong_action_rms_percent_interaction_mean,joint_strong_action_rms_percent_interaction_min,joint_strong_action_rms_percent_interaction_max,joint_strong_action_rms_percent_interaction_n,joint_strong_action_rms_percent_interaction_valid_n,joint_strong_harmful_to_helpful_mean,joint_strong_harmful_to_helpful_min,joint_strong_harmful_to_helpful_max,joint_strong_harmful_to_helpful_n,joint_strong_harmful_to_helpful_valid_n,joint_strong_helpful_to_harmful_mean,joint_strong_helpful_to_harmful_min,joint_strong_helpful_to_harmful_max,joint_strong_helpful_to_harmful_n,joint_strong_helpful_to_harmful_valid_n,joint_strong_high_effect_percent_mean,joint_strong_high_effect_percent_min,joint_strong_high_effect_percent_max,joint_strong_high_effect_percent_n,joint_strong_high_effect_percent_valid_n,joint_strong_low_effect_percent_mean,joint_strong_low_effect_percent_min,joint_strong_low_effect_percent_max,joint_strong_low_effect_percent_n,joint_strong_low_effect_percent_valid_n,joint_strong_position_rms_absolute_interaction_mean,joint_strong_position_rms_absolute_interaction_min,joint_strong_position_rms_absolute_interaction_max,joint_strong_position_rms_absolute_interaction_n,joint_strong_position_rms_absolute_interaction_valid_n,joint_strong_position_rms_percent_interaction_mean,joint_strong_position_rms_percent_interaction_min,joint_strong_position_rms_percent_interaction_max,joint_strong_position_rms_percent_interaction_n,joint_strong_position_rms_percent_interaction_valid_n,joint_strong_recovery_absolute_interaction_mean,joint_strong_recovery_absolute_interaction_min,joint_strong_recovery_absolute_interaction_max,joint_strong_recovery_absolute_interaction_n,joint_strong_recovery_absolute_interaction_valid_n,joint_strong_recovery_percent_interaction_mean,joint_strong_recovery_percent_interaction_min,joint_strong_recovery_percent_interaction_max,joint_strong_recovery_percent_interaction_n,joint_strong_recovery_percent_interaction_valid_n,joint_weak_action_rms_percent_interaction_mean,joint_weak_action_rms_percent_interaction_min,joint_weak_action_rms_percent_interaction_max,joint_weak_action_rms_percent_interaction_n,joint_weak_action_rms_percent_interaction_valid_n,joint_weak_harmful_to_helpful_mean,joint_weak_harmful_to_helpful_min,joint_weak_harmful_to_helpful_max,joint_weak_harmful_to_helpful_n,joint_weak_harmful_to_helpful_valid_n,joint_weak_helpful_to_harmful_mean,joint_weak_helpful_to_harmful_min,joint_weak_helpful_to_harmful_max,joint_weak_helpful_to_harmful_n,joint_weak_helpful_to_harmful_valid_n,joint_weak_high_effect_percent_mean,joint_weak_high_effect_percent_min,joint_weak_high_effect_percent_max,joint_weak_high_effect_percent_n,joint_weak_high_effect_percent_valid_n,joint_weak_low_effect_percent_mean,joint_weak_low_effect_percent_min,joint_weak_low_effect_percent_max,joint_weak_low_effect_percent_n,joint_weak_low_effect_percent_valid_n,joint_weak_position_rms_absolute_interaction_mean,joint_weak_position_rms_absolute_interaction_min,joint_weak_position_rms_absolute_interaction_max,joint_weak_position_rms_absolute_interaction_n,joint_weak_position_rms_absolute_interaction_valid_n,joint_weak_position_rms_percent_interaction_mean,joint_weak_position_rms_percent_interaction_min,joint_weak_position_rms_percent_interaction_max,joint_weak_position_rms_percent_interaction_n,joint_weak_position_rms_percent_interaction_valid_n,joint_weak_recovery_absolute_interaction_mean,joint_weak_recovery_absolute_interaction_min,joint_weak_recovery_absolute_interaction_max,joint_weak_recovery_absolute_interaction_n,joint_weak_recovery_absolute_interaction_valid_n,joint_weak_recovery_percent_interaction_mean,joint_weak_recovery_percent_interaction_min,joint_weak_recovery_percent_interaction_max,joint_weak_recovery_percent_interaction_n,joint_weak_recovery_percent_interaction_valid_n,low_delay_mean,low_delay_min,low_delay_max,low_delay_n,low_delay_valid_n
0.05,0.01,1.1140855039988855,0.12083114985819154,2.7388273816796094,3,3,0.0,0.0,0.0,3,3,0.3333333333333333,0.0,1.0,3,3,-10.817295766060106,-31.72407482468068,5.106293235666515,3,3,-0.6879179362791735,-1.3078028519433293,-0.10356974304329691,3,3,2.0092194520492597,-4.503042081607256,8.521480985705775,2,2,-0.12639939781994686,-0.1947160658532346,-0.0580827297866591,2,2,-7.361896694030533,-10.799501353537808,-3.9242920345232584,2,2,0.007628514087726575,-0.026351821917029755,0.024648306003640597,3,3,-5.129789675685466,-16.934924247478,6.305704854552773,3,3,0.6666666666666666,0.0,1.0,3,3,-0.1716957503236581,-0.5341079343402519,0.07572683514594286,3,3,-10.12937782978093,-31.620505081637383,6.414096087609844,3,3,-1.696057319669797,-2.758747830398911,-0.9677762894593211,3,3,0.3333333333333333,0.0,1.0,3,3,0.0,0.0,0.0,3,3,0.9829207302194313,-1.1392172208988027,3.640181508791751,3,3,2.822958628264175,2.032635569118413,3.5360518626788684,3,3,4.646362839900142,0.3697485454580818,10.64354644767298,3,3,0.17042455888673003,-0.002825213422452233,0.39412506156306487,3,3,8.794621339718304,-1.194958089437903,20.925133374212457,3,3,0.01879865158820124,0.008018867475093519,0.0318021489505138,3,3,-1.46955471997543,-1.8460275856949204,-0.7743008560336051,3,3,1.0,1.0,1.0,3,3,0.011191184877434998,-0.019711003031284174,0.05473319307604757,3,3,-1.840037898044744,-3.1718527900172155,0.10412964611288267,3,3,0.10000000000000002,0.1,0.1,3,3,0.6925605428780401,0.3565005667214294,0.8959607851697471,3,3,0.0,0.0,0.0,3,3,0.6666666666666666,0.0,1.0,3,3,7.592716360028343,-1.4250969935710844,14.599424782772363,3,3,-1.7518231803325381,-2.789627727326205,-0.5803797520306797,3,3,0.0027461676161953997,0.0011978680918490053,0.005659869222360489,3,3,2.079975960052416,1.5892496437954096,3.0085885720404604,3,3,0.1267064862653557,-0.010338295704143435,0.25107240571581896,3,3,9.344539540360882,0.46036506806964583,17.38905251009857,3,3,-0.49250862803970435,-0.8405851160224409,-0.18207131334803117,3,3,0.6666666666666666,0.0,1.0,3,3,0.0,0.0,0.0,3,3,-9.747788446784723,-20.06827496137126,0.4974687680121548,3,3,0.8868707909783261,0.15298237740251075,1.754901228804151,3,3,-0.0042512581576304165,-0.006663328201883225,-0.0016690498702006985,3,3,-6.115917559875572,-12.431882165870745,-2.215776131153002,3,3,-0.15923337400929505,-0.3393918684870173,0.0013765780099938285,3,3,-10.634659237763048,-20.821003728099576,-1.2574324607919962,3,3,0.0,0.0,0.0,3,3
0.05,0.05,-0.12765023450339616,-0.5081332572983719,0.42303024310414994,3,3,0.0,0.0,0.0,3,3,0.3333333333333333,0.0,1.0,3,3,3.050371950098737,-17.196706138452132,30.463944256709198,3,3,-1.9198527334127895,-4.1884633227747265,-0.2839247876118556,3,3,-0.28836030999553897,-0.28836030999553897,-0.28836030999553897,1,1,-0.004930565270720555,-0.004930565270720555,-0.004930565270720555,1,1,0.3505244080256986,0.3505244080256986,0.3505244080256986,1,1,-0.004738063480938713,-0.029200082193018236,0.026155554583709113,3,3,2.6315610704465677,-3.71543701349597,9.38949552893421,3,3,0.3333333333333333,0.0,1.0,3,3,-0.003599606763874469,-0.22455636801730403,0.25639620523409257,3,3,4.970224683511526,-13.008242815677406,31.751114346560982,3,3,-1.4505340274875824,-2.655926710164703,-0.7444127612706186,3,3,0.6666666666666666,0.0,1.0,3,3,0.0,0.0,0.0,3,3,-3.342082002985632,-11.227771290841703,2.171801952717445,3,3,2.6622655345548343,1.3036533472149836,3.9085447861502587,3,3,4.853044502385366,-1.0210464659464624,11.795463385918259,3,3,-0.012628249787032836,-0.054699541156610826,0.025351643754785935,3,3,-2.3630459374034483,-5.826888642348937,1.9087918703270756,3,3,0.018019394012787408,0.007671317185737728,0.036209822374759476,3,3,-0.25737761104297086,-0.6181533321029553,0.357639883683869,3,3,1.0,1.0,1.0,3,3,-0.029859621580384094,-0.09928997819443511,0.02206756193618828,3,3,-6.004347537540467,-14.002369761140965,-1.7367428334328139,3,3,0.10000000000000002,0.1,0.1,3,3,0.47138235700423153,-0.014478255286065611,1.0555290132495565,3,3,0.0,0.0,0.0,3,3,0.6666666666666666,0.0,1.0,3,3,-1.0179213986436288,-13.819069539122864,5.967970790640509,3,3,-2.1837579570182437,-3.4726794985916354,-1.1027335824009166,3,3,0.0011222158460644019,0.0002003541697772268,0.0018678249966960422,3,3,1.3825411744020781,-1.595811685632209,5.4004994287006225,3,3,-0.024774929969198906,-0.1802518521150448,0.053820275549125746,3,3,1.1658365583746146,-10.34639004053123,7.943831580702687,3,3,-0.28622632683962257,-0.7494444705472336,0.13774848148011554,3,3,0.6666666666666666,0.0,1.0,3,3,0.0,0.0,0.0,3,3,-1.834386244010348,-4.412654355017365,2.3978189803713024,3,3,1.8069153561266704,0.6943985309897149,3.7628267637746626,3,3,-0.0024617780834788167,-0.004353717778359675,-0.0006869613128980614,3,3,-5.110422113428336,-12.307082770628085,0.4028931338435071,3,3,-0.01723137179335126,-0.04459043703782428,0.030604413895461896,3,3,-3.641301600137019,-8.175481118792028,1.4342982067556687,3,3,0.0,0.0,0.0,3,3
0.05,0.2,-0.05194203513882275,-1.6811749031193761,1.6204598102356305,3,3,0.3333333333333333,0.0,1.0,3,3,0.3333333333333333,0.0,1.0,3,3,-12.595877164244973,-28.45051431604132,9.274283855911003,3,3,-0.23071198735409304,-1.5406948626249806,1.868012788994755,3,3,-3.254107830441283,-4.65839264666883,-1.8498230142137362,2,2,-0.21482953512460645,-0.4764805816149491,0.0468215113657362,2,2,-8.6153712903158,-24.261053037560124,7.0303104569285235,2,2,-0.013125540589761503,-0.01894812389714874,-0.004912442933604849,3,3,-1.2851561277825716,-6.961880104026685,5.860487773803014,3,3,0.6666666666666666,0.0,1.0,3,3,-0.26872048611965343,-0.5682841246253763,0.08183362961222221,3,3,-12.365165176890878,-30.318527105036075,10.814978718535983,3,3,-2.5229619212616465,-4.595806426128448,-1.1589613117522601,3,3,0.3333333333333333,0.0,1.0,3,3,0.0,0.0,0.0,3,3,2.7497912499520645,-0.20579068874757578,7.4576575979393045,3,3,3.9195486644854576,2.644432209027836,6.003451272562121,3,3,3.799640358185281,0.21892281215618592,8.551954185144215,3,3,0.1629637314920671,0.02220145641460794,0.3592695033334275,3,3,7.404680099121339,0.5622268244654283,17.241264773786003,3,3,0.018849576659922068,0.00655753381933042,0.03499320594528135,3,3,-1.1167250335845764,-2.9894014938971942,0.3245566198975869,3,3,1.0,1.0,1.0,3,3,0.019651415257016663,-0.013876020607782646,0.05721357466109395,3,3,-1.1697574145333938,-6.209241961309697,4.346895086072888,3,3,0.10000000000000002,0.1,0.1,3,3,1.0172189946514993,0.6835169681508768,1.578370165560239,3,3,0.0,0.0,0.0,3,3,0.3333333333333333,0.0,1.0,3,3,9.48909547873684,-3.653811381065053,32.36860478910988,3,3,-1.875881270917538,-2.3553750398679463,-1.248473482854351,3,3,0.0017499830243895519,4.7398538571941096e-05,0.0043371886098651224,3,3,3.115060148978159,0.8018515501070245,7.480761529503366,3,3,0.16480353644432685,-0.07061688878458619,0.5631331949021054,3,3,11.364976749654376,-2.405337898210702,34.723979828977825,3,3,-0.78146421419694,-1.1927542238666544,-0.5657171128921723,3,3,0.6666666666666666,0.0,1.0,3,3,0.0,0.0,0.0,3,3,-7.223821672544552,-21.399400316193386,4.223130857338098,3,3,1.350615841110181,0.4384625957306376,2.0511064189023154,3,3,-0.0019127453085367267,-0.0045651925398309395,-0.0002063242854032435,3,3,-4.916365391769857,-11.54135567904141,-0.9042530389103076,3,3,-0.14331231623505045,-0.37314552394121014,0.03501211824648601,3,3,-8.57443751365473,-23.4505067350957,3.78466826160746,3,3,0.0,0.0,0.0,3,3
0.05,1.0,1.8833705060960677,-0.35382774216443647,5.2661936376163565,3,3,0.3333333333333333,0.0,1.0,3,3,0.6666666666666666,0.0,1.0,3,3,4.467582826406144,-3.794123184466125,15.198507946650498,3,3,-1.1839735488506549,-2.119730697898381,0.6325902535291972,3,3,0.18709486087848948,0.18709486087848948,0.18709486087848948,1,1,-0.09599581555408113,-0.09599581555408113,-0.09599581555408113,1,1,-3.887190049120981,-3.887190049120981,-3.887190049120981,1,1,-0.0018139660616176684,-0.014500138201694688,0.01872334271747672,3,3,-5.811039730540679,-12.078281261557123,-0.5267855429291535,3,3,0.3333333333333333,0.0,1.0,3,3,0.07986601856259155,-0.028210191978541216,0.2217787439537855,3,3,5.651556375256798,-4.426713437995322,17.318238644548877,3,3,-4.249149151228722,-8.049533622663052,-1.5225812872166067,3,3,0.3333333333333333,0.0,1.0,3,3,0.0,0.0,0.0,3,3,-0.18702982606987698,-2.7049580508856197,1.8615215745522606,3,3,5.268746995377227,4.524504154814202,6.396688657124061,3,3,1.8568847528414556,-0.4648258175409925,4.645355289661591,3,3,-0.05267630369664169,-0.3013047547433269,0.1683003388866528,3,3,-8.358108840930523,-25.740595776241662,5.524781986153105,3,3,0.02275728077676498,0.008014084830656444,0.038651984475053795,3,3,-2.828382444867568,-7.620020832774021,0.42378506339817434,3,3,1.0,1.0,1.0,3,3,-0.018788293128216598,-0.06509525616848011,0.016469804764539714,3,3,-5.455776821447103,-7.2294622056998215,-4.5351670825718005,3,3,0.10000000000000002,0.1,0.1,3,3,1.6606032208271468,0.9443723796930259,2.1597634995696335,3,3,0.0,0.0,0.0,3,3,0.3333333333333333,0.0,1.0,3,3,-1.969983627257821,-13.273747776666534,8.09805955102596,3,3,-2.535837747979719,-2.996932701385391,-1.8016008359123648,3,3,0.0013230036512300442,-0.0006324058754816619,0.0031762367434070675,3,3,3.161845212660367,0.9438161813283941,7.095884344704773,3,3,-0.0031688997795053984,-0.18620537452983266,0.17593550817301734,3,3,0.5658541207218981,-10.464768070025134,9.899660386938326,3,3,-1.3662653519062928,-1.7917034083867467,-0.9691080612799441,3,3,0.3333333333333333,0.0,1.0,3,3,0.0,0.0,0.0,3,3,4.913930754768326,-10.773786561938625,22.23143718885241,3,3,2.0115987352849065,1.026008495182551,3.0283300807578684,3,3,-0.0019238620159669807,-0.003316005594004627,0.0007667234691262279,3,3,-4.685267197709024,-12.265376122435612,-0.8240857476858654,3,3,0.03388801056842508,-0.2333955950551329,0.3177745595078666,3,3,2.9023320194834183,-12.754244191852926,21.20542869366986,3,3,0.0,0.0,0.0,3,3
0.1,0.01,-32.948071532946486,-111.50212366156639,13.474072797768455,3,3,0.3333333333333333,0.0,1.0,3,3,0.0,0.0,0.0,3,3,-0.6420508025003452,-24.945980206525864,28.552508603118774,3,3,9.36146956326502,-0.20300788741410836,15.68878551767099,3,3,-10.029583379402062,-10.029583379402062,-10.029583379402062,1,1,-0.29013824486882045,-0.29013824486882045,-0.29013824486882045,1,1,-21.361438530033105,-21.361438530033105,-21.361438530033105,1,1,-0.011754197392732724,-0.01980788685962902,-0.00037219255253319924,3,3,-14.702061578273813,-23.795891829796986,-5.599600310357989,3,3,0.3333333333333333,0.0,1.0,3,3,-0.04231382117308726,-0.39886081805938406,0.3365528571673169,3,3,-10.003520365765365,-24.742972319111754,12.863723085447784,3,3,-65.33079943613467,-115.25961927694833,-34.780049966892165,3,3,0.3333333333333333,0.0,1.0,3,3,0.0,0.0,0.0,3,3,-12.598437501402339,-15.545789250638887,-8.087980839405395,3,3,-3.60630595045354,-6.791664172236134,0.3407290717682976,3,3,6.5540286837470925,3.1306676381511522,11.31790044004175,3,3,-0.015507605030897787,-0.11673798088617363,0.11397467869783783,3,3,-1.136522511766529,-6.412025874191297,8.387697659076041,3,3,0.010114345828824015,0.0055086775245727065,0.013789711472211884,3,3,10.222683988946395,7.560650707195227,15.15164530308769,3,3,1.0,1.0,1.0,3,3,-0.1665860937771998,-0.22546055407673726,-0.09064316929302946,3,3,-8.992131550948796,-9.793559663269946,-8.428709911173693,3,3,0.10000000000000002,0.1,0.1,3,3,17.39532843496684,10.0491753994461,27.943644700903782,3,3,0.0,0.0,0.0,3,3,0.0,0.0,0.0,3,3,22.79146693884522,10.422470508642023,39.98307063135582,3,3,5.231032109853628,2.4672628256690032,9.215319353102558,3,3,-0.005395711866119025,-0.008650253402545424,-0.0010286775476152574,3,3,-5.266242469509567,-11.048861446603231,0.8671659491331307,3,3,0.29230515224991427,0.11618847162930691,0.4743028787952876,3,3,17.56043482899159,7.95520768297302,30.767751278253265,3,3,-33.787676621420395,-48.85266644884534,-21.915599344304535,3,3,0.0,0.0,0.0,3,3,0.0,0.0,0.0,3,3,-12.063602810686014,-25.133566346360546,-4.2088333780541,3,3,-4.2079937715037445,-7.991743608881752,-1.1653627870647387,3,3,0.004709882816334416,0.0003577766215801786,0.00808620452570493,3,3,3.6686553051993016,-3.3621444834854852,9.938127330039315,3,3,-0.151078488746302,-0.2976292366596705,-0.04688365638867188,3,3,-7.855609039182268,-17.141822737478794,-3.0434705909893616,3,3,0.0,0.0,0.0,3,3
0.1,0.05,-15.129581705264934,-48.89956319631299,4.739463488263461,3,3,0.0,0.0,0.0,3,3,0.6666666666666666,0.0,1.0,3,3,22.486451318743292,3.2969605989338957,52.47811726033882,3,3,0.6881048554885248,-12.308595648870446,17.091982210914946,3,3,,,,0,0,,,,0,0,,,,0,0,0.002736857793838185,-0.021205960879478007,0.02288853613238319,3,3,-0.10031421467877995,-25.728869461507042,16.514874443154337,3,3,0.0,0.0,0.0,3,3,0.22022893252985118,0.0961556656912078,0.37832631953313617,3,3,21.798346463254774,-5.407706113957776,64.78671290920927,3,3,-94.32511391044754,-200.64268648967513,-16.068557239684992,3,3,0.3333333333333333,0.0,1.0,3,3,0.0,0.0,0.0,3,3,-12.860471032154303,-16.675347805207853,-5.380531356313267,3,3,-3.888819142846966,-8.679700972455084,3.6878704247954808,3,3,6.141234767037514,4.9064566709777875,7.898112427180526,3,3,-0.021141035796872373,-0.08642186740231664,0.02219844110353328,3,3,-3.017231895415732,-5.96810763742951,1.8287541695201641,3,3,0.012567807973662443,0.0055220076474999606,0.016496048202366692,3,3,11.478325057858308,5.397081315912944,16.071799657856833,3,3,1.0,1.0,1.0,3,3,-0.26264523776158083,-0.48188051296173706,-0.03928574923136502,3,3,-8.971651889307338,-10.000720924326558,-7.8458329624867105,3,3,0.10000000000000002,0.1,0.1,3,3,17.95830248796296,2.8292240926741536,42.09612410160382,3,3,0.0,0.0,0.0,3,3,0.0,0.0,0.0,3,3,14.682941019890007,12.95935250824134,16.295895376611025,3,3,7.111683352324024,4.976959094376188,10.583450755949286,3,3,-0.005284154480066905,-0.009174600083211356,0.0007373129202383338,3,3,-6.33255465935716,-11.056623655659227,1.2140340928899929,3,3,0.2670186914595544,0.09178672284447788,0.47107833782214276,3,3,7.571257667565983,4.210124418868366,10.521255169964427,3,3,-34.71916350199891,-49.8644520055559,-6.834141074665133,3,3,0.0,0.0,0.0,3,3,0.0,0.0,0.0,3,3,-11.430738230658465,-17.433147176022025,-5.640044002857147,3,3,-5.47631823676686,-9.341298188039026,-1.48398444008625,3,3,0.004559242962364099,-0.0008810963353374831,0.007716967696834519,3,3,5.337090290820793,-2.501031111267582,10.452664454902605,3,3,-0.24150420196470845,-0.5040789540652704,-0.04008606813953126,3,3,-5.954419993891606,-11.829475093846721,-1.8777253250572006,3,3,0.0,0.0,0.0,3,3
0.1,0.2,-21.73858802731483,-51.33011079498897,1.0499555914194048,3,3,0.0,0.0,0.0,3,3,0.0,0.0,0.0,3,3,416.2774182334512,-36.569852836852945,1286.8670006349855,3,3,1.8949017395905965,-4.374088435396617,10.313567020534297,3,3,6.6407485394990475,1.7910339201738896,11.490463158824205,2,2,1.3301386623210598,-0.09537337302791793,2.7556506976700375,2,2,15.77351929779513,-11.54204850330611,43.08908709889637,2,2,0.004931116690767817,-0.00835387832108397,0.014010597844995277,3,3,2.461809779617733,-12.218212821346775,11.60697370055509,3,3,0.6666666666666666,0.0,1.0,3,3,4.76758537565849,-0.280852384413772,14.673137419735578,3,3,414.3825164938606,-36.315079470487056,1276.5534336144513,3,3,-61.146739943639545,-147.14741928493788,0.08972605530930267,3,3,0.0,0.0,0.0,3,3,0.0,0.0,0.0,3,3,-21.430378832119086,-24.64867618047143,-19.602609177117326,3,3,-5.63055237835534,-9.224071158554526,-0.738314743827817,3,3,6.370797324854345,4.224234170895902,7.6627596571781424,3,3,0.4362596830928196,-0.04688326727974594,1.3239627451038962,3,3,7.83588949825393,-4.424312890969507,22.46048681349103,3,3,0.012164347249684728,0.0037670180122916126,0.016558260176753756,3,3,11.879406168220443,4.168964957998822,17.42907959538541,3,3,1.0,1.0,1.0,3,3,-0.6321423260602229,-1.5212168609124794,-0.15377943993154558,3,3,-15.799826453763744,-19.301536394940676,-10.3785380185628,3,3,0.10000000000000002,0.1,0.1,3,3,17.084737082020897,-2.090287570570515,52.31582216873537,3,3,0.0,0.0,0.0,3,3,0.0,0.0,0.0,3,3,40.648843890278364,19.660449483232355,75.58902742778608,3,3,6.031080226548525,1.9062140367416713,10.241869387878278,3,3,-0.006355189789970625,-0.01037164298709031,-0.0008225186933528625,3,3,-7.137624727808286,-10.579798131876183,-0.4192606431385193,3,3,1.6983240695823083,0.2046730284331265,4.66844266057863,3,3,34.61776366372984,9.418580095354077,69.64387017276046,3,3,-20.99230385313548,-43.199659573140465,0.3471340568545145,3,3,0.3333333333333333,0.0,1.0,3,3,0.0,0.0,0.0,3,3,-28.56769670814195,-46.07584319938167,-15.497943244549294,3,3,-4.931980756124273,-9.543718116956,0.6437272866860688,3,3,0.005489563643064771,-0.0006055299890165081,0.009586625675170879,3,3,5.5086088433661,-3.49379469917932,10.203681448896418,3,3,-1.0684020091530424,-2.8451796060163757,-0.1745474100568977,3,3,-23.635715952017673,-40.17989176127879,-5.954225127593293,3,3,0.0,0.0,0.0,3,3
0.1,1.0,-16.645980046596303,-52.80512384546976,8.761053876375179,3,3,0.3333333333333333,0.0,1.0,3,3,0.3333333333333333,0.0,1.0,3,3,-8.272235273625904,-27.084790204056763,21.723158521283526,3,3,0.9101608927938099,-3.782998705385898,7.554129939317811,3,3,4.255992921561003,0.6503052911791318,7.861680551942874,2,2,0.2240324692973002,0.00994048523376971,0.43812445336083067,2,2,20.286605564283732,-3.476895483021968,44.050106611589435,2,2,0.0014635696613930008,-0.012899385454324695,0.009801236884873587,3,3,1.310456748603599,-11.569012697096692,10.9467626972655,3,3,0.6666666666666666,0.0,1.0,3,3,-0.8718985705478189,-2.2277600860161852,0.2423359656378356,3,3,-9.182396166419716,-27.00920407742229,25.506157226669423,3,3,-9.256085615954108,-41.72306662840072,8.090895691968436,3,3,0.0,0.0,0.0,3,3,0.0,0.0,0.0,3,3,-21.64283415348791,-27.915361065229938,-17.637888606021225,3,3,-5.255417666596096,-7.529355219145051,-2.1424220161067598,3,3,5.442863029448581,2.469433193685321,6.941968374211727,3,3,0.20535617187769195,-0.15292831593222245,0.7881749566361235,3,3,2.619240162048794,-4.477231449667372,11.023833323999565,3,3,0.01082715871497014,0.0036182684105387237,0.014544881482358355,3,3,10.45615249396113,3.6091272141478115,14.993439667963893,3,3,1.0,1.0,1.0,3,3,-0.8547958172676652,-1.4495256146138316,-0.21496661279382023,3,3,-16.38741648689182,-20.386005846084885,-11.543412841484747,3,3,0.10000000000000002,0.1,0.1,3,3,15.925607228114645,-4.482272395194165,55.52006187082511,3,3,0.0,0.0,0.0,3,3,0.0,0.0,0.0,3,3,27.57705655410365,15.662963762577187,42.58734402424129,3,3,5.150039234039583,3.1991442632834044,7.561471532095854,3,3,-0.006917779866689011,-0.01061672942994136,-0.0012851092218476457,3,3,-6.5424895771244485,-10.445586711078969,0.002368962046150891,3,3,1.186677127770206,0.17346608969891336,2.0127431589861695,3,3,22.427017320064067,12.463819499293782,35.02587249214544,3,3,-21.683376985128067,-69.8128799919689,3.1371034891196192,3,3,0.3333333333333333,0.0,1.0,3,3,0.0,0.0,0.0,3,3,-22.66184122442353,-27.215463234416326,-17.590972184158726,3,3,-3.6551845754829206,-7.2703138582780324,0.9529772007612847,3,3,0.00594930197709445,-0.0001252910739971639,0.010443598640881045,3,3,5.013289464512549,-3.308060306300886,10.296457406086368,3,3,-1.060151989145357,-2.237700571249955,-0.19578848772299504,3,3,-19.006656648940613,-22.567246165484313,-15.908774396417513,3,3,0.0,0.0,0.0,3,3
0.2,0.01,-6.5155037365980375,-15.07847831736101,-0.8439632980590028,3,3,0.6666666666666666,0.0,1.0,3,3,0.0,0.0,0.0,3,3,-7.973345919196565,-18.591671082485806,3.151654549047045,3,3,9.999836510402563,5.511235475529341,13.795837594463013,3,3,,,,0,0,,,,0,0,,,,0,0,-0.0003223843978380872,-0.0010300637889265728,5.4165040503125275e-05,3,3,-4.889449852575216,-18.94999692659586,3.1487278875063414,3,3,0.0,0.0,0.0,3,3,-0.003607109307828048,-0.007611436514324721,0.0004949805052469388,3,3,-17.97318242959913,-29.284107543701143,-2.3595809264822964,3,3,5.0608559514078095,2.076245383753772,8.158981271906839,3,3,0.0,0.0,0.0,3,3,0.3333333333333333,0.0,1.0,3,3,0.9064929775690104,-0.9044269604754462,4.051653552765955,3,3,-9.174808504817848,-11.924249747593596,-4.522341922391016,3,3,-3.6770460210191036,-13.756941185631065,4.132406192084858,3,3,-0.0029382023572665935,-0.007562769209970023,-0.0003288228350725375,3,3,-8.610687439812695,-20.79027959072217,-1.1791158801632613,3,3,-4.207277476724044e-05,-7.501662414035031e-05,4.467668931992883e-06,3,3,-0.7120661198677455,-1.4820247790627405,0.41084199347389827,3,3,1.0,1.0,1.0,3,3,0.0011479755189224058,9.520762100452898e-05,0.0025398325791280343,3,3,10.081301482386857,3.6179149619155697,15.975903300359551,3,3,0.10000000000000002,0.1,0.1,3,3,-6.0223244010296595,-12.478817929580543,-2.3205988924318905,3,3,0.6666666666666666,0.0,1.0,3,3,0.0,0.0,0.0,3,3,-3.4061697773097457,-10.981724039905316,1.506266856660532,3,3,9.452840356011246,5.38427301632467,11.589393658361091,3,3,-0.00013925937499335386,-0.0004899088253211437,4.907844333582566e-05,3,3,-2.2852544275151296,-8.962185193666471,1.6895441430096914,3,3,-0.0020489011778286915,-0.0049614447127756915,-0.0005293492083940504,3,3,-12.859010133320991,-22.36657843325329,-6.127325165009124,3,3,8.395716437930142,3.1549361482823723,18.442750168370626,3,3,0.0,0.0,0.0,3,3,1.0,1.0,1.0,3,3,9.317399514590887,0.6391861976404067,25.405868247735384,3,3,-9.374589407608665,-11.360314643346337,-5.57343771207135,3,3,0.00018812854619249943,-0.0001238449691416412,0.0006953112255489516,3,3,2.964979901151358,-3.7215641986109604,12.691925611616671,3,3,0.004086177876188999,0.001018222647761747,0.010102601789098057,3,3,18.691988922199553,7.480581810468223,36.76618289108172,3,3,0.0,0.0,0.0,3,3
0.2,0.05,-3.8555505897575433,-6.795550567081721,1.7607752981882219,3,3,0.6666666666666666,0.0,1.0,3,3,0.0,0.0,0.0,3,3,-3.0722149434398767,-14.340005832591185,16.77968648901258,3,3,9.29434642176794,6.934649633068979,11.105157190073855,3,3,,,,0,0,,,,0,0,,,,0,0,-0.00037784247377401517,-0.001063038973545781,0.0007647565771751229,3,3,-4.48104002823045,-10.351142925239497,6.412360024611763,3,3,0.0,0.0,0.0,3,3,-0.0018719033673373295,-0.005752754580507386,0.004480670757574514,3,3,-12.36656136520782,-25.445163022665042,9.8450368559436,3,3,5.590028691172673,3.6395251503564596,8.616483870234614,3,3,0.0,0.0,0.0,3,3,0.3333333333333333,0.0,1.0,3,3,0.34028434492489046,-1.6781038337591037,3.6256360222648665,3,3,-9.850879278349074,-12.972220680786684,-6.493293715205873,3,3,-4.736526685895334,-10.339915283543899,0.6749347275490925,3,3,-0.0029037528098352985,-0.005851559752311546,-0.0001974919743329565,3,3,-9.051596676360225,-17.026524087133897,-0.6840909628995968,3,3,8.212719366479324e-05,-6.359178621856768e-05,0.00018241453207856403,3,3,1.831602011944411,-0.3097882895029547,3.4805865392405044,3,3,1.0,1.0,1.0,3,3,0.000986312460912628,1.350733145823093e-05,0.0023690597103598193,3,3,10.191163623273965,4.815189881446769,16.59785670305155,3,3,0.10000000000000002,0.1,0.1,3,3,-6.153151190377418,-9.819888353790363,-4.040848697048138,3,3,0.6666666666666666,0.0,1.0,3,3,0.0,0.0,0.0,3,3,-3.4857902265665133,-8.318163292058145,2.1144193698748426,3,3,9.873843595384827,7.440186527500892,11.69296041660659,3,3,-0.0004380620751340345,-0.0008120861150988038,-0.00017848541779573717,3,3,-5.290084395144312,-8.650963922034915,-3.554512355753381,3,3,-0.001976749191351626,-0.003809473253148874,-0.00025284258643611807,3,3,-13.35963382195134,-20.011123708664734,-8.373964472172158,3,3,8.360230079009147,4.2205538145068555,15.468946654912786,3,3,0.0,0.0,0.0,3,3,0.6666666666666666,0.0,1.0,3,3,9.407545228947004,-0.2816371139244933,21.51119570379496,3,3,-9.835215070687186,-12.113185086390487,-7.266287763523405,3,3,0.000585210807039741,0.00011051224570337095,0.001249027593096615,3,3,6.568128697839744,2.805651811691412,12.663923069639582,3,3,0.003890065270747927,0.0007738623152527902,0.008220619462671365,3,3,19.24276029963419,9.844535248223174,33.62438079018545,3,3,0.0,0.0,0.0,3,3
0.2,0.2,-0.6731129860463826,-11.01998525040666,9.534862487835706,3,3,0.3333333333333333,0.0,1.0,3,3,0.3333333333333333,0.0,1.0,3,3,10.869852146591667,-3.0414943004173467,30.640810955120124,3,3,7.2070718957189355,-6.0153717218488945,21.7740095757756,3,3,8.993286840119886,8.993286840119886,8.993286840119886,1,1,0.008986426148230576,0.008986426148230576,0.008986426148230576,1,1,22.871253090248267,22.871253090248267,22.871253090248267,1,1,0.0003138363749816949,-0.0006383724527233639,0.0013334248375193565,3,3,1.6948716563626178,-8.00325300777398,11.59232172860647,3,3,0.3333333333333333,0.0,1.0,3,3,0.0030692997534503795,-0.0033898270349884095,0.01113513072589586,3,3,3.6627802508727307,-24.81550387619295,36.65618267696902,3,3,6.649009411496865,3.367907884196031,12.099375559530335,3,3,0.0,0.0,0.0,3,3,1.0,1.0,1.0,3,3,11.81491901022423,0.7740843552850096,31.430277368156357,3,3,-10.153890883593634,-14.77388095470642,-5.732481125924338,3,3,-5.423153276812305,-11.618547394294888,0.6521505183261227,3,3,-0.008390764240756772,-0.01738024008166049,-0.00017058383061352954,3,3,-19.154435712088134,-36.53407275420338,-0.5892237093392803,3,3,0.00022178799228210767,-7.098951474414882e-05,0.0005919668052155255,3,3,2.8852556167805354,-0.1773159756442766,5.581897419173176,3,3,1.0,1.0,1.0,3,3,0.006231893773771836,0.0007686644544298033,0.01594889611983395,3,3,21.968809893817866,6.506565481209347,46.20415832286278,3,3,0.10000000000000002,0.1,0.1,3,3,-7.386567378879637,-12.989600471933914,-4.051056603581982,3,3,1.0,1.0,1.0,3,3,0.0,0.0,0.0,3,3,-10.253024538751584,-19.358038074552052,-0.155631785321797,3,3,10.17020337517433,6.653365044312731,13.425005233623533,3,3,-0.0006356706880599998,-0.0013073853298514685,-0.00014495634611000514,3,3,-6.042599384687857,-11.061425064167874,-3.034039533852484,3,3,-0.00535603763681526,-0.010215594055707978,-0.000950082623508517,3,3,-20.42322791392591,-32.783043308175586,-10.587871632908518,3,3,10.530542068410517,4.125480896134492,21.351126716484092,3,3,0.0,0.0,0.0,3,3,1.0,1.0,1.0,3,3,30.997466271058915,3.7006749351343515,69.03411587106841,3,3,-10.125779334847076,-13.704115205997747,-6.588968146957086,3,3,0.0009506180026156748,9.755494605849166e-05,0.002157453321974088,3,3,8.30840889359284,2.599034888486584,17.200444813468064,3,3,0.01462265801452861,0.002148704577665285,0.033329136201494435,3,3,41.123245605906,13.78492958672075,82.73823107706616,3,3,0.0,0.0,0.0,3,3
0.2,1.0,10.703768121062524,-9.941763177547324,30.362447248857592,3,3,0.3333333333333333,0.0,1.0,3,3,0.3333333333333333,0.0,1.0,3,3,28.721435881340756,-28.58007895448673,80.47074048687881,3,3,0.23814797041472602,-4.889939072060745,3.9041146763392653,3,3,14.23744202124936,14.23744202124936,14.23744202124936,1,1,0.026147257380019787,0.026147257380019787,0.026147257380019787,1,1,22.558460538316258,22.558460538316258,22.558460538316258,1,1,0.0012301766446315508,-0.0009447441225901611,0.003600380547781709,3,3,10.028104184618536,-9.82674610165698,29.738193681623805,3,3,0.3333333333333333,0.0,1.0,3,3,0.025922966329618453,-0.018578664678319375,0.07251084359488989,3,3,28.483287910926034,-32.484193630826,85.36067955893955,3,3,12.007164259743698,2.7958074746817108,20.550045246174584,3,3,0.0,0.0,0.0,3,3,1.0,1.0,1.0,3,3,41.07358311580232,10.581269191867282,62.298565723115786,3,3,-10.063079434875455,-14.372003796404066,-3.509166431549726,3,3,-3.4351092903050646,-9.155335990692027,0.47700302326789545,3,3,-0.009828458024946559,-0.022002906825200137,-4.345432637971672e-05,3,3,-14.401328776614468,-32.12544631827559,-0.15323651152682416,3,3,0.0006735487201288944,-1.8916201571862398e-05,0.0017075095975138668,3,3,6.485383836197619,-0.08583397805544957,15.977754683642342,3,3,1.0,1.0,1.0,3,3,0.03170374527625838,0.007719793125887877,0.04632013188849039,3,3,51.136662550677784,14.090435623417008,76.67056951951986,3,3,0.10000000000000002,0.1,0.1,3,3,-9.477549351958318,-12.59320111751372,-3.473150143745385,3,3,1.0,1.0,1.0,3,3,0.0,0.0,0.0,3,3,-20.51960165404729,-28.707412808593503,-12.921369991862974,3,3,9.520478902193046,3.9115609974969656,13.225746580714205,3,3,-0.0005709488865907273,-0.0009364523538140362,-5.327234696105368e-05,3,3,-5.7417943130151725,-9.043241349886454,-0.6415688940329511,3,3,-0.015997827619968426,-0.019395754409800143,-0.009393652159354112,3,3,-30.040080556240337,-40.13154193696147,-16.83293098935994,3,3,16.162935801302115,5.29123743315012,22.70452434815924,3,3,0.0,0.0,0.0,3,3,1.0,1.0,1.0,3,3,56.28031098364237,21.166188489069548,97.29898141272156,3,3,-9.257680343649872,-12.426455971487293,-3.8495506343884434,3,3,0.0010416059814237226,0.00014259461543417,0.0017343006814877762,3,3,9.920493126502683,1.541160925435614,15.500751660374446,3,3,0.04153220330120494,0.015158806049147698,0.06307421763959702,3,3,65.53799132729223,25.01573912345799,108.79601583779544,3,3,0.0,0.0,0.0,3,3
0.5,0.01,-0.8253153130180753,-7.187661347282294,6.701209766993355,3,3,0.3333333333333333,0.0,1.0,3,3,0.0,0.0,0.0,3,3,0.2890670995351674,-1.9821170783473674,4.271556748952587,3,3,0.22133788416830433,-13.943182720992187,9.35388369337109,3,3,3.554192502870235,3.554192502870235,3.554192502870235,1,1,0.00023687611641033538,0.00023687611641033538,0.00023687611641033538,1,1,3.6811718557318907,3.6811718557318907,3.6811718557318907,1,1,-4.00397783872198e-05,-0.0001395792707286792,3.722897933787256e-05,3,3,-1.5887863937635933,-6.444981005498929,1.8578054313804993,3,3,0.3333333333333333,0.0,1.0,3,3,-3.5356029013351603e-06,-0.0004088651106531581,0.0003642550244932685,3,3,0.06772921536686265,-10.776122065370808,11.961065642644819,3,3,5.833123492725416,1.9549148982930475,9.428934426512269,3,3,0.0,0.0,0.0,3,3,0.0,0.0,0.0,3,3,-8.02770498492437,-11.816351762218268,-6.0516716099888175,3,3,-11.972624500775394,-15.447548809480915,-6.692387367316266,3,3,-1.1278794598109576,-5.613166317501827,4.172882592159544,3,3,-0.00012437171363627927,-0.00019694667311357132,-3.0730696793551324e-05,3,3,-2.377126673181902,-3.48964152032689,-0.7170480439499531,3,3,-2.4664233819806378e-05,-6.115179226989656e-05,4.228752494528647e-05,3,3,-1.1554922664710479,-3.0317840295173815,2.476495520669808,3,3,1.0,1.0,1.0,3,3,-2.0254577359284445e-05,-8.504731746299902e-05,9.664821128938178e-05,3,3,3.944919515851024,0.6407157573274489,7.562845742962976,3,3,0.10000000000000002,0.1,0.1,3,3,-4.096192415613723,-7.51016310112811,-2.2662429246684375,3,3,0.0,0.0,0.0,3,3,0.0,0.0,0.0,3,3,6.56792288251086,3.51565113026564,8.829546411335553,3,3,11.536739620743944,6.61643604778599,14.35115235734119,3,3,4.522454932534284e-06,-4.643504699698231e-05,3.474211075211466e-05,3,3,0.6871990853635176,-0.7071952748120669,1.4241644855025437,3,3,-3.447491520415629e-05,-4.594897574860526e-05,-2.1192023211498434e-05,3,3,-4.968816738233084,-6.2840593511732665,-3.1007849175203495,3,3,7.044120663574656,2.86991876522249,13.33084904391586,3,3,0.0,0.0,0.0,3,3,0.0,0.0,0.0,3,3,-5.507914753567403,-7.794184377500635,-2.7258032863414883,3,3,-11.82996094260033,-14.915022945090172,-6.2912094989378,3,3,5.9090976340408765e-06,-3.154076053499635e-05,7.961784058529097e-05,3,3,-0.027612806660089657,-1.6963870714897356,2.701978026936258,3,3,0.00010411713627699482,7.307314509747906e-05,0.0001273789080829331,3,3,6.322046189032926,3.5654062125963115,8.279893786912929,3,3,0.0,0.0,0.0,3,3
0.5,0.05,-0.36612974942962584,-4.916768111923087,4.69935431384736,3,3,0.0,0.0,0.0,3,3,0.0,0.0,0.0,3,3,-1.5736712288748735,-7.014900658932522,2.1941169527547544,3,3,-0.5425262579414039,-14.428873934130603,9.362246028838594,3,3,1.9835045729959977,1.9835045729959977,1.9835045729959977,1,1,0.00011198798379705556,0.00011198798379705556,0.00011198798379705556,1,1,2.110970029168877,2.110970029168877,2.110970029168877,1,1,-4.6439613997371e-05,-0.0002612014494771096,0.00014290476690029903,3,3,-0.8071027728927648,-6.845520913456015,4.976545770664842,3,3,0.3333333333333333,0.0,1.0,3,3,-7.330077375560454e-05,-0.0002994675984498152,8.685873917870304e-05,3,3,-1.0311449709334692,-9.262476009285447,7.413973275198082,3,3,3.959989784187116,1.5885505634529506,6.177644656939196,3,3,0.0,0.0,0.0,3,3,0.0,0.0,0.0,3,3,-10.041767357299491,-13.897005787530858,-6.796565028108792,3,3,-12.568713991533327,-16.023806934729055,-7.2576396917873325,3,3,-1.63370583772318,-4.238876000378322,0.9419453567440894,3,3,-9.669691465858975e-05,-0.00015639167207873346,-1.1344849943325727e-05,3,3,-2.1195258065891003,-3.1890027497953675,-0.3100391542044356,3,3,2.074695440276459e-06,-8.129075327705784e-05,9.307637172635466e-05,3,3,0.3528673496741132,-2.3488006766675618,3.9349865544129337,3,3,1.0,1.0,1.0,3,3,-7.998602069743414e-05,-0.00012347464684809087,-3.647409456167825e-05,3,3,2.5269466342338354,0.46107466367854055,4.992964091824769,3,3,0.10000000000000002,0.1,0.1,3,3,-2.9442360536718706,-5.0724187367838685,-1.5889553637384086,3,3,0.0,0.0,0.0,3,3,0.0,0.0,0.0,3,3,8.519897711147726,4.975286736712969,10.601601168748331,3,3,12.411312305941072,7.9560686139103165,14.945269904315705,3,3,-3.271827635785617e-05,-9.413872715193818e-05,3.397379526399796e-05,3,3,-1.0939100974410938,-2.1776198832109017,1.0118183009961923,3,3,1.73016190120671e-05,-2.1307711260775027e-05,6.740341646180184e-05,3,3,-3.8914145947933476,-4.349793171615323,-2.980781877197347,3,3,4.826398638716685,2.066157971158389,8.676197245383687,3,3,0.0,0.0,0.0,3,3,0.0,0.0,0.0,3,3,-7.874849436806261,-10.085519667206167,-4.196250105587462,3,3,-12.521321877629196,-15.401323564199732,-7.5168602850335,3,3,6.487368927687792e-05,-2.5187541835265757e-05,0.00015261396320252838,3,3,1.986573187397293,-0.744613807132255,3.7112921716552894,3,3,1.671089396115561e-05,-2.512924461835252e-05,4.234490127117676e-05,3,3,4.646472440822936,3.320610179446038,5.315803896993565,3,3,0.0,0.0,0.0,3,3
0.5,0.2,-2.999371802865062,-5.1275544105666695,-0.6681004449334726,3,3,0.3333333333333333,0.0,1.0,3,3,0.0,0.0,0.0,3,3,3.472076646560104,-0.7171106793313009,8.595961779187778,3,3,10.197030839235682,3.693983284677671,17.16904908946082,3,3,,,,0,0,,,,0,0,,,,0,0,-0.00016675227533173432,-0.00034584823973093405,-8.696803930305017e-06,3,3,-3.392368261464903,-5.834557775285498,-0.3253475503169678,3,3,0.0,0.0,0.0,3,3,-0.0001364646315396544,-0.0003492183157297532,6.010114209534061e-07,3,3,-6.724954192675578,-10.445170822899852,-1.156604444853837,3,3,4.271447994117598,1.1906573922134012,6.0548156647130424,3,3,0.0,0.0,0.0,3,3,0.0,0.0,0.0,3,3,-10.17591111303625,-14.328366184002306,-6.480855682608643,3,3,-13.573152509209967,-17.020607585718885,-6.863775932295068,3,3,-1.2864721951059732,-3.2406872499515895,0.9457781265839182,3,3,-0.00010479835687091923,-0.00018067799595086666,-9.996414441486735e-06,3,3,-2.2886539955015652,-3.6904482905970575,-0.1242773824552934,3,3,1.1633351542301822e-05,-0.00010921567401247795,0.00014859081082555046,3,3,0.8735576977980147,-1.661869527877602,4.150174715294507,3,3,1.0,1.0,1.0,3,3,-7.143091791622256e-05,-0.00012745508665007801,-8.228678635745137e-06,3,3,3.397241396173716,0.3829202496864248,7.116562537118144,3,3,0.10000000000000002,0.1,0.1,3,3,-3.017433732317206,-4.828682576159915,-1.5546975654716633,3,3,0.0,0.0,0.0,3,3,0.0,0.0,0.0,3,3,8.837040419130915,5.032679638636983,11.01090369492599,3,3,13.551824396248046,8.092048454723223,16.430413148172175,3,3,-3.260530336820158e-05,-9.85822549521495e-05,3.129212125388067e-05,3,3,-1.1937007029071112,-2.017712301792929,0.26495751624515673,3,3,1.2320227336984723e-05,-2.1749443435884093e-05,5.9703162961838394e-05,3,3,-4.714783977117132,-5.962875224342401,-3.0593688160862396,3,3,5.260322439224873,2.042637272026848,8.80282496713478,3,3,0.0,0.0,0.0,3,3,0.0,0.0,0.0,3,3,-7.95114982117197,-10.251358555683144,-4.160211532428592,3,3,-13.63704521284725,-16.68271929497761,-7.594368095567361,3,3,9.047757786127906e-05,-1.9848513256943284e-05,0.00019150214569621082,3,3,2.1600298929039883,-0.0973620659273533,3.3730551559287285,3,3,3.336743895469667e-05,1.7677358057415979e-06,5.322290930078865e-05,3,3,5.685895391675281,3.434156563138769,7.240839919573437,3,3,0.0,0.0,0.0,3,3
0.5,1.0,-2.0664758116328437,-4.195824618737133,0.706692657040997,3,3,0.3333333333333333,0.0,1.0,3,3,0.0,0.0,0.0,3,3,3.1292706827031815,-0.762617937945187,5.223191221530121,3,3,9.826203026418694,0.9611820005682281,16.97969575469134,3,3,,,,0,0,,,,0,0,,,,0,0,-1.5853216552196882e-05,-0.00011135422746118284,0.00011304875099283143,3,3,-0.22834601525728213,-1.2777011854960607,1.7589297002426285,3,3,0.0,0.0,0.0,3,3,-0.00014885907553206023,-0.0004170098343767299,0.0002033870799971597,3,3,-6.696932343715512,-12.300349261941701,4.262009220961893,3,3,2.9303422752711064,0.08131792971217688,4.529288252132391,3,3,0.0,0.0,0.0,3,3,0.0,0.0,0.0,3,3,-8.223342907968597,-13.70352435055253,-4.0431737845146305,3,3,-13.425298270323433,-18.43966179163007,-4.4119149403738955,3,3,-0.9031704501179689,-2.042104344331374,0.23576344409543637,2,2,-0.00019211006269034608,-0.0002974476593880014,-8.677246599269077e-05,2,2,-3.559411459139955,-5.537502705819283,-1.5813202124606267,2,2,-3.54131546192697e-05,-0.00010918804423890125,4.070248477025008e-05,3,3,-0.39226387029316373,-1.9869480838971878,1.2295184600290874,3,3,0.6666666666666666,0.0,1.0,3,3,-3.709802563901654e-06,-9.23158823743428e-05,0.00012912633460215655,3,3,5.201955362354838,0.36874115585926504,10.50098749012771,3,3,0.10000000000000002,0.1,0.1,3,3,-1.94878057485038,-3.8115045003926817,0.281984743488195,3,3,0.0,0.0,0.0,3,3,0.0,0.0,0.0,3,3,7.609270368264693,5.095426536598335,9.676947544754588,3,3,13.229074207283972,5.397795945758999,17.180404467283704,3,3,2.6158976057160527e-05,7.09681907436286e-06,4.6808095400923885e-05,3,3,0.27996579478356853,-0.23710577924500598,0.5583591461956194,3,3,-1.9501285349566352e-05,-6.880945090728544e-05,6.526273090825315e-05,3,3,-5.619803839019277,-9.124967443842547,-0.30236940916066324,3,3,3.8597232016040963,-0.2698073675064139,7.358235834559856,3,3,0.0,0.0,0.0,3,3,0.0,0.0,0.0,3,3,-6.0312043272199345,-7.287477233677353,-5.238583106992634,3,3,-13.689865302449185,-17.64986034357815,-5.8586181831952295,3,3,4.925729155595808e-06,-4.6948987641617576e-05,3.512878849029361e-05,3,3,0.16944635295198918,-0.5405722175118699,0.993755015933651,3,3,0.00012105467756156321,-5.786654492381631e-05,0.00021589880059484732,3,3,7.6586609752292505,0.6200350762025959,12.082307702588336,3,3,0.0,0.0,0.0,3,3
