tau,noise_tau,seed,low_delay,high_delay,joint_weak_recovery_absolute_interaction,joint_weak_recovery_percent_interaction,joint_weak_position_rms_absolute_interaction,joint_weak_position_rms_percent_interaction,joint_weak_action_rms_percent_interaction,joint_weak_helpful_to_harmful,joint_weak_harmful_to_helpful,joint_weak_low_effect_percent,joint_weak_high_effect_percent,joint_strong_recovery_absolute_interaction,joint_strong_recovery_percent_interaction,joint_strong_position_rms_absolute_interaction,joint_strong_position_rms_percent_interaction,joint_strong_action_rms_percent_interaction,joint_strong_helpful_to_harmful,joint_strong_harmful_to_helpful,joint_strong_low_effect_percent,joint_strong_high_effect_percent,gain_matched_recovery_absolute_interaction,gain_matched_recovery_percent_interaction,gain_matched_position_rms_absolute_interaction,gain_matched_position_rms_percent_interaction,gain_matched_action_rms_percent_interaction,gain_matched_helpful_to_harmful,gain_matched_harmful_to_helpful,gain_matched_low_effect_percent,gain_matched_high_effect_percent,alternative_matched_recovery_absolute_interaction,alternative_matched_recovery_percent_interaction,alternative_matched_position_rms_absolute_interaction,alternative_matched_position_rms_percent_interaction,alternative_matched_action_rms_percent_interaction,alternative_matched_helpful_to_harmful,alternative_matched_harmful_to_helpful,alternative_matched_low_effect_percent,alternative_matched_high_effect_percent,gain_matched_qualified,gain_matched_minus_weak_recovery_percent_interaction,gain_matched_minus_weak_recovery_absolute_interaction,gain_matched_minus_weak_position_rms_percent_interaction,alternative_matched_qualified,alternative_matched_minus_weak_recovery_percent_interaction,alternative_matched_minus_weak_recovery_absolute_interaction,alternative_matched_minus_weak_position_rms_percent_interaction
0.05,0.01,11,0.0,0.1,0.0013765780099938285,-1.2574324607919962,-0.0016690498702006985,-2.215776131153002,-0.8405851160224409,False,False,1.754901228804151,0.4974687680121548,-0.010338295704143435,0.46036506806964583,0.0013807655343767052,1.6420896643213778,0.8959607851697471,False,False,-1.8854620616407303,-1.4250969935710844,-0.0014486354124584044,-2.4523905502298993,0.008018867475093519,-1.8460275856949204,-0.9677762894593211,False,False,2.900188452995245,0.4477979027653456,-0.05670615177666527,-5.181724495315255,0.02458905817656888,6.305704854552773,0.12083114985819154,False,False,-0.6523812138508944,-5.834105709166149,True,-1.194958089437903,-0.002825213422452233,0.3697485454580818,True,-3.9242920345232584,-0.0580827297866591,8.521480985705775
0.05,0.01,22,0.0,0.1,-0.13968483155086164,-9.825541524397574,-0.006663328201883225,-3.7000943826029697,-0.18207131334803117,False,True,0.15298237740251075,-9.672559146995063,0.13938534878439154,10.184201042914431,0.005659869222360489,1.5892496437954096,0.3565005667214294,True,False,-0.5803797520306797,9.60382129088375,-0.019711003031284174,-3.1718527900172155,0.016574938338996408,-0.7743008560336051,-1.3616478391511588,False,True,2.032635569118413,-1.1392172208988027,0.07572683514594286,6.414096087609844,-0.026351821917029755,-4.760149634131172,0.4825979804588556,True,False,-1.3078028519433293,5.106293235666515,True,6.653688734380357,0.11997382851957747,2.9257935265693646,False,16.239637612007417,0.2154116666968045,-1.060055251528202
0.05,0.01,33,0.0,0.1,-0.3393918684870173,-20.821003728099576,-0.004421396400807326,-12.431882165870745,-0.45486945474864093,False,True,0.7527287667283167,-20.06827496137126,0.25107240571581896,17.38905251009857,0.0011978680918490053,3.0085885720404604,0.825220276742944,True,False,-2.789627727326205,14.599424782772363,0.05473319307604757,0.10412964611288267,0.0318021489505138,-1.7883357181977644,-2.758747830398911,False,False,3.5360518626788684,3.640181508791751,-0.5341079343402519,-31.620505081637383,0.024648306003640597,-16.934924247478,2.7388273816796094,False,False,-0.10356974304329691,-31.72407482468068,True,20.925133374212457,0.39412506156306487,10.64354644767298,True,-10.799501353537808,-0.1947160658532346,-4.503042081607256
0.05,0.05,11,0.0,0.1,-0.04459043703782428,-8.175481118792028,-0.0006869613128980614,0.4028931338435071,-0.24698299145174962,False,True,3.7628267637746626,-4.412654355017365,0.053820275549125746,7.943831580702687,0.0002003541697772268,-1.595811685632209,0.37309631304920376,True,False,-1.9758607900621783,5.967970790640509,-0.09928997819443511,-14.002369761140965,0.007671317185737728,-0.6181533321029553,-0.9512626110274258,False,True,2.774598470299261,-11.227771290841703,0.25639620523409257,31.751114346560982,0.026155554583709113,9.38949552893421,0.42303024310414994,True,False,-1.2871700898517857,30.463944256709198,True,-5.826888642348937,-0.054699541156610826,-1.0210464659464624,False,39.92659546535301,0.30098664227191685,8.986602395090705
0.05,0.05,22,0.0,0.1,-0.03770809223769139,-4.182721888374696,-0.002344655159178713,-3.4270767035004313,0.13774848148011554,False,True,0.6943985309897149,-3.4883233573849814,0.05210678665832233,5.900068134952385,0.0012984683717199366,0.3429357801378208,-0.014478255286065611,True,False,-1.1027335824009166,4.797334552551469,-0.012356448482905458,-2.2739300180476207,0.010177042477865016,0.357639883683869,-0.7444127612706186,False,True,1.3036533472149836,-0.9702766708326371,-0.04263865750841195,-3.8321974803489978,-0.011169662833507017,-3.71543701349597,-0.2978476893159665,False,False,-0.2839247876118556,-4.116122267960853,True,1.9087918703270756,0.025351643754785935,3.7847165871843003,True,0.3505244080256986,-0.004930565270720555,-0.28836030999553897
0.05,0.05,33,0.0,0.1,0.030604413895461896,1.4342982067556687,-0.004353717778359675,-12.307082770628085,-0.7494444705472336,False,False,0.9635207736156337,2.3978189803713024,-0.1802518521150448,-10.34639004053123,0.0018678249966960422,5.4004994287006225,1.0555290132495565,False,False,-3.4726794985916354,-13.819069539122864,0.02206756193618828,-1.7367428334328139,0.036209822374759476,-0.5116193847098263,-2.655926710164703,False,False,3.9085447861502587,2.171801952717445,-0.22455636801730403,-13.008242815677406,-0.029200082193018236,2.2206246959014626,-0.5081332572983719,False,False,-4.1884633227747265,-17.196706138452132,True,-3.1710410401884825,-0.008536851959273617,11.795463385918259,False,-14.442541022433073,-0.2551607819127659,14.52770746652955
0.05,0.2,11,0.0,0.1,0.03501211824648601,3.78466826160746,-0.0002063242854032435,-0.9042530389103076,-0.5657171128921723,False,False,0.4384625957306376,4.223130857338098,0.001894303215461246,1.7762883181960065,4.7398538571941096e-05,0.8018515501070245,0.6835169681508768,False,False,-2.023795290030317,-0.24750697183431036,0.05721357466109395,4.346895086072888,0.00655753381933042,-0.6853302267541217,-1.1589613117522601,False,False,3.110762511866416,7.4576575979393045,0.08183362961222221,10.814978718535983,-0.004912442933604849,-2.754076053124044,1.6204598102356305,True,False,-1.5406948626249806,9.274283855911003,True,0.5622268244654283,0.02220145641460794,0.21892281215618592,True,7.0303104569285235,0.0468215113657362,-1.8498230142137362
0.05,0.2,22,0.0,0.1,-0.0918035430104272,-6.057474067475955,-0.000966719100375997,-2.3034874573578557,-0.5859213058319934,False,True,1.5622785086975899,-4.495195558778365,-0.07061688878458619,-2.405337898210702,0.0008653619247315919,1.0625673673240854,0.7897698502433825,False,False,-1.248473482854351,-3.653811381065053,0.01561669171773869,-1.6469253683633722,0.014997990215154428,0.3245566198975869,-1.8141180259042322,False,False,2.644432209027836,0.9975068406644638,-0.5682841246253763,-30.318527105036075,-0.015516054938530918,-6.961880104026685,-0.09511101253272258,False,True,1.868012788994755,-28.45051431604132,True,4.410548699112582,0.10742023472816589,2.628044077255442,True,-24.261053037560124,-0.4764805816149491,-4.65839264666883
0.05,0.2,33,0.0,0.1,-0.37314552394121014,-23.4505067350957,-0.0045651925398309395,-11.54135567904141,-1.1927542238666544,False,True,2.0511064189023154,-21.399400316193386,0.5631331949021054,34.723979828977825,0.0043371886098651224,7.480761529503366,1.578370165560239,True,False,-2.3553750398679463,32.36860478910988,-0.013876020607782646,-6.209241961309697,0.03499320594528135,-2.9894014938971942,-4.595806426128448,False,True,6.003451272562121,-0.20579068874757578,-0.3197109633458061,-17.591947144172547,-0.01894812389714874,5.860487773803014,-1.6811749031193761,False,False,-1.0194538884320536,-18.6114010326046,True,17.241264773786003,0.3592695033334275,8.551954185144215,False,5.8585595909231545,0.053434560595404024,17.401843452844425
0.05,1.0,11,0.0,0.1,0.01728506725254156,0.255811556633323,0.0007667234691262279,-0.8240857476858654,-0.9691080612799441,False,False,3.0283300807578684,3.2841416373911914,0.0007631670182991213,2.2626700452525017,-0.0006324058754816619,0.9438161813283941,0.9443723796930259,False,False,-2.996932701385391,-0.7342626561328891,-0.007739427980709396,-4.60270117606969,0.008014084830656444,-1.288911565226858,-1.5225812872166067,False,False,4.885048174193418,0.2823469981237281,-0.028210191978541216,-4.426713437995322,-0.009665102700635038,-4.828052387135761,-0.35382774216443647,False,True,0.6325902535291972,-3.794123184466125,True,-4.858512732703013,-0.025024495233250954,-0.4648258175409925,False,-4.682524994628645,-0.045495259231082774,-4.003966639449896
0.05,1.0,22,0.0,0.1,-0.2333955950551329,-12.754244191852926,-0.003316005594004627,-0.9663397230055937,-1.3379845860521877,False,True,1.9804576299143006,-10.773786561938625,0.17593550817301734,9.899660386938326,0.0031762367434070675,1.4458351119479351,1.8776737832187806,True,False,-1.8016008359123648,8.09805955102596,-0.06509525616848011,-7.2294622056998215,0.021605773024584708,0.42378506339817434,-3.175332543806509,False,True,4.524504154814202,-2.7049580508856197,0.046029503712530395,4.063143919216838,-0.014500138201694688,-0.5267855429291535,0.7377456228362833,True,False,-2.064780202182781,1.9983637170340574,True,5.524781986153105,0.1683003388866528,1.390124786403768,False,16.81738811106976,0.2794250987676633,0.4395541800764402
0.05,1.0,33,0.0,0.1,0.3177745595078666,21.20542869366986,-0.003222303923022543,-12.265376122435612,-1.7917034083867467,False,False,1.026008495182551,22.23143718885241,-0.18620537452983266,-10.464768070025134,0.0014251800857647268,7.095884344704773,2.1597634995696335,False,False,-2.8089797066414013,-13.273747776666534,0.016469804764539714,-4.5351670825718005,0.038651984475053795,-7.620020832774021,-8.049533622663052,False,False,6.396688657124061,1.8615215745522606,0.2217787439537855,17.318238644548877,0.01872334271747672,-12.078281261557123,5.2661936376163565,True,False,-2.119730697898381,15.198507946650498,True,-25.740595776241662,-0.3013047547433269,4.645355289661591,True,-3.887190049120981,-0.09599581555408113,0.18709486087848948
0.1,0.01,11,0.0,0.1,-0.04688365638867188,-3.0434705909893616,0.0003577766215801786,-3.3621444834854852,-30.594764071111324,False,False,-1.1653627870647387,-4.2088333780541,0.11618847162930691,7.95520768297302,-0.0010286775476152574,0.8671659491331307,27.943644700903782,False,False,2.4672628256690032,10.422470508642023,-0.09064316929302946,-8.428709911173693,0.0055086775245727065,7.955755956556265,-34.780049966892165,False,True,0.3407290717682976,-8.087980839405395,-0.06463350262719467,-18.131311863632128,-0.015082512766035958,-14.710692594666464,13.474072797768455,False,True,12.598631059538178,-5.532680804093948,True,-5.385239320184331,-0.04375951290435757,11.31790044004175,False,-15.087841272642764,-0.017749846238522778,-11.348548111180978
0.1,0.01,22,0.0,0.1,-0.10872257319056366,-3.3815337890786497,0.00568566730171814,4.4299830690440745,-21.915599344304535,False,False,-3.466874918564744,-6.848408707643394,0.28642410632514836,13.958345525748484,-0.006508204648196392,-5.617031911058601,10.0491753994461,False,False,4.010514150789324,17.968859676537807,-0.22546055407673726,-9.793559663269946,0.011044648489687454,7.560650707195227,-45.95272906456351,False,False,-4.367982750892785,-14.161542414162732,-0.39886081805938406,-24.742972319111754,-0.00037219255253319924,-5.599600310357989,-111.50212366156639,False,False,-0.20300788741410836,-24.945980206525864,True,-6.412025874191297,-0.11673798088617363,3.1306676381511522,True,-21.361438530033105,-0.29013824486882045,-10.029583379402062
0.1,0.01,33,0.0,0.1,-0.2976292366596705,-17.141822737478794,0.00808620452570493,9.938127330039315,-48.85266644884534,False,False,-7.991743608881752,-25.133566346360546,0.4743028787952876,30.767751278253265,-0.008650253402545424,-11.048861446603231,14.19316520455064,False,False,9.215319353102558,39.98307063135582,-0.18365455796183267,-8.754125078402753,0.013789711472211884,15.15164530308769,-115.25961927694833,False,False,-6.791664172236134,-15.545789250638887,0.3365528571673169,12.863723085447784,-0.01980788685962902,-23.795891829796986,-0.8161637350415312,False,False,15.68878551767099,28.552508603118774,True,8.387697659076041,0.11397467869783783,5.213517973048376,False,30.005545822926578,0.6341820938269874,-33.73401915983631
0.1,0.05,11,0.0,0.1,-0.04008606813953126,-4.156059562770897,-0.0008810963353374831,-2.501031111267582,-47.45889742577572,False,False,-1.48398444008625,-5.640044002857147,0.09178672284447788,7.982393413865152,0.0007373129202383338,1.2140340928899929,42.09612410160382,False,False,4.976959094376188,12.95935250824134,-0.03928574923136502,-9.068401781108747,0.0055220076474999606,5.397081315912944,-66.2640980019825,False,True,3.6878704247954808,-5.380531356313267,0.37832631953313617,64.78671290920927,0.02288853613238319,16.514874443154337,4.739463488263461,True,False,-12.308595648870446,52.47811726033882,True,-4.912342218337851,0.0008003189081662414,7.898112427180526,False,68.94277247198016,0.4184123876726674,19.01590555442192
0.1,0.05,22,0.0,0.1,-0.5040789540652704,-11.829475093846721,0.007716967696834519,8.059637528827357,-6.834141074665133,False,False,-5.603672082175304,-17.433147176022025,0.47107833782214276,10.521255169964427,-0.009174600083211356,-9.155074415302245,2.8292240926741536,False,False,5.774640206646597,16.295895376611025,-0.48188051296173706,-10.000720924326558,0.016496048202366692,12.966094199805145,-16.068557239684992,False,False,-6.674626880881296,-16.675347805207853,0.0961556656912078,6.016032594512821,0.006527998128609375,8.913052374316365,-48.89956319631299,True,False,-2.7190719955789255,3.2969605989338957,True,1.8287541695201641,0.02219844110353328,4.9064566709777875,False,17.845507688359543,0.6002346197564782,0.8534148454890089
0.1,0.05,33,0.0,0.1,-0.18034758368932374,-1.8777253250572006,0.0068418575255952616,10.452664454902605,-49.8644520055559,False,False,-9.341298188039026,-11.219023513096227,0.23819101371204254,4.210124418868366,-0.0074151762772276895,-11.056623655659227,8.949559269610909,False,False,10.583450755949286,14.793575174817652,-0.26676945109164035,-7.8458329624867105,0.015685368071120677,16.071799657856833,-200.64268648967513,False,False,-8.679700972455084,-16.525533934941794,0.1862048123652095,-5.407706113957776,-0.021205960879478007,-25.728869461507042,-1.2286454077452778,False,False,17.091982210914946,11.68427609695717,True,-5.96810763742951,-0.08642186740231664,5.6191352029542285,False,-3.529980788900577,0.36655239605453327,-36.18153391640965
0.1,0.2,11,0.0,0.1,-0.1854790113858541,-24.773030967180944,-0.0006055299890165081,-3.49379469917932,-43.199659573140465,False,True,0.6437272866860688,-24.129303680494875,0.2046730284331265,24.790840723075,-0.0008225186933528625,-0.4192606431385193,52.31582216873537,False,False,1.9062140367416713,26.697054759816673,-0.15377943993154558,-19.301536394940676,0.0037670180122916126,4.168964957998822,-36.382526601290046,False,False,-0.738314743827817,-20.039851138768494,-0.280852384413772,-36.315079470487056,0.014010597844995277,7.996668459644885,-51.33011079498897,False,False,-0.2547733663658902,-36.569852836852945,True,5.471494572240267,0.03169957145430853,7.6627596571781424,True,-11.54204850330611,-0.09537337302791793,11.490463158824205
0.1,0.2,22,0.0,0.1,-2.8451796060163757,-40.17989176127879,0.009586625675170879,9.8159397803812,0.3471340568545145,False,False,-5.895951438102887,-46.07584319938167,4.66844266057863,69.64387017276046,-0.01037164298709031,-10.413815408410155,-2.090287570570515,False,False,5.945157255025624,75.58902742778608,-1.5212168609124794,-17.719404947787755,0.016167763560008815,14.0401739512771,0.08972605530930267,False,False,-6.929271232683676,-24.64867618047143,-0.08952890834633803,2.909195337617587,0.009136630548392146,11.60697370055509,-14.935608878374929,False,False,-4.374088435396617,-1.4648930977790298,True,22.46048681349103,1.3239627451038962,4.224234170895902,True,43.08908709889637,2.7556506976700375,1.7910339201738896
0.1,0.2,33,0.0,0.1,-0.1745474100568977,-5.954225127593293,0.007487595243039942,10.203681448896418,-20.12438604312048,False,False,-9.543718116956,-15.497943244549294,0.22185651973516818,9.418580095354077,-0.007871407689468703,-10.579798131876183,1.0286766478978304,False,False,10.241869387878278,19.660449483232355,-0.22143067733664362,-10.3785380185628,0.016558260176753756,17.42907959538541,-147.14741928493788,False,False,-9.224071158554526,-19.602609177117326,14.673137419735578,1276.5534336144513,-0.00835387832108397,-12.218212821346775,1.0499555914194048,False,False,10.313567020534297,1286.8670006349855,True,-4.424312890969507,-0.04688326727974594,7.225398146488993,False,1282.5076587420444,14.847684829792478,-22.421894270243193
0.1,1.0,11,0.0,0.1,-0.19578848772299504,-18.543949384920012,-0.0001252910739971639,-3.308060306300886,-69.8128799919689,False,True,0.9529772007612847,-17.590972184158726,0.17346608969891336,12.463819499293782,-0.0012851092218476457,0.002368962046150891,55.52006187082511,False,False,3.1991442632834044,15.662963762577187,-0.21496661279382023,-17.23283077310582,0.0036182684105387237,3.6091272141478115,-41.72306662840072,False,False,-2.1424220161067598,-19.37525278921258,0.2423359656378356,25.506157226669423,0.007488857553630109,4.553620245641988,-52.80512384546976,True,False,-3.782998705385898,21.723158521283526,True,1.3111186118141895,-0.019178125070825204,6.917187520448698,True,44.050106611589435,0.43812445336083067,7.861680551942874
0.1,1.0,22,0.0,0.1,-2.237700571249955,-22.567246165484313,0.010443598640881045,10.296457406086368,3.1371034891196192,False,False,-4.648217068932015,-27.215463234416326,2.0127431589861695,19.791359968752985,-0.01061672942994136,-10.445586711078969,-4.482272395194165,False,False,4.6895019067394905,24.480861875492476,-1.4495256146138316,-11.543412841484747,0.014318326252013337,12.765890599771689,5.863914088569966,False,False,-6.094475764536478,-17.637888606021225,-2.2277600860161852,-26.04414164850628,0.009801236884873587,10.9467626972655,8.761053876375179,False,False,-1.040648555550483,-27.084790204056763,True,11.023833323999565,0.7881749566361235,2.469433193685321,True,-3.476895483021968,0.00994048523376971,0.6503052911791318
0.1,1.0,33,0.0,0.1,-0.746966908463121,-15.908774396417513,0.007529598364399469,8.051471293752165,1.625645547465071,False,False,-7.2703138582780324,-23.179088254695547,1.3738221346255348,35.02587249214544,-0.008851500948278026,-9.184250982340526,-3.2609677912870056,False,False,7.561471532095854,42.58734402424129,-0.8998952243953434,-20.386005846084885,0.014544881482358355,14.993439667963893,8.090895691968436,False,False,-7.529355219145051,-27.915361065229938,-0.630271591265107,-27.00920407742229,-0.012899385454324695,-11.569012697096692,-5.893870170694327,False,True,7.554129939317811,-19.45507413810448,True,-4.477231449667372,-0.15292831593222245,6.941968374211727,False,-11.100429681004776,0.11669531719801388,-19.620483990848857
0.2,0.01,11,0.0,0.1,0.001018222647761747,7.480581810468223,-7.080617829812071e-06,-0.0754217095516374,3.1549361482823723,True,False,-5.57343771207135,1.9071440983968735,-0.0006559096123163327,-6.127325165009124,2.3052257005256455e-05,0.41687776811139,-2.3205988924318905,False,True,5.38427301632467,-0.7430521486844532,9.520762100452898e-05,3.6179149619155697,-7.501662414035031e-05,-1.4820247790627405,2.076245383753772,False,False,-4.522341922391016,-0.9044269604754462,0.0004949805052469388,-2.3595809264822964,5.4165040503125275e-05,1.1329194813638699,-0.8439632980590028,False,False,5.511235475529341,3.151654549047045,True,-3.8626668485526534,-0.0009230150267572181,-1.4066030695111031,False,-9.84016273695052,-0.0005232421425148083,1.2083411909155073
0.2,0.01,22,0.0,0.1,0.010102601789098057,36.76618289108172,0.0006953112255489516,12.691925611616671,18.442750168370626,True,False,-11.360314643346337,25.405868247735384,-0.0049614447127756915,-22.36657843325329,-0.0004899088253211437,-8.962185193666471,-12.478817929580543,False,True,11.384854393347975,-10.981724039905316,0.0025398325791280343,15.975903300359551,-5.566936909336389e-05,-1.065015574014394,8.158981271906839,True,False,-11.924249747593596,4.051653552765955,-0.007611436514324721,-29.284107543701143,-0.0010300637889265728,-18.94999692659586,-15.07847831736101,False,True,10.692436461215337,-18.591671082485806,True,-20.79027959072217,-0.007562769209970023,-13.756941185631065,False,-66.05029043478285,-0.017714038303422778,-31.64192253821253
0.2,0.01,33,0.0,0.1,0.0011377091917071916,11.829202065048715,-0.0001238449691416412,-3.7215641986109604,3.589462997137428,True,False,-11.19001586740831,0.6391861976404067,-0.0005293492083940504,-10.083126801700558,4.907844333582566e-05,1.6895441430096914,-3.267556381076542,False,False,11.589393658361091,1.506266856660532,0.0008088863566346541,10.650086184885454,4.467668931992883e-06,0.41084199347389827,4.947341198562817,False,False,-11.077833844468932,-0.42774765958347727,-0.0037048719144063616,-22.275858818613948,8.745554909185983e-06,3.1487278875063414,-3.6240695943741006,False,True,13.795837594463013,-8.480021224150935,True,-1.1791158801632613,-0.0003288228350725375,4.132406192084858,False,-34.10506088366266,-0.004842581106113553,6.870292086117303
0.2,0.05,11,0.0,0.1,0.002675714034319626,14.25936486049395,0.0003960925823192369,4.234811212188239,5.391189767607796,True,False,-7.266287763523405,6.993077096970546,-0.0018679317344698857,-11.693813285017129,-0.0003236146925075624,-3.554512355753381,-4.598716520293754,False,True,7.440186527500892,-4.253626757516238,1.350733145823093e-05,4.815189881446769,-6.359178621856768e-05,-0.3097882895029547,3.6395251503564596,False,False,-6.493293715205873,-1.6781038337591037,0.004480670757574514,9.8450368559436,0.0007647565771751229,6.412360024611763,1.7607752981882219,False,False,6.934649633068979,16.77968648901258,True,-9.444174979047181,-0.0026622067028613952,-4.544599501691193,False,-4.414328004550349,0.0018049567232548882,2.177548812423524
0.2,0.05,22,0.0,0.1,0.008220619462671365,33.62438079018545,0.001249027593096615,12.663923069639582,15.468946654912786,True,False,-12.113185086390487,21.51119570379496,-0.003809473253148874,-20.011123708664734,-0.0008120861150988038,-8.650963922034915,-9.819888353790363,False,True,11.69296041660659,-8.318163292058145,0.0023690597103598193,16.59785670305155,0.00018241453207856403,2.324007786095683,8.616483870234614,True,False,-12.972220680786684,3.6256360222648665,-0.005752754580507386,-25.445163022665042,-0.001063038973545781,-10.351142925239497,-6.795550567081721,False,True,11.105157190073855,-14.340005832591185,True,-17.026524087133897,-0.005851559752311546,-10.339915283543899,False,-59.06954381285048,-0.01397337404317875,-23.01506599487908
0.2,0.05,33,0.0,0.1,0.0007738623152527902,9.844535248223174,0.00011051224570337095,2.805651811691412,4.2205538145068555,False,False,-10.126172362147667,-0.2816371139244933,-0.00025284258643611807,-8.373964472172158,-0.00017848541779573717,-3.66477690764464,-4.040848697048138,False,False,10.488383842047,2.1144193698748426,0.0005763703409198337,9.160444285323576,0.00012755883513438336,3.4805865392405044,4.514077052926946,False,False,-10.087123439054668,-0.9266791537310914,-0.004343626279079117,-21.499557928902014,-0.0008352450249513874,-9.504337184063615,-6.531876500379131,False,True,9.843232442160987,-11.656325486741025,True,-0.6840909628995968,-0.0001974919743329565,0.6749347275490925,False,-31.344093177125185,-0.005117488594331907,-12.309988995755027
0.2,0.2,11,0.0,0.1,0.008390133264426107,26.84657615393109,0.0005968457398144444,5.125746978823875,6.115018592612964,True,False,-6.588968146957086,20.257608006974003,-0.004902436231229285,-17.89876880069363,-0.0004546703882185258,-4.032333556043211,-5.119045061123018,False,True,6.653365044312731,-11.2454037563809,0.0007686644544298033,6.506565481209347,-7.098951474414882e-05,-0.1773159756442766,3.367907884196031,True,False,-5.732481125924338,0.7740843552850096,0.0014625955694436872,-0.8523380481578746,0.0002464567401490921,1.4955462482553639,-0.5342161955681934,False,False,5.862577833230098,5.010239785072224,True,-20.340010672721743,-0.007621468809996303,-5.303062954468151,False,-27.698914202088964,-0.006927537694982419,-3.6302007305685113
0.2,0.2,22,0.0,0.1,0.033329136201494435,82.73823107706616,0.002157453321974088,17.200444813468064,21.351126716484092,True,False,-13.704115205997747,69.03411587106841,-0.010215594055707978,-32.783043308175586,-0.0013073853298514685,-11.061425064167874,-12.989600471933914,False,True,13.425005233623533,-19.358038074552052,0.01594889611983395,46.20415832286278,0.0005919668052155255,5.581897419173176,12.099375559530335,True,False,-14.77388095470642,31.430277368156357,-0.0033898270349884095,-24.81550387619295,-0.0006383724527233639,-8.00325300777398,-11.01998525040666,False,True,21.7740095757756,-3.0414943004173467,True,-36.53407275420338,-0.01738024008166049,-11.618547394294888,False,-107.5537349532591,-0.03671896323648285,-25.203697821242045
0.2,0.2,33,0.0,0.1,0.002148704577665285,13.78492958672075,9.755494605849166e-05,2.599034888486584,4.125480896134492,True,False,-10.084254651586399,3.7006749351343515,-0.000950082623508517,-10.587871632908518,-0.00014495634611000514,-3.034039533852484,-4.051056603581982,False,True,10.432239847586722,-0.155631785321797,0.0019781207470517554,13.19570587738147,0.00014438668637494628,3.2511854068127066,4.4797447907642285,True,False,-9.955310570150145,3.240395307231325,0.01113513072589586,36.65618267696902,0.0013334248375193565,11.59232172860647,9.534862487835706,True,False,-6.0153717218488945,30.640810955120124,True,-0.5892237093392803,-0.00017058383061352954,0.6521505183261227,True,22.871253090248267,0.008986426148230576,8.993286840119886
0.2,1.0,11,0.0,0.1,0.015158806049147698,25.01573912345799,0.00014259461543417,1.541160925435614,5.29123743315012,True,False,-3.8495506343884434,21.166188489069548,-0.009393652159354112,-16.83293098935994,-5.327234696105368e-05,-0.6415688940329511,-3.473150143745385,False,True,3.9115609974969656,-12.921369991862974,0.007719793125887877,14.090435623417008,-1.8916201571862398e-05,-0.08583397805544957,2.7958074746817108,True,False,-3.509166431549726,10.581269191867282,0.023836720072284844,32.573377804664545,0.0010348935087031042,10.172864973888785,11.690620291877305,False,False,1.7002683069656577,34.2736461116302,True,-10.925303500040982,-0.007439012923259821,-1.6269949034910636,False,7.5576386812065515,0.008677914023137147,8.63170404845317
0.2,1.0,22,0.0,0.1,0.06307421763959702,108.79601583779544,0.0012479226473492214,12.71956679369799,20.493045622596995,True,False,-11.497034425073881,97.29898141272156,-0.019395754409800143,-40.13154193696147,-0.000723121958997092,-7.540572695126113,-12.366296794615849,False,True,11.424129128367966,-28.707412808593503,0.04107131081439688,76.67056951951986,0.0003320527644446788,3.5642308030059633,12.675640058374805,True,False,-14.372003796404066,62.298565723115786,-0.018578664678319375,-32.484193630826,-0.0009447441225901611,-9.82674610165698,-9.941763177547324,False,True,3.9041146763392653,-28.58007895448673,True,-32.12544631827559,-0.022002906825200137,-9.155335990692027,False,-141.28020946862145,-0.08165288231791638,-22.546312895354973
0.2,1.0,33,0.0,0.1,0.046363586214870106,62.8022190206233,0.0017343006814877762,15.500751660374446,22.70452434815924,True,False,-12.426455971487293,50.375763049136005,-0.019204076290751028,-33.155768742399594,-0.0009364523538140362,-9.043241349886454,-12.59320111751372,False,True,13.225746580714205,-19.93002216168539,0.04632013188849039,62.64898250909647,0.0017075095975138668,15.977754683642342,20.550045246174584,True,False,-12.308068076672573,50.3409144324239,0.07251084359488989,85.36067955893955,0.003600380547781709,29.738193681623805,30.362447248857592,True,False,-4.889939072060745,80.47074048687881,True,-0.15323651152682416,-4.345432637971672e-05,0.47700302326789545,True,22.558460538316258,0.026147257380019787,14.23744202124936
0.5,0.01,11,0.0,0.1,7.307314509747906e-05,3.5654062125963115,-3.154076053499635e-05,-1.0884293754267915,2.86991876522249,False,False,-6.2912094989378,-2.7258032863414883,-4.594897574860526e-05,-3.1007849175203495,3.474211075211466e-05,1.4241644855025437,-2.2662429246684375,False,False,6.61643604778599,3.51565113026564,-7.23646259042361e-05,0.6407157573274489,-6.115179226989656e-05,-3.0317840295173815,1.9549148982930475,False,False,-6.692387367316266,-6.0516716099888175,3.400327745588412e-05,-0.9817559311734225,-1.7769043770852772e-05,-0.1791836071723507,-1.989494358765287,False,False,5.25331268012601,4.271556748952587,True,-2.9246904552688626,-0.00014543777100171516,-1.94335465409059,False,-4.547162143769734,-3.906986764159494e-05,0.9092457682544408
0.5,0.01,22,0.0,0.1,0.0001118993556505723,7.120838567589537,7.961784058529097e-05,2.701978026936258,13.33084904391586,False,False,-14.915022945090172,-7.794184377500635,-3.628374665236517e-05,-5.5216059460056375,-4.643504699698231e-05,-0.7071952748120669,-7.51016310112811,False,False,14.35115235734119,8.829546411335553,-8.504731746299902e-05,3.6311970472626474,-5.512843413480904e-05,-2.9111882905655695,9.428934426512269,False,False,-15.447548809480915,-11.816351762218268,-0.0004088651106531581,-10.776122065370808,-0.0001395792707286792,-6.444981005498929,-7.187661347282294,False,True,9.35388369337109,-1.4222383719997178,True,-3.48964152032689,-0.00019694667311357132,-5.613166317501827,False,-17.896960632960344,-0.0005207644663037304,-9.146959032435186
0.5,0.01,33,0.0,0.1,0.0001273789080829331,8.279893786912929,-3.034978714817199e-05,-1.6963870714897356,4.93159418158562,False,False,-14.283650383773017,-6.003756596860088,-2.1192023211498434e-05,-6.2840593511732665,2.5260301042470505e-05,1.3446280454000759,-2.512171221044623,False,False,13.642630457104655,7.3585711059313885,9.664821128938178e-05,7.562845742962976,4.228752494528647e-05,2.476495520669808,6.115521153370928,False,False,-13.777937325528999,-6.215091582566023,0.0003642550244932685,11.961065642644819,3.722897933787256e-05,1.8578054313804993,6.701209766993355,False,False,-13.943182720992187,-1.9821170783473674,True,-0.7170480439499531,-3.0730696793551324e-05,4.172882592159544,True,3.6811718557318907,0.00023687611641033538,3.554192502870235
0.5,0.05,11,0.0,0.1,4.234490127117676e-05,3.320610179446038,-2.5187541835265757e-05,-0.744613807132255,2.066157971158389,False,False,-7.5168602850335,-4.196250105587462,-2.1307711260775027e-05,-2.980781877197347,3.397379526399796e-05,1.0118183009961923,-1.5889553637384086,False,False,7.9560686139103165,4.975286736712969,-8.000932068253329e-05,0.46107466367854055,-8.129075327705784e-05,-2.3488006766675618,1.5885505634529506,False,False,-7.2576396917873325,-6.796565028108792,-7.293461995701474e-06,-1.244932178713043,-2.1022159415302454e-05,-0.5523331758871208,-0.8809754502131506,False,False,3.4390491314677973,2.1941169527547544,True,-2.8595355157674973,-0.00012235422195371005,-1.6041868695353068,False,-4.565542358159081,-4.9638363266878236e-05,0.19228063124513417
0.5,0.05,22,0.0,0.1,3.291702523064259e-05,5.315803896993565,0.00015261396320252838,3.7112921716552894,8.676197245383687,False,False,-15.401323564199732,-10.085519667206167,5.8091518351744906e-06,-4.343668735567373,-9.413872715193818e-05,-2.115928710108572,-5.0724187367838685,False,False,14.945269904315705,10.601601168748331,-0.00012347464684809087,2.126801147198197,-5.561532128467439e-06,-0.5275838287230323,6.177644656939196,False,False,-16.023806934729055,-13.897005787530858,-0.0002994675984498152,-9.262476009285447,-0.0002612014494771096,-6.845520913456015,-4.916768111923087,False,False,9.362246028838594,0.09977001955314702,True,-3.1890027497953675,-0.00015639167207873346,-4.238876000378322,False,-14.578279906279011,-0.0003323846236804578,-10.556813085111305
0.5,0.05,33,0.0,0.1,-2.512924461835252e-05,5.3030032460292045,6.719464646337114e-05,2.9930411976688442,3.7368406996079795,False,False,-14.645781783654355,-9.34277853762515,6.740341646180184e-05,-4.349793171615323,-3.79898971856283e-05,-2.1776198832109017,-2.1713340604933347,False,False,14.332598399597195,9.982805227981872,-3.647409456167825e-05,4.992964091824769,9.307637172635466e-05,3.9349865544129337,4.113774132169201,False,False,-14.424695348083594,-9.431731256258825,8.685873917870304e-05,7.413973275198082,0.00014290476690029903,4.976545770664842,4.69935431384736,False,False,-14.428873934130603,-7.014900658932522,True,-0.3100391542044356,-1.1344849943325727e-05,0.9419453567440894,True,2.110970029168877,0.00011198798379705556,1.9835045729959977
0.5,0.2,11,0.0,0.1,4.511167175755976e-05,3.434156563138769,-1.9848513256943284e-05,-0.0973620659273533,2.042637272026848,False,False,-7.594368095567361,-4.160211532428592,-2.1749443435884093e-05,-3.0593688160862396,3.129212125388067e-05,0.26495751624515673,-1.5546975654716633,False,False,8.092048454723223,5.032679638636983,-7.860898846284454e-05,0.3829202496864248,-0.00010921567401247795,-1.661869527877602,1.1906573922134012,False,False,-6.863775932295068,-6.480855682608643,6.010114209534061e-07,-1.156604444853837,-8.696803930305017e-06,-0.3253475503169678,-0.6681004449334726,False,False,3.693983284677671,2.537378839823834,True,-3.0512363134523444,-0.0001237206602204043,-1.5645074619502486,False,-4.590761007992606,-4.451066033660635e-05,-0.22798548438961452
0.5,0.2,22,0.0,0.1,5.322290930078865e-05,6.382689692313637,0.00019150214569621082,3.3730551559287285,8.80282496713478,False,False,-16.63404824799678,-10.251358555683144,-9.93037515000135e-07,-5.122107890922756,-9.85822549521495e-05,-1.8283473231735616,-4.828682576159915,False,False,16.133011585848745,11.01090369492599,-0.00012745508665007801,2.692241401716579,-4.475082186167038e-06,0.132367905977139,6.0548156647130424,False,False,-17.020607585718885,-14.328366184002306,-0.0003492183157297532,-10.445170822899852,-0.00034584823973093405,-5.834557775285498,-5.1275544105666695,False,True,9.728060143568552,-0.7171106793313009,True,-3.6904482905970575,-0.00018067799595086666,-3.2406872499515895,False,-16.827860515213487,-0.00040244122503054185,-9.207612931214229
0.5,0.2,33,0.0,0.1,1.7677358057415979e-06,7.240839919573437,9.977910114456964e-05,3.2043965887105887,4.935505078512992,False,False,-16.68271929497761,-9.441879375404172,5.9703162961838394e-05,-5.962875224342401,-3.052577640633592e-05,-2.017712301792929,-2.6689210553200393,False,False,16.430413148172175,10.467537923829774,-8.228678635745137e-06,7.116562537118144,0.00014859081082555046,4.150174715294507,5.56887092542635,False,False,-16.835074009615948,-9.718511472497804,-6.07765903101634e-05,-8.573087310273042,-0.00014571178233396386,-4.017199458792243,-3.202460553095044,False,False,17.16904908946082,8.595961779187778,True,-0.1242773824552934,-9.996414441486735e-06,0.9457781265839182,False,-15.813927229846477,-6.2544326115905e-05,-7.221596047502832
0.5,1.0,11,0.0,0.1,-5.786654492381631e-05,0.6200350762025959,-4.6948987641617576e-05,-0.5405722175118699,-0.2698073675064139,False,False,-5.8586181831952295,-5.238583106992634,6.526273090825315e-05,-0.30236940916066324,4.6808095400923885e-05,0.5583591461956194,0.281984743488195,False,False,5.397795945758999,5.095426536598335,-4.793985991951872e-05,0.36874115585926504,-3.7753904389157926e-05,-0.4193619870113907,0.08131792971217688,False,False,-4.4119149403738955,-4.0431737845146305,0.0002033870799971597,4.262009220961893,0.00011304875099283143,1.7589297002426285,0.706692657040997,False,False,0.9611820005682281,5.223191221530121,False,-0.25129392034333087,9.926685004297588e-06,0.12121023050047919,False,3.6419741447592964,0.000261253624920976,2.2995019177544984
0.5,1.0,22,0.0,0.1,0.0002051317770136586,10.27364014689682,3.512878849029361e-05,0.05515626043418642,7.358235834559856,False,False,-17.561117380574174,-7.287477233677353,-6.880945090728544e-05,-7.432074664054623,7.09681907436286e-06,0.5186440174000921,-3.8115045003926817,False,False,17.10902220880921,9.676947544754588,-9.23158823743428e-05,4.736137441077538,-0.00010918804423890125,-1.9869480838971878,4.180420643968752,False,False,-18.43966179163007,-13.70352435055253,-0.0004170098343767299,-12.300349261941701,-0.00011135422746118284,-1.1662665605184142,-4.195824618737133,False,True,11.537731323996514,-0.762617937945187,True,-5.537502705819283,-0.0002974476593880014,-2.042104344331374,False,-22.57398940883852,-0.0006221416113903885,-1.2214228209526006
0.5,1.0,33,0.0,0.1,0.00021589880059484732,12.082307702588336,2.659738661811139e-05,0.993755015933651,4.490741137758846,False,False,-17.64986034357815,-5.567552640989815,-5.495713604966677e-05,-9.124967443842547,2.4572013696194835e-05,-0.23710577924500598,-2.3168219676466535,False,False,17.180404467283704,8.055437023441158,0.00012912633460215655,10.50098749012771,4.070248477025008e-05,1.2295184600290874,4.529288252132391,False,False,-17.424318078966337,-6.923330588838628,-0.0002329544722166105,-12.052456990166728,-4.9254173188239235e-05,-1.2777011854960607,-2.710295473202396,False,False,16.97969575469134,4.927238764524611,True,-1.5813202124606267,-8.677246599269077e-05,0.23576344409543637,False,-24.134764692755063,-0.0004488532728114578,-2.271456201429711
