seed,variant,scenario_id,schedule,compute_duration,amplitude,mean_application_interval,mean_observation_age_at_application,J_response,peak_response,pulse_tracking_rmse,sham_tracking_rmse,pulse_action_effort,sham_action_effort,pulse_action_variation,sham_action_variation,pulse_peak_abs_error,sham_peak_abs_error,pulse_last_second_rmse,sham_last_second_rmse,censored,failure_reason,pulse_observed_duration,sham_observed_duration,recovery_start,recovery_end,absolute_competence
-1,teacher,calibration-000,serial,0.0,0.3731603165819628,0.05,0.0,0.015847453299165787,0.18111577202254875,0.021383632930791457,0.0,0.015090472036637216,0.0,0.5789631629753724,0.0,0.06758521882592089,0.0,0.001311474364937698,0.0,False,,5.0,5.0,1.4,4.4,True
-1,teacher,calibration-000,serial,0.05,0.3731603165819628,0.049999999999999996,0.05,0.019472190360172517,0.20044947400459856,0.02367156760513188,0.0,0.0162115267298591,0.0,0.6308610790895774,0.0,0.07479978917824393,0.0,0.0014560921675418087,0.0,False,,5.0,5.0,1.4,4.4,True
-1,teacher,calibration-000,serial,0.1,0.3731603165819628,0.1,0.10000000000000002,0.025594588660183926,0.22916239594827134,0.02706196398801121,0.0,0.019527598947724673,0.0,0.7389880170817305,0.0,0.08551431222073805,0.0,0.0021229719541950845,0.0,False,,5.0,5.0,1.4,4.4,True
-1,teacher,calibration-000,serial,0.2,0.3731603165819628,0.19999999999999998,0.2,0.04349026163589355,0.28979675405067196,0.03510684141568653,0.0,0.031033346126727066,0.0,1.013109555230447,0.0,0.10814064848597396,0.0,0.005047638365882972,0.0,False,,5.0,5.0,1.4,4.4,True
-1,teacher,calibration-000,fixed_cadence,0.0,0.3731603165819628,0.05,0.0,0.015847453299165787,0.18111577202254875,0.021383632930791457,0.0,0.015090472036637216,0.0,0.5789631629753724,0.0,0.06758521882592089,0.0,0.001311474364937698,0.0,False,,5.0,5.0,1.4,4.4,True
-1,teacher,calibration-000,fixed_cadence,0.05,0.3731603165819628,0.049999999999999996,0.05,0.019472190360172517,0.20044947400459856,0.02367156760513188,0.0,0.0162115267298591,0.0,0.6308610790895774,0.0,0.07479978917824393,0.0,0.0014560921675418087,0.0,False,,5.0,5.0,1.4,4.4,True
-1,teacher,calibration-000,fixed_cadence,0.1,0.3731603165819628,0.05,0.1,0.02351596572407815,0.21974386709338908,0.02596538613552176,0.0,0.017120898210662944,0.0,0.6770071405398067,0.0,0.08199969101151383,0.0,0.0015192352088609366,0.0,False,,5.0,5.0,1.4,4.4,True
-1,teacher,calibration-000,fixed_cadence,0.2,0.3731603165819628,0.049999999999999996,0.19999999999999998,0.032048744415611445,0.25993029923525574,0.03020362246193492,0.0,0.019988074485264233,0.0,0.7917533103131483,0.0,0.09699567275187236,0.0,0.001408932466509958,0.0,False,,5.0,5.0,1.4,4.4,True
-1,teacher,calibration-001,serial,0.0,0.4688010488463321,0.05,0.0,0.01584745329916576,0.18111577202254875,0.026864125497419872,0.0,0.023816949017021954,0.0,0.7266354252573337,0.0,0.08490726388678403,0.0,0.0018538085782969244,0.0,False,,5.0,5.0,1.5,4.5,True
-1,teacher,calibration-001,serial,0.05,0.4688010488463321,0.049999999999999996,0.05,0.019472190360172528,0.20044947400459864,0.029738431685086233,0.0,0.025586272346573114,0.0,0.7917378185691497,0.0,0.09397092365405142,0.0,0.0020705690338561305,0.0,False,,5.0,5.0,1.5,4.5,True
-1,teacher,calibration-001,serial,0.1,0.4688010488463321,0.1,0.10000000000000002,0.025594588660184003,0.2291623959482715,0.03399790611496629,0.0,0.030819133777992502,0.0,0.9276863234981574,0.0,0.10743157157668813,0.0,0.0027932816580455867,0.0,False,,5.0,5.0,1.5,4.5,True
-1,teacher,calibration-001,serial,0.2,0.4688010488463321,0.19999999999999998,0.2,0.045344086305893795,0.29116616641310356,0.045020879187837474,0.0,0.04557779820430212,0.0,1.1439393176921313,0.0,0.13649900420302863,0.0,0.0063717451555500995,0.0,False,,5.0,5.0,1.5,4.5,True
-1,teacher,calibration-001,fixed_cadence,0.0,0.4688010488463321,0.05,0.0,0.01584745329916576,0.18111577202254875,0.026864125497419872,0.0,0.023816949017021954,0.0,0.7266354252573337,0.0,0.08490726388678403,0.0,0.0018538085782969244,0.0,False,,5.0,5.0,1.5,4.5,True
-1,teacher,calibration-001,fixed_cadence,0.05,0.4688010488463321,0.049999999999999996,0.05,0.019472190360172528,0.20044947400459864,0.029738431685086233,0.0,0.025586272346573114,0.0,0.7917378185691497,0.0,0.09397092365405142,0.0,0.0020705690338561305,0.0,False,,5.0,5.0,1.5,4.5,True
-1,teacher,calibration-001,fixed_cadence,0.1,0.4688010488463321,0.05,0.1,0.023515965724078127,0.21974386709338892,0.032620076894075624,0.0,0.027021585412088735,0.0,0.8496059324560392,0.0,0.10301615537092973,0.0,0.002234649728453813,0.0,False,,5.0,5.0,1.5,4.5,True
-1,teacher,calibration-001,fixed_cadence,0.2,0.4688010488463321,0.049999999999999996,0.19999999999999998,0.032048744415611397,0.25993029923525557,0.03794440498019684,0.0,0.03154692430207076,0.0,0.9937741056952186,0.0,0.12185559690842876,0.0,0.002319921192234867,0.0,False,,5.0,5.0,1.5,4.5,True
-1,teacher,calibration-002,serial,0.0,-0.3057748099514374,0.05,0.0,0.015847453299165787,0.18111577202254883,0.01752154280873671,0.0,0.010132385183761165,0.0,0.47282304259002994,0.0,0.05538064076940274,0.0,0.0017059677473600123,0.0,False,,5.0,5.0,1.65,4.65,True
-1,teacher,calibration-002,serial,0.05,-0.3057748099514374,0.049999999999999996,0.05,0.01947219036017253,0.2004494740045986,0.01939622043216219,0.0,0.010885100306622547,0.0,0.5151483421238671,0.0,0.06129239981862172,0.0,0.001912539477028091,0.0,False,,5.0,5.0,1.65,4.65,True
-1,teacher,calibration-002,serial,0.1,-0.3057748099514374,0.1,0.10000000000000002,0.02658290476528974,0.23308817875611498,0.022592836482587197,0.0,0.013247441742069382,0.0,0.5875513024870391,0.0,0.07127249356107773,0.0,0.0024253377967042035,0.0,False,,5.0,5.0,1.65,4.65,True
-1,teacher,calibration-002,serial,0.2,-0.3057748099514374,0.19999999999999998,0.2,0.04754021832827829,0.29915496060494473,0.030056924630469654,0.0,0.02117545577965685,0.0,0.783804983780822,0.0,0.09147405122500672,0.0,0.004828449349131587,0.0,False,,5.0,5.0,1.65,4.65,True
-1,teacher,calibration-002,fixed_cadence,0.0,-0.3057748099514374,0.05,0.0,0.015847453299165787,0.18111577202254883,0.01752154280873671,0.0,0.010132385183761165,0.0,0.47282304259002994,0.0,0.05538064076940274,0.0,0.0017059677473600123,0.0,False,,5.0,5.0,1.65,4.65,True
-1,teacher,calibration-002,fixed_cadence,0.05,-0.3057748099514374,0.049999999999999996,0.05,0.01947219036017253,0.2004494740045986,0.01939622043216219,0.0,0.010885100306622547,0.0,0.5151483421238671,0.0,0.06129239981862172,0.0,0.001912539477028091,0.0,False,,5.0,5.0,1.65,4.65,True
-1,teacher,calibration-002,fixed_cadence,0.1,-0.3057748099514374,0.05,0.1,0.02351596572407815,0.21974386709338922,0.021275644124234886,0.0,0.01149570488897425,0.0,0.5528023540686059,0.0,0.06719213919847501,0.0,0.002104572022003607,0.0,False,,5.0,5.0,1.65,4.65,True
-1,teacher,calibration-002,fixed_cadence,0.2,-0.3057748099514374,0.049999999999999996,0.19999999999999998,0.032048744415611424,0.2599302992352557,0.0247484887691639,0.0,0.01342076242087234,0.0,0.6470491075829745,0.0,0.07948013784928057,0.0,0.002209473756657568,0.0,False,,5.0,5.0,1.65,4.65,True
-1,teacher,calibration-003,serial,0.0,0.40909775612039423,0.05,0.0,0.015847453299165766,0.18111577202254883,0.023443004009321713,0.0,0.018137297633202404,0.0,0.6350361016697682,0.0,0.0740940559324376,0.0,0.0014038246924383672,0.0,False,,5.0,5.0,1.3,4.3,True
-1,teacher,calibration-003,serial,0.05,0.40909775612039423,0.049999999999999996,0.05,0.01947219036017252,0.20044947400459848,0.0259512818918099,0.0,0.01948473018936718,0.0,0.6919826980403153,0.0,0.08200343003079454,0.0,0.0015536932684896134,0.0,False,,5.0,5.0,1.3,4.3,True
-1,teacher,calibration-003,serial,0.1,0.40909775612039423,0.1,0.10000000000000002,0.025594588660183992,0.22916239594827165,0.02966826807777894,0.0,0.023471124356346944,0.0,0.8102421725882907,0.0,0.09374982196961125,0.0,0.0023257742497985747,0.0,False,,5.0,5.0,1.3,4.3,True
-1,teacher,calibration-003,serial,0.2,0.40909775612039423,0.19999999999999998,0.2,0.04534408630589372,0.2911661664131034,0.039290611011032865,0.0,0.03473074066292599,0.0,0.9998875693811872,0.0,0.1191154253377779,0.0,0.005537923667339362,0.0,False,,5.0,5.0,1.3,4.3,True
-1,teacher,calibration-003,fixed_cadence,0.0,0.40909775612039423,0.05,0.0,0.015847453299165766,0.18111577202254883,0.023443004009321713,0.0,0.018137297633202404,0.0,0.6350361016697682,0.0,0.0740940559324376,0.0,0.0014038246924383672,0.0,False,,5.0,5.0,1.3,4.3,True
-1,teacher,calibration-003,fixed_cadence,0.05,0.40909775612039423,0.049999999999999996,0.05,0.01947219036017252,0.20044947400459848,0.0259512818918099,0.0,0.01948473018936718,0.0,0.6919826980403153,0.0,0.08200343003079454,0.0,0.0015536932684896134,0.0,False,,5.0,5.0,1.3,4.3,True
-1,teacher,calibration-003,fixed_cadence,0.1,0.40909775612039423,0.05,0.1,0.023515965724078148,0.21974386709338908,0.028466025999921388,0.0,0.020577643247009524,0.0,0.7426618252486131,0.0,0.08989672294912361,0.0,0.001586569815636294,0.0,False,,5.0,5.0,1.3,4.3,True
-1,teacher,calibration-003,fixed_cadence,0.2,0.40909775612039423,0.049999999999999996,0.19999999999999998,0.03204874441561143,0.2599302992352556,0.033112553739414005,0.0,0.02402341506630741,0.0,0.8685665351279472,0.0,0.1063369021648457,0.0,0.001261247981992219,0.0,False,,5.0,5.0,1.3,4.3,True
11,native,calibration-000,serial,0.0,0.3731603165819628,0.05,0.0,0.01630969570634464,0.18371505265240365,0.022821398824802608,0.0031123909963857543,0.014601965710490179,7.36080295643538e-05,0.6332940980792046,0.06589572876691818,0.07174948829708187,0.003951629214439893,0.0023957756323239893,0.003200884466049939,False,,5.0,5.0,1.4,4.4,True
11,native,calibration-000,serial,0.05,0.3731603165819628,0.049999999999999996,0.05,0.019635811398610644,0.20113633514386395,0.024606594590167178,0.002327960104688752,0.015817040437721076,6.148224152874307e-05,0.694839172065258,0.06985832005739212,0.07757602653421154,0.0025233391281118383,0.00170377789849469,0.002452210870243389,False,,5.0,5.0,1.4,4.4,True
11,native,calibration-000,serial,0.1,0.3731603165819628,0.1,0.10000000000000002,0.02533124350925598,0.2283939333829115,0.027759070500730926,0.0021789463011525874,0.019624595509569187,8.387705250398336e-05,0.8231493458151817,0.07715810090303421,0.0879196900719357,0.002743008876893943,0.0012991966687703603,0.002370720408079441,False,,5.0,5.0,1.4,4.4,True
11,native,calibration-000,serial,0.2,0.3731603165819628,0.19999999999999998,0.2,0.04299701858117716,0.2897601979544356,0.035245946141540016,0.0020893835247539506,0.03183818673046928,0.0001575850792340239,1.0917699337005615,0.07935989648103714,0.1095044809621972,0.004173101966056691,0.0035238001417907568,0.0020531119519171708,False,,5.0,5.0,1.4,4.4,True
11,native,calibration-000,fixed_cadence,0.0,0.3731603165819628,0.05,0.0,0.01630969570634464,0.18371505265240365,0.022821398824802608,0.0031123909963857543,0.014601965710490179,7.36080295643538e-05,0.6332940980792046,0.06589572876691818,0.07174948829708187,0.003951629214439893,0.0023957756323239893,0.003200884466049939,False,,5.0,5.0,1.4,4.4,True
11,native,calibration-000,fixed_cadence,0.05,0.3731603165819628,0.049999999999999996,0.05,0.019635811398610644,0.20113633514386395,0.024606594590167178,0.002327960104688752,0.015817040437721076,6.148224152874307e-05,0.694839172065258,0.06985832005739212,0.07757602653421154,0.0025233391281118383,0.00170377789849469,0.002452210870243389,False,,5.0,5.0,1.4,4.4,True
11,native,calibration-000,fixed_cadence,0.1,0.3731603165819628,0.05,0.1,0.023189383623677857,0.21867383626227502,0.026608609615811636,0.002226284488319011,0.017150899460993893,7.97448987949895e-05,0.7807090133428574,0.09939603507518768,0.08409368840317781,0.002520651762701964,0.0016522091839365535,0.002376151564439468,False,,5.0,5.0,1.4,4.4,True
11,native,calibration-000,fixed_cadence,0.2,0.3731603165819628,0.049999999999999996,0.19999999999999998,0.031524796416539366,0.2587774844558478,0.030437977964500488,0.0025849322294113006,0.020257366337247534,0.00019200030251798064,0.9501444548368454,0.1440349593758583,0.09774057780727217,0.005769444135672185,0.0020174903670106097,0.0020367720508801613,False,,5.0,5.0,1.4,4.4,True
11,native,calibration-001,serial,0.0,0.4688010488463321,0.05,0.0,0.016346902326971585,0.1838834248897478,0.028338898041085085,0.0031123909963857543,0.02307852054941162,7.36080295643538e-05,0.7784068211913109,0.06589572876691818,0.08929252697771373,0.003951629214439893,0.002801109338799097,0.003200884466049939,False,,5.0,5.0,1.5,4.5,True
11,native,calibration-001,serial,0.05,0.4688010488463321,0.049999999999999996,0.05,0.019703714283509553,0.2013947844991191,0.030730957646096325,0.002327960104688752,0.02495331455112056,6.148224152874307e-05,0.852351225912571,0.06985832005739212,0.09693733287401261,0.0025233391281118383,0.0023541504589972627,0.002452210870243389,False,,5.0,5.0,1.5,4.5,True
11,native,calibration-001,serial,0.1,0.4688010488463321,0.1,0.10000000000000002,0.025444173607732243,0.2286947760101632,0.03473615433470737,0.0021789463011525874,0.03078398258201459,8.387705250398336e-05,1.00997906178236,0.07715810090303421,0.10995183302876803,0.002743008876893943,0.0019470640237789036,0.002370720408079441,False,,5.0,5.0,1.5,4.5,True
11,native,calibration-001,serial,0.2,0.4688010488463321,0.19999999999999998,0.2,0.04446837042153522,0.2899113843116566,0.045021786650081795,0.0020893835247539506,0.0461835205634084,0.0001575850792340239,1.2174006924033165,0.07935989648103714,0.13762463145324644,0.004173101966056691,0.0045952985342690685,0.0020531119519171708,False,,5.0,5.0,1.5,4.5,True
11,native,calibration-001,fixed_cadence,0.0,0.4688010488463321,0.05,0.0,0.016346902326971585,0.1838834248897478,0.028338898041085085,0.0031123909963857543,0.02307852054941162,7.36080295643538e-05,0.7784068211913109,0.06589572876691818,0.08929252697771373,0.003951629214439893,0.002801109338799097,0.003200884466049939,False,,5.0,5.0,1.5,4.5,True
11,native,calibration-001,fixed_cadence,0.05,0.4688010488463321,0.049999999999999996,0.05,0.019703714283509553,0.2013947844991191,0.030730957646096325,0.002327960104688752,0.02495331455112056,6.148224152874307e-05,0.852351225912571,0.06985832005739212,0.09693733287401261,0.0025233391281118383,0.0023541504589972627,0.002452210870243389,False,,5.0,5.0,1.5,4.5,True
11,native,calibration-001,fixed_cadence,0.1,0.4688010488463321,0.05,0.1,0.023290209568619484,0.21899258191577822,0.03327987099728149,0.002226284488319011,0.026969905091568595,7.97448987949895e-05,0.9513223543763161,0.09939603507518768,0.10518076862144722,0.002520651762701964,0.002392896500426554,0.002376151564439468,False,,5.0,5.0,1.5,4.5,True
11,native,calibration-001,fixed_cadence,0.2,0.4688010488463321,0.049999999999999996,0.19999999999999998,0.0316810909548062,0.2590504024942332,0.03815679652604283,0.0025849322294113006,0.03186009310980474,0.00019200030251798064,1.152586005628109,0.1440349593758583,0.12254467275153169,0.005769444135672185,0.0030405702012401893,0.0020367720508801613,False,,5.0,5.0,1.5,4.5,True
11,native,calibration-002,serial,0.0,-0.3057748099514374,0.05,0.0,0.016315814460538838,0.18369029326894892,0.01715103874110618,0.0031123909963857543,0.010496743777122576,7.36080295643538e-05,0.5323855206370354,0.06589572876691818,0.05317080095121043,0.003951629214439893,0.003584903857919127,0.003200884466049939,False,,5.0,5.0,1.65,4.65,True
11,native,calibration-002,serial,0.05,-0.3057748099514374,0.049999999999999996,0.05,0.019539310304873343,0.2007322580355076,0.018813884688659372,0.002327960104688752,0.011005725097249924,6.148224152874307e-05,0.5804767459630966,0.06985832005739212,0.058865832549966995,0.0025233391281118383,0.003012212033565331,0.002452210870243389,False,,5.0,5.0,1.65,4.65,True
11,native,calibration-002,serial,0.1,-0.3057748099514374,0.1,0.10000000000000002,0.025880946088217466,0.23094569997296674,0.021619442786685098,0.0021789463011525874,0.0135002812178632,8.387705250398336e-05,0.6684569269418716,0.07715810090303421,0.06790221669333178,0.002743008876893943,0.0037018129367974877,0.002370720408079441,False,,5.0,5.0,1.65,4.65,True
11,native,calibration-002,serial,0.2,-0.3057748099514374,0.19999999999999998,0.2,0.04604578401697865,0.2973953712306798,0.029134391711937206,0.0020893835247539506,0.022284579236944435,0.0001575850792340239,0.86862001568079,0.07935989648103714,0.08883296958301608,0.004173101966056691,0.005896323797808852,0.0020531119519171708,False,,5.0,5.0,1.65,4.65,True
11,native,calibration-002,fixed_cadence,0.0,-0.3057748099514374,0.05,0.0,0.016315814460538838,0.18369029326894892,0.01715103874110618,0.0031123909963857543,0.010496743777122576,7.36080295643538e-05,0.5323855206370354,0.06589572876691818,0.05317080095121043,0.003951629214439893,0.003584903857919127,0.003200884466049939,False,,5.0,5.0,1.65,4.65,True
11,native,calibration-002,fixed_cadence,0.05,-0.3057748099514374,0.049999999999999996,0.05,0.019539310304873343,0.2007322580355076,0.018813884688659372,0.002327960104688752,0.011005725097249924,6.148224152874307e-05,0.5804767459630966,0.06985832005739212,0.058865832549966995,0.0025233391281118383,0.003012212033565331,0.002452210870243389,False,,5.0,5.0,1.65,4.65,True
11,native,calibration-002,fixed_cadence,0.1,-0.3057748099514374,0.05,0.1,0.02294568633734417,0.2178875521713173,0.02038055466270206,0.002226284488319011,0.011898672991432005,7.97448987949895e-05,0.6581546738743782,0.09939603507518768,0.06411021059037177,0.002520651762701964,0.002991965968467097,0.002376151564439468,False,,5.0,5.0,1.65,4.65,True
11,native,calibration-002,fixed_cadence,0.2,-0.3057748099514374,0.049999999999999996,0.19999999999999998,0.030930373967504293,0.25766169421193463,0.02409591422324764,0.0025849322294113006,0.014848687399126035,0.00019200030251798064,0.8194590359926224,0.1440349593758583,0.07759814090120382,0.005769444135672185,0.002379355671381919,0.0020367720508801613,False,,5.0,5.0,1.65,4.65,True
11,native,calibration-003,serial,0.0,0.40909775612039423,0.05,0.0,0.016322653152918778,0.18377414537925923,0.02494526610674396,0.0031123909963857543,0.01763935880903768,7.36080295643538e-05,0.6885302439332008,0.06589572876691818,0.07851485606516806,0.003951629214439893,0.0021715453574198736,0.003200884466049939,False,,5.0,5.0,1.3,4.3,True
11,native,calibration-003,serial,0.05,0.40909775612039423,0.049999999999999996,0.05,0.01966001093967963,0.2012286229631718,0.02689783360496951,0.002327960104688752,0.019009440541974464,6.148224152874307e-05,0.7547537237405777,0.06985832005739212,0.08482824246277275,0.0025233391281118383,0.0014155815408112883,0.002452210870243389,False,,5.0,5.0,1.3,4.3,True
11,native,calibration-003,serial,0.1,0.40909775612039423,0.1,0.10000000000000002,0.02537225290622977,0.22850292778945003,0.030334974385719523,0.0021789463011525874,0.02351152834439693,8.387705250398336e-05,0.8931824192404747,0.07715810090303421,0.09606467206961274,0.002743008876893943,0.0014299917735722818,0.002370720408079441,False,,5.0,5.0,1.3,4.3,True
11,native,calibration-003,serial,0.2,0.40909775612039423,0.19999999999999998,0.2,0.04437590012860091,0.2897606248568358,0.03914587822137118,0.0020893835247539506,0.03496505112501769,0.0001575850792340239,1.0717884823679924,0.07935989648103714,0.11967655398992665,0.004173101966056691,0.0041735394459825525,0.0020531119519171708,False,,5.0,5.0,1.3,4.3,True
11,native,calibration-003,fixed_cadence,0.0,0.40909775612039423,0.05,0.0,0.016322653152918778,0.18377414537925923,0.02494526610674396,0.0031123909963857543,0.01763935880903768,7.36080295643538e-05,0.6885302439332008,0.06589572876691818,0.07851485606516806,0.003951629214439893,0.0021715453574198736,0.003200884466049939,False,,5.0,5.0,1.3,4.3,True
11,native,calibration-003,fixed_cadence,0.05,0.40909775612039423,0.049999999999999996,0.05,0.01966001093967963,0.2012286229631718,0.02689783360496951,0.002327960104688752,0.019009440541974464,6.148224152874307e-05,0.7547537237405777,0.06985832005739212,0.08482824246277275,0.0025233391281118383,0.0014155815408112883,0.002452210870243389,False,,5.0,5.0,1.3,4.3,True
11,native,calibration-003,fixed_cadence,0.1,0.40909775612039423,0.05,0.1,0.023225792176954637,0.21878887238690528,0.029091034202677224,0.002226284488319011,0.020577007429783693,7.97448987949895e-05,0.8454617485404015,0.09939603507518768,0.0919520790404968,0.002520651762701964,0.0013365285101988593,0.002376151564439468,False,,5.0,5.0,1.3,4.3,True
11,native,calibration-003,fixed_cadence,0.2,0.40909775612039423,0.049999999999999996,0.19999999999999998,0.03157902928854849,0.2588702464364734,0.03341707291452532,0.0025849322294113006,0.02425891507199909,0.00019200030251798064,1.0249296948313713,0.1440349593758583,0.10729832840466769,0.005769444135672185,0.00149712148751685,0.0020367720508801613,False,,5.0,5.0,1.3,4.3,True
22,native,calibration-000,serial,0.0,0.3731603165819628,0.05,0.0,0.016696033151235388,0.18589957038401933,0.02227260832027945,0.002378721999095067,0.016139409862726883,0.00018239179712296882,0.7273535430431366,0.16005050390958786,0.06996549362575616,0.00676004241467141,0.0022297708378054455,0.001087482419269149,False,,5.0,5.0,1.4,4.4,True
22,native,calibration-000,serial,0.05,0.3731603165819628,0.049999999999999996,0.05,0.019701577874284764,0.20270194639511635,0.023823493372045864,0.0004267776143303514,0.016625159097057276,5.43993838915402e-05,0.7634475454688072,0.13812802731990814,0.07568449414239799,0.0012308119841638843,0.0014512631765889257,0.00015465348545209493,False,,5.0,5.0,1.4,4.4,True
22,native,calibration-000,serial,0.1,0.3731603165819628,0.1,0.10000000000000002,0.025963437036985913,0.23120613840406654,0.027093781960568376,0.001997557519644173,0.018900468885269563,0.00013910749694465152,0.7980497181415558,0.08437797427177429,0.08565214828088881,0.005715387106226023,0.0013781670981865277,0.0009052769254131662,False,,5.0,5.0,1.4,4.4,True
22,native,calibration-000,serial,0.2,0.3731603165819628,0.19999999999999998,0.2,0.043478284806099485,0.2902974970694818,0.0346739339475334,0.0026579405056009215,0.030515117819651934,0.00029380050845961847,1.0768109560012817,0.10767266154289246,0.10678777249639963,0.00784804170897606,0.0040231783761870725,0.0011572310371079102,False,,5.0,5.0,1.4,4.4,True
22,native,calibration-000,fixed_cadence,0.0,0.3731603165819628,0.05,0.0,0.016696033151235388,0.18589957038401933,0.02227260832027945,0.002378721999095067,0.016139409862726883,0.00018239179712296882,0.7273535430431366,0.16005050390958786,0.06996549362575616,0.00676004241467141,0.0022297708378054455,0.001087482419269149,False,,5.0,5.0,1.4,4.4,True
22,native,calibration-000,fixed_cadence,0.05,0.3731603165819628,0.049999999999999996,0.05,0.019701577874284764,0.20270194639511635,0.023823493372045864,0.0004267776143303514,0.016625159097057276,5.43993838915402e-05,0.7634475454688072,0.13812802731990814,0.07568449414239799,0.0012308119841638843,0.0014512631765889257,0.00015465348545209493,False,,5.0,5.0,1.4,4.4,True
22,native,calibration-000,fixed_cadence,0.1,0.3731603165819628,0.05,0.1,0.023557817657163634,0.22118739235599452,0.026022648523734444,0.0014831486718121932,0.016930053389182572,9.284593803483843e-05,0.7625456154346466,0.09826771914958954,0.08257056674190744,0.003958689927154358,0.0010311146162004185,0.0008851634845319249,False,,5.0,5.0,1.4,4.4,True
22,native,calibration-000,fixed_cadence,0.2,0.3731603165819628,0.049999999999999996,0.19999999999999998,0.03132936345180026,0.26033509323699233,0.030062170593135026,0.00166434597947813,0.020745866314117747,0.00011846872199371136,0.9409751743078232,0.15819385647773743,0.09757239227264718,0.004242774946488552,0.001326871680857937,0.001059743411467955,False,,5.0,5.0,1.4,4.4,True
22,native,calibration-001,serial,0.0,0.4688010488463321,0.05,0.0,0.016693407978282837,0.1858674467968714,0.027837666233151436,0.002378721999095067,0.024899287651315872,0.00018239179712296882,0.8709798380732536,0.16005050390958786,0.08760974830465165,0.00676004241467141,0.002554064092321695,0.001087482419269149,False,,5.0,5.0,1.5,4.5,True
22,native,calibration-001,serial,0.05,0.4688010488463321,0.049999999999999996,0.05,0.019702198434445494,0.2026756653874604,0.02995213350726226,0.0004267776143303514,0.02616007564613313,5.43993838915402e-05,0.9238260239362717,0.13812802731990814,0.09513875932307846,0.0012308119841638843,0.0019891283410282097,0.00015465348545209493,False,,5.0,5.0,1.5,4.5,True
22,native,calibration-001,serial,0.1,0.4688010488463321,0.1,0.10000000000000002,0.025982833959562746,0.23123355293293815,0.03411433707065608,0.001997557519644173,0.030199024882341552,0.00013910749694465152,0.9881559759378433,0.08437797427177429,0.10793537560055796,0.005715387106226023,0.002227326989502358,0.0009052769254131662,False,,5.0,5.0,1.5,4.5,True
22,native,calibration-001,serial,0.2,0.4688010488463321,0.19999999999999998,0.2,0.04502813697031083,0.291456407966396,0.04440296045883207,0.0026579405056009215,0.04518050701729919,0.00029380050845961847,1.2408912926912308,0.10767266154289246,0.1351899128209643,0.00784804170897606,0.005187745501397249,0.0011572310371079102,False,,5.0,5.0,1.5,4.5,True
22,native,calibration-001,fixed_cadence,0.0,0.4688010488463321,0.05,0.0,0.016693407978282837,0.1858674467968714,0.027837666233151436,0.002378721999095067,0.024899287651315872,0.00018239179712296882,0.8709798380732536,0.16005050390958786,0.08760974830465165,0.00676004241467141,0.002554064092321695,0.001087482419269149,False,,5.0,5.0,1.5,4.5,True
22,native,calibration-001,fixed_cadence,0.05,0.4688010488463321,0.049999999999999996,0.05,0.019702198434445494,0.2026756653874604,0.02995213350726226,0.0004267776143303514,0.02616007564613313,5.43993838915402e-05,0.9238260239362717,0.13812802731990814,0.09513875932307846,0.0012308119841638843,0.0019891283410282097,0.00015465348545209493,False,,5.0,5.0,1.5,4.5,True
22,native,calibration-001,fixed_cadence,0.1,0.4688010488463321,0.05,0.1,0.02356827217793083,0.22120471120285254,0.032704937759122345,0.0014831486718121932,0.026915727248688875,9.284593803483843e-05,0.9354574233293533,0.09826771914958954,0.10382057997322877,0.003958689927154358,0.001965734879870422,0.0008851634845319249,False,,5.0,5.0,1.5,4.5,True
22,native,calibration-001,fixed_cadence,0.2,0.4688010488463321,0.049999999999999996,0.19999999999999998,0.03137462968163162,0.2604443915883235,0.03769970852661444,0.00166434597947813,0.03285245429130398,0.00011846872199371136,1.1427979171276093,0.15819385647773743,0.12244033875194689,0.004242774946488552,0.0022396137024375904,0.001059743411467955,False,,5.0,5.0,1.5,4.5,True
22,native,calibration-002,serial,0.0,-0.3057748099514374,0.05,0.0,0.016862613097074833,0.1867867804879378,0.018165991907359458,0.002378721999095067,0.009832848979541424,0.00018239179712296882,0.609595775604248,0.16005050390958786,0.05706850839977534,0.00676004241467141,0.002032482437686237,0.001087482419269149,False,,5.0,5.0,1.65,4.65,True
22,native,calibration-002,serial,0.05,-0.3057748099514374,0.049999999999999996,0.05,0.01990186381637849,0.20361001538294965,0.019556790354587312,0.0004267776143303514,0.010896846437463135,5.43993838915402e-05,0.6416977569460869,0.13812802731990814,0.06210420855549548,0.0012308119841638843,0.0017965712701251651,0.00015465348545209493,False,,5.0,5.0,1.65,4.65,True
22,native,calibration-002,serial,0.1,-0.3057748099514374,0.1,0.10000000000000002,0.0270084757840955,0.23522632578920052,0.022912919275947113,0.001997557519644173,0.013633000055255083,0.00013910749694465152,0.6618119776248932,0.08437797427177429,0.07194891498651909,0.005715387106226023,0.0027482144057740876,0.0009052769254131662,False,,5.0,5.0,1.65,4.65,True
22,native,calibration-002,serial,0.2,-0.3057748099514374,0.19999999999999998,0.2,0.047139451276852026,0.2989461568414228,0.030414262330102235,0.0026579405056009215,0.02261748195202057,0.00029380050845961847,0.8795313537120819,0.10767266154289246,0.09224927059560328,0.00784804170897606,0.0053564093847327495,0.0011572310371079102,False,,5.0,5.0,1.65,4.65,True
22,native,calibration-002,fixed_cadence,0.0,-0.3057748099514374,0.05,0.0,0.016862613097074833,0.1867867804879378,0.018165991907359458,0.002378721999095067,0.009832848979541424,0.00018239179712296882,0.609595775604248,0.16005050390958786,0.05706850839977534,0.00676004241467141,0.002032482437686237,0.001087482419269149,False,,5.0,5.0,1.65,4.65,True
22,native,calibration-002,fixed_cadence,0.05,-0.3057748099514374,0.049999999999999996,0.05,0.01990186381637849,0.20361001538294965,0.019556790354587312,0.0004267776143303514,0.010896846437463135,5.43993838915402e-05,0.6416977569460869,0.13812802731990814,0.06210420855549548,0.0012308119841638843,0.0017965712701251651,0.00015465348545209493,False,,5.0,5.0,1.65,4.65,True
22,native,calibration-002,fixed_cadence,0.1,-0.3057748099514374,0.05,0.1,0.023710672111312812,0.22170347657800077,0.021323757486159244,0.0014831486718121932,0.011851433024973743,9.284593803483843e-05,0.6408824399113655,0.09826771914958954,0.06743482409216187,0.003958689927154358,0.002085330577065485,0.0008851634845319249,False,,5.0,5.0,1.65,4.65,True
22,native,calibration-002,fixed_cadence,0.2,-0.3057748099514374,0.049999999999999996,0.19999999999999998,0.031174828394980217,0.259773829377387,0.024355500712803783,0.00166434597947813,0.014637461401099184,0.00011846872199371136,0.8071588352322578,0.15819385647773743,0.07904075011626446,0.004242774946488552,0.0017503332700400148,0.001059743411467955,False,,5.0,5.0,1.65,4.65,True
22,native,calibration-003,serial,0.0,0.40909775612039423,0.05,0.0,0.016689822524422505,0.1858613600202215,0.024334158218460467,0.002378721999095067,0.01932008123735807,0.00018239179712296882,0.7821520417928696,0.16005050390958786,0.07654962627060699,0.00676004241467141,0.002370836136446242,0.001087482419269149,False,,5.0,5.0,1.3,4.3,True
22,native,calibration-003,serial,0.05,0.40909775612039423,0.049999999999999996,0.05,0.019699641582251137,0.20268323916807268,0.026071156889289872,0.0004267776143303514,0.019910608120788632,5.43993838915402e-05,0.8232123404741287,0.13812802731990814,0.08282931993807977,0.0012308119841638843,0.0015477020455717098,0.00015465348545209493,False,,5.0,5.0,1.3,4.3,True
22,native,calibration-003,serial,0.1,0.40909775612039423,0.1,0.10000000000000002,0.025971828455333388,0.23122378834073168,0.02973769610263157,0.001997557519644173,0.02265948146671793,0.00013910749694465152,0.8650533109903336,0.08437797427177429,0.09399472288462182,0.005715387106226023,0.0015583575866083984,0.0009052769254131662,False,,5.0,5.0,1.3,4.3,True
22,native,calibration-003,serial,0.2,0.40909775612039423,0.19999999999999998,0.2,0.044989550050115276,0.29140084125352106,0.038850938422282995,0.0026579405056009215,0.033881847329206294,0.00029380050845961847,1.0798389092087746,0.10767266154289246,0.11795639289404014,0.00784804170897606,0.004550630176129404,0.0011572310371079102,False,,5.0,5.0,1.3,4.3,True
22,native,calibration-003,fixed_cadence,0.0,0.40909775612039423,0.05,0.0,0.016689822524422505,0.1858613600202215,0.024334158218460467,0.002378721999095067,0.01932008123735807,0.00018239179712296882,0.7821520417928696,0.16005050390958786,0.07654962627060699,0.00676004241467141,0.002370836136446242,0.001087482419269149,False,,5.0,5.0,1.3,4.3,True
22,native,calibration-003,fixed_cadence,0.05,0.40909775612039423,0.049999999999999996,0.05,0.019699641582251137,0.20268323916807268,0.026071156889289872,0.0004267776143303514,0.019910608120788632,5.43993838915402e-05,0.8232123404741287,0.13812802731990814,0.08282931993807977,0.0012308119841638843,0.0015477020455717098,0.00015465348545209493,False,,5.0,5.0,1.3,4.3,True
22,native,calibration-003,fixed_cadence,0.1,0.40909775612039423,0.05,0.1,0.023561757255174762,0.22119571767847718,0.028531233029089834,0.0014831486718121932,0.020306501376107025,9.284593803483843e-05,0.826147049665451,0.09826771914958954,0.09052779916934883,0.003958689927154358,0.0008206709619473798,0.0008851634845319249,False,,5.0,5.0,1.3,4.3,True
22,native,calibration-003,fixed_cadence,0.2,0.40909775612039423,0.049999999999999996,0.19999999999999998,0.031345650838273814,0.26037673101894004,0.033015397935395444,0.00166434597947813,0.024927985850583263,0.00011846872199371136,1.0155460238456726,0.15819385647773743,0.10714343519996569,0.004242774946488552,0.0008951009836856605,0.001059743411467955,False,,5.0,5.0,1.3,4.3,True
33,native,calibration-000,serial,0.0,0.3731603165819628,0.05,0.0,0.0164991647637399,0.18478159595744179,0.021927992431818873,0.0005024325644920096,0.015245750010542736,2.0076330106751777e-05,0.6229408271610737,0.054116006940603256,0.06932141346336052,0.0015768893825751245,0.001314726637286527,6.817580675663034e-05,False,,5.0,5.0,1.4,4.4,True
33,native,calibration-000,serial,0.05,0.3731603165819628,0.049999999999999996,0.05,0.01959020997772993,0.20177427668041528,0.023712218458021777,0.0004207515081063573,0.016217215462364015,1.5241139310947368e-05,0.6715860776603222,0.04649577662348747,0.07520895172800074,0.0013216438671914824,0.0012058033693307015,0.000184331211056652,False,,5.0,5.0,1.4,4.4,True
33,native,calibration-000,serial,0.1,0.3731603165819628,0.1,0.10000000000000002,0.02559535487754664,0.22988280785793422,0.027114698802791916,0.0005766216925257025,0.019720857511405992,6.1365679395949954e-06,0.7639609836041927,0.022519025951623917,0.0859811357553156,0.0012811355773161123,0.0017065677424494246,0.0004662001592695332,False,,5.0,5.0,1.4,4.4,True
33,native,calibration-000,serial,0.2,0.3731603165819628,0.19999999999999998,0.2,0.04336339901683824,0.2902965348415426,0.03507807045308726,0.0006994145802161771,0.03314184106126667,6.82287187807329e-05,1.07709139585495,0.0609813816845417,0.10816043023196473,0.00205212374305281,0.005173195455795318,0.0004424672551984011,False,,5.0,5.0,1.4,4.4,True
33,native,calibration-000,fixed_cadence,0.0,0.3731603165819628,0.05,0.0,0.0164991647637399,0.18478159595744179,0.021927992431818873,0.0005024325644920096,0.015245750010542736,2.0076330106751777e-05,0.6229408271610737,0.054116006940603256,0.06932141346336052,0.0015768893825751245,0.001314726637286527,6.817580675663034e-05,False,,5.0,5.0,1.4,4.4,True
33,native,calibration-000,fixed_cadence,0.05,0.3731603165819628,0.049999999999999996,0.05,0.01959020997772993,0.20177427668041528,0.023712218458021777,0.0004207515081063573,0.016217215462364015,1.5241139310947368e-05,0.6715860776603222,0.04649577662348747,0.07520895172800074,0.0013216438671914824,0.0012058033693307015,0.000184331211056652,False,,5.0,5.0,1.4,4.4,True
33,native,calibration-000,fixed_cadence,0.1,0.3731603165819628,0.05,0.1,0.023426044822423976,0.22020862190955756,0.02600994084179773,0.0005190423263872955,0.017354814906800162,6.733375042151935e-06,0.7191885076463223,0.03942025825381279,0.08248269533805848,0.0009802124577126966,0.0011601693402640938,0.00046279878884832525,False,,5.0,5.0,1.4,4.4,True
33,native,calibration-000,fixed_cadence,0.2,0.3731603165819628,0.049999999999999996,0.19999999999999998,0.03146202862807689,0.25986581964717403,0.029860110890777773,0.0005109504672471892,0.021396345177133697,4.250982414803067e-05,0.8663224428892136,0.06387589499354362,0.09669266825926462,0.001453395923408146,0.0016121747778162292,0.00044158540518717015,False,,5.0,5.0,1.4,4.4,True
33,native,calibration-001,serial,0.0,0.4688010488463321,0.05,0.0,0.016527034486914283,0.18489708464608898,0.027545974225106563,0.0005024325644920096,0.023938543162980906,2.0076330106751777e-05,0.7674530707299709,0.054116006940603256,0.08706229372472479,0.0015768893825751245,0.0018389738936088666,6.817580675663034e-05,False,,5.0,5.0,1.5,4.5,True
33,native,calibration-001,serial,0.05,0.4688010488463321,0.049999999999999996,0.05,0.019618149856051675,0.20186008422912916,0.02983866402496446,0.0004207515081063573,0.0256491825351087,1.5241139310947368e-05,0.8317386917769909,0.04649577662348747,0.09461812685808631,0.0013216438671914824,0.0018298006537690497,0.000184331211056652,False,,5.0,5.0,1.5,4.5,True
33,native,calibration-001,serial,0.1,0.4688010488463321,0.1,0.10000000000000002,0.025617408580329955,0.22989470772388365,0.03406093622521281,0.0005766216925257025,0.031170401885231385,6.1365679395949954e-06,0.9543930552899837,0.022519025951623917,0.10796927267800915,0.0012811355773161123,0.0024104484612175706,0.0004662001592695332,False,,5.0,5.0,1.5,4.5,True
33,native,calibration-001,serial,0.2,0.4688010488463321,0.19999999999999998,0.2,0.04483887268308575,0.29080541991174624,0.04468600430213073,0.0006994145802161771,0.048181878792493756,6.82287187807329e-05,1.2351835332810879,0.0609813816845417,0.13583567372697516,0.00205212374305281,0.0064081749474077755,0.0004424672551984011,False,,5.0,5.0,1.5,4.5,True
33,native,calibration-001,fixed_cadence,0.0,0.4688010488463321,0.05,0.0,0.016527034486914283,0.18489708464608898,0.027545974225106563,0.0005024325644920096,0.023938543162980906,2.0076330106751777e-05,0.7674530707299709,0.054116006940603256,0.08706229372472479,0.0015768893825751245,0.0018389738936088666,6.817580675663034e-05,False,,5.0,5.0,1.5,4.5,True
33,native,calibration-001,fixed_cadence,0.05,0.4688010488463321,0.049999999999999996,0.05,0.019618149856051675,0.20186008422912916,0.02983866402496446,0.0004207515081063573,0.0256491825351087,1.5241139310947368e-05,0.8317386917769909,0.04649577662348747,0.09461812685808631,0.0013216438671914824,0.0018298006537690497,0.000184331211056652,False,,5.0,5.0,1.5,4.5,True
33,native,calibration-001,fixed_cadence,0.1,0.4688010488463321,0.05,0.1,0.02344676420562786,0.22023803460696412,0.03266623321690711,0.0005190423263872955,0.027414422600465026,6.733375042151935e-06,0.8926589228212833,0.03942025825381279,0.10356309304220623,0.0009802124577126966,0.001972262475460989,0.00046279878884832525,False,,5.0,5.0,1.5,4.5,True
33,native,calibration-001,fixed_cadence,0.2,0.4688010488463321,0.049999999999999996,0.19999999999999998,0.03146709642233082,0.2598434781695473,0.037508026309308155,0.0005109504672471892,0.033691377205694165,4.250982414803067e-05,1.072512362152338,0.06387589499354362,0.12145988809732763,0.001453395923408146,0.0023790746947252553,0.00044158540518717015,False,,5.0,5.0,1.5,4.5,True
33,native,calibration-002,serial,0.0,-0.3057748099514374,0.05,0.0,0.016433081025403536,0.18447366452862624,0.017740028013748795,0.0005024325644920096,0.009942083363083021,2.0076330106751777e-05,0.5156499706208706,0.054116006940603256,0.0560972334026568,0.0015768893825751245,0.0016546596023561079,6.817580675663034e-05,False,,5.0,5.0,1.65,4.65,True
33,native,calibration-002,serial,0.05,-0.3057748099514374,0.049999999999999996,0.05,0.019547152336262887,0.20166720711273636,0.019412902008056322,0.0004207515081063573,0.010997383615375163,1.5241139310947368e-05,0.5583027563989162,0.04649577662348747,0.06156532123681026,0.0013216438671914824,0.001778358351285876,0.000184331211056652,False,,5.0,5.0,1.65,4.65,True
33,native,calibration-002,serial,0.1,-0.3057748099514374,0.1,0.10000000000000002,0.026485446315058454,0.23358719239034595,0.022499652575044517,0.0005766216925257025,0.013607783517370594,6.1365679395949954e-06,0.619033444672823,0.022519025951623917,0.07117747573806203,0.0012811355773161123,0.002494681446081781,0.0004662001592695332,False,,5.0,5.0,1.65,4.65,True
33,native,calibration-002,serial,0.2,-0.3057748099514374,0.19999999999999998,0.2,0.047032930913816794,0.2988865475522376,0.03011068384718811,0.0006994145802161771,0.0224879147892261,6.82287187807329e-05,0.8452856540679932,0.0609813816845417,0.09220004748783531,0.00205212374305281,0.004377113249830259,0.0004424672551984011,False,,5.0,5.0,1.65,4.65,True
33,native,calibration-002,fixed_cadence,0.0,-0.3057748099514374,0.05,0.0,0.016433081025403536,0.18447366452862624,0.017740028013748795,0.0005024325644920096,0.009942083363083021,2.0076330106751777e-05,0.5156499706208706,0.054116006940603256,0.0560972334026568,0.0015768893825751245,0.0016546596023561079,6.817580675663034e-05,False,,5.0,5.0,1.65,4.65,True
33,native,calibration-002,fixed_cadence,0.05,-0.3057748099514374,0.049999999999999996,0.05,0.019547152336262887,0.20166720711273636,0.019412902008056322,0.0004207515081063573,0.010997383615375163,1.5241139310947368e-05,0.5583027563989162,0.04649577662348747,0.06156532123681026,0.0013216438671914824,0.001778358351285876,0.000184331211056652,False,,5.0,5.0,1.65,4.65,True
33,native,calibration-002,fixed_cadence,0.1,-0.3057748099514374,0.05,0.1,0.023421149813832667,0.22036751886425027,0.021140262847408206,0.0005190423263872955,0.011812590419474585,6.733375042151935e-06,0.5951484851539135,0.03942025825381279,0.06703319325296656,0.0009802124577126966,0.0020168105162855815,0.00046279878884832525,False,,5.0,5.0,1.65,4.65,True
33,native,calibration-002,fixed_cadence,0.2,-0.3057748099514374,0.049999999999999996,0.19999999999999998,0.03157353861121426,0.2601749316165449,0.02470804775569834,0.0005109504672471892,0.014256820481920415,4.250982414803067e-05,0.7198570668697357,0.06387589499354362,0.08000513486164645,0.001453395923408146,0.0024607080974147714,0.00044158540518717015,False,,5.0,5.0,1.65,4.65,True
33,native,calibration-003,serial,0.0,0.40909775612039423,0.05,0.0,0.016509289838566907,0.1848242429655867,0.024006613942311027,0.0005024325644920096,0.01827908013298121,2.0076330106751777e-05,0.6772329844534397,0.054116006940603256,0.07589961409959592,0.0015768893825751245,0.0014028414443133306,6.817580675663034e-05,False,,5.0,5.0,1.3,4.3,True
33,native,calibration-003,serial,0.05,0.40909775612039423,0.049999999999999996,0.05,0.019599780042219895,0.2018034116752351,0.025988657549585147,0.0004207515081063573,0.019451625021851736,1.5241139310947368e-05,0.7315090484917164,0.04649577662348747,0.08241815107966105,0.0013216438671914824,0.0012774774134916137,0.000184331211056652,False,,5.0,5.0,1.3,4.3,True
33,native,calibration-003,serial,0.1,0.40909775612039423,0.1,0.10000000000000002,0.025602840059646,0.22988595407279894,0.029740426821864695,0.0005766216925257025,0.02371120061942629,6.1365679395949954e-06,0.8349496684968472,0.022519025951623917,0.09428751282639342,0.0012811355773161123,0.0019214264902925732,0.0004662001592695332,False,,5.0,5.0,1.3,4.3,True
33,native,calibration-003,serial,0.2,0.40909775612039423,0.19999999999999998,0.2,0.044815924466390905,0.2908189060621935,0.03917745303343691,0.0006994145802161771,0.0371198292440033,6.82287187807329e-05,1.087486818432808,0.0609813816845417,0.11909849530283514,0.00205212374305281,0.00556645650184287,0.0004424672551984011,False,,5.0,5.0,1.3,4.3,True
33,native,calibration-003,fixed_cadence,0.0,0.40909775612039423,0.05,0.0,0.016509289838566907,0.1848242429655867,0.024006613942311027,0.0005024325644920096,0.01827908013298121,2.0076330106751777e-05,0.6772329844534397,0.054116006940603256,0.07589961409959592,0.0015768893825751245,0.0014028414443133306,6.817580675663034e-05,False,,5.0,5.0,1.3,4.3,True
33,native,calibration-003,fixed_cadence,0.05,0.40909775612039423,0.049999999999999996,0.05,0.019599780042219895,0.2018034116752351,0.025988657549585147,0.0004207515081063573,0.019451625021851736,1.5241139310947368e-05,0.7315090484917164,0.04649577662348747,0.08241815107966105,0.0013216438671914824,0.0012774774134916137,0.000184331211056652,False,,5.0,5.0,1.3,4.3,True
33,native,calibration-003,fixed_cadence,0.1,0.40909775612039423,0.05,0.1,0.023433128063421474,0.22021802380565508,0.028515192387916027,0.0005190423263872955,0.02085632167253276,6.733375042151935e-06,0.7847159542143345,0.03942025825381279,0.09041443847901415,0.0009802124577126966,0.0011534388069210086,0.00046279878884832525,False,,5.0,5.0,1.3,4.3,True
33,native,calibration-003,fixed_cadence,0.2,0.40909775612039423,0.049999999999999996,0.19999999999999998,0.03146235710789603,0.25985207565244983,0.03276824279471334,0.0005109504672471892,0.025748411718862656,4.250982414803067e-05,0.9445481561124325,0.06387589499354362,0.1061070189773872,0.001453395923408146,0.0015973389841590024,0.00044158540518717015,False,,5.0,5.0,1.3,4.3,True
