seed,variant,schedule,compute_duration,target_rms,achieved_rms,relative_error,matched
11,alternative_matched,serial,0.0,0.013391508343369916,0.032719426869403725,1.443296604866993,False
11,gain_matched,serial,0.0,0.013391508343369916,0.029947278109005538,1.2362886495778738,False
11,alternative_matched,serial,0.05,0.020850347589808832,0.03369781710294481,0.6161753159173003,False
11,gain_matched,serial,0.05,0.020850347589808832,0.03104509305453327,0.4889484657659805,False
11,alternative_matched,serial,0.1,0.031715351910913875,0.03490819816775078,0.10067194795143307,False
11,gain_matched,serial,0.1,0.031715351910913875,0.03474288370782896,0.09545950508193003,True
11,alternative_matched,serial,0.2,0.0557174577415498,0.037893063020189646,0.3199068199421469,False
11,gain_matched,serial,0.2,0.0557174577415498,0.042946672000458264,0.22920618166625475,False
11,alternative_matched,fixed_cadence,0.0,0.013391508343369916,0.032719426869403725,1.443296604866993,False
11,gain_matched,fixed_cadence,0.0,0.013391508343369916,0.029947278109005538,1.2362886495778738,False
11,alternative_matched,fixed_cadence,0.05,0.020850347589808832,0.03369781710294481,0.6161753159173003,False
11,gain_matched,fixed_cadence,0.05,0.020850347589808832,0.03104509305453327,0.4889484657659805,False
11,alternative_matched,fixed_cadence,0.1,0.031590761162399825,0.034896279635943266,0.10463560711787338,False
11,gain_matched,fixed_cadence,0.1,0.031590761162399825,0.032289315393150574,0.022112611568922465,True
11,alternative_matched,fixed_cadence,0.2,0.05541682704562207,0.03784799460028434,0.3170306454188389,False
11,gain_matched,fixed_cadence,0.2,0.05541682704562207,0.03522391485574239,0.3643823233195182,False
22,alternative_matched,serial,0.0,0.08018646188468621,0.1281113079768748,0.5976675484336483,False
22,gain_matched,serial,0.0,0.08018646188468621,0.11831652955688106,0.4755175222349699,False
22,alternative_matched,serial,0.05,0.10832891750388941,0.12909127973602058,0.19166038681578926,False
22,gain_matched,serial,0.05,0.10832891750388941,0.12155567181978294,0.12209809366385145,False
22,alternative_matched,serial,0.1,0.13141954115935914,0.13469225527256914,0.024902796679540363,True
22,gain_matched,serial,0.1,0.13141954115935914,0.13171548208437306,0.0022518791528503635,True
22,alternative_matched,serial,0.2,0.18173655809060107,0.1414112795515928,0.22188864454506135,False
22,gain_matched,serial,0.2,0.18173655809060107,0.16282357367296915,0.10406813365642832,False
22,alternative_matched,fixed_cadence,0.0,0.08018646188468621,0.1281113079768748,0.5976675484336483,False
22,gain_matched,fixed_cadence,0.0,0.08018646188468621,0.11831652955688106,0.4755175222349699,False
22,alternative_matched,fixed_cadence,0.05,0.10832891750388941,0.12909127973602058,0.19166038681578926,False
22,gain_matched,fixed_cadence,0.05,0.10832891750388941,0.12155567181978294,0.12209809366385145,False
22,alternative_matched,fixed_cadence,0.1,0.13141800660678388,0.13471076305417365,0.025055595746799265,True
22,gain_matched,fixed_cadence,0.1,0.13141800660678388,0.12350308477412106,0.0602270726594193,True
22,alternative_matched,fixed_cadence,0.2,0.18175252131465972,0.1415393307848504,0.2212524494237419,False
22,gain_matched,fixed_cadence,0.2,0.18175252131465972,0.13700347121873818,0.24620868955347022,False
33,alternative_matched,serial,0.0,0.0565424415497526,0.02389426023199444,0.5774101793788036,False
33,gain_matched,serial,0.0,0.0565424415497526,0.062187355041580565,0.09983497947928038,True
33,alternative_matched,serial,0.05,0.06522027974362167,0.014125791897385057,0.783414116699392,False
33,gain_matched,serial,0.05,0.06522027974362167,0.0644392615351801,0.011975082160207156,True
33,alternative_matched,serial,0.1,0.0726743082001996,0.00903297633998307,0.8757060567387932,False
33,gain_matched,serial,0.1,0.0726743082001996,0.07172062223780053,0.013122738778220025,True
33,alternative_matched,serial,0.2,0.08553874916929108,0.027422980620082204,0.6794086786818807,False
33,gain_matched,serial,0.2,0.08553874916929108,0.09014739848916085,0.053877913397456,True
33,alternative_matched,fixed_cadence,0.0,0.0565424415497526,0.02389426023199444,0.5774101793788036,False
33,gain_matched,fixed_cadence,0.0,0.0565424415497526,0.062187355041580565,0.09983497947928038,True
33,alternative_matched,fixed_cadence,0.05,0.06522027974362167,0.014125791897385057,0.783414116699392,False
33,gain_matched,fixed_cadence,0.05,0.06522027974362167,0.0644392615351801,0.011975082160207156,True
33,alternative_matched,fixed_cadence,0.1,0.07264823193309033,0.008473143995122915,0.8833675126061326,False
33,gain_matched,fixed_cadence,0.1,0.07264823193309033,0.0667181144558964,0.08162782932770651,True
33,alternative_matched,fixed_cadence,0.2,0.08548824284793692,0.026365393603635632,0.6915904137773268,False
33,gain_matched,fixed_cadence,0.2,0.08548824284793692,0.07401173232100614,0.13424665362867202,False
