seed,variant,schedule,compute_duration,pairs,censored_pairs,absolute_competence_failures,mean_J_response,mean_peak_response,mean_sham_tracking_rmse,mean_pulse_tracking_rmse,mean_pulse_action_effort,mean_sham_action_effort,mean_pulse_action_variation,mean_sham_action_variation
-1,teacher,serial,0.0,8,0,0,0.01584745329916579,0.18111577202254886,0.0,0.024218601546086235,0.020021260761689877,0.0,0.6554999191743349,0.0
-1,teacher,serial,0.05,8,0,0,0.019472190360172524,0.2004494740045986,0.0,0.02680985653551117,0.021508634204129573,0.0,0.7142539947792761,0.0
-1,teacher,serial,0.1,8,0,0,0.026459365252151486,0.23259745590513436,0.0,0.031164186594196022,0.026152215997695974,0.0,0.8170431556035416,0.0
-1,teacher,serial,0.2,8,0,0,0.04616665508815465,0.2954569176958471,0.0,0.0409700427998249,0.04093403144103559,0.0,1.0933953597072916,0.0
-1,teacher,fixed_cadence,0.0,8,0,0,0.01584745329916579,0.18111577202254886,0.0,0.024218601546086235,0.020021260761689877,0.0,0.6554999191743349,0.0
-1,teacher,fixed_cadence,0.05,8,0,0,0.019472190360172524,0.2004494740045986,0.0,0.02680985653551117,0.021508634204129573,0.0,0.7142539947792761,0.0
-1,teacher,fixed_cadence,0.1,8,0,0,0.02351596572407814,0.21974386709338908,0.0,0.029407754174270228,0.022715137967976588,0.0,0.766515844591936,0.0
-1,teacher,fixed_cadence,0.2,8,0,0,0.03204874441561141,0.2599302992352556,0.0,0.03420788032815824,0.02651903140614863,0.0,0.8965600169336596,0.0
11,alternative_half,serial,0.0,8,0,0,0.015056332451125226,0.17899908923450647,0.033376846342814265,0.040819136078261695,0.02683822251742913,0.00621450649202771,0.8490773802623153,0.21473802626132965
11,alternative_half,serial,0.05,8,0,0,0.018243460193749166,0.1966093732618288,0.03618526045344126,0.04443458621237709,0.029439665031306163,0.00731799815937108,0.9107812121510506,0.2189188078045845
11,alternative_half,serial,0.1,8,0,0,0.024268728432367284,0.22675029092951343,0.037950051188001634,0.0481792320286137,0.03579057636687166,0.008277924757005556,1.0442205285653472,0.24347752332687378
11,alternative_half,serial,0.2,8,0,0,0.04237564465005818,0.29099953960183117,0.04124691347923316,0.056746372659431735,0.05582522611855909,0.009961836515965935,1.352842370979488,0.2735144644975662
11,alternative_half,fixed_cadence,0.0,8,0,0,0.015056332451125226,0.17899908923450647,0.033376846342814265,0.040819136078261695,0.02683822251742913,0.00621450649202771,0.8490773802623153,0.21473802626132965
11,alternative_half,fixed_cadence,0.05,8,0,0,0.018243460193749166,0.1966093732618288,0.03618526045344126,0.04443458621237709,0.029439665031306163,0.00731799815937108,0.9107812121510506,0.2189188078045845
11,alternative_half,fixed_cadence,0.1,8,0,0,0.02152925573125732,0.21389442535720643,0.03779879891525215,0.04697748893877015,0.031991803639950425,0.008023725182959993,0.9888094710186124,0.22997181862592697
11,alternative_half,fixed_cadence,0.2,8,0,0,0.029183200639478928,0.2541343003336668,0.04065123260233867,0.05179973391365505,0.039022399755431994,0.008999325910210456,1.251833694986999,0.3006669133901596
11,alternative_matched,serial,0.0,8,0,0,0.015944232469538057,0.18234821279382568,0.007728627946251247,0.025432661189609497,0.020398570143238193,0.00035018826043509187,0.7422043522819877,0.09757239371538162
11,alternative_matched,serial,0.05,8,0,0,0.01919765465978502,0.19973072319573165,0.009134542803820088,0.028062198266915177,0.021948858552255965,0.0004931831334400313,0.7898172503337264,0.08810248225927353
11,alternative_matched,serial,0.1,8,0,0,0.025443521196206836,0.22974335105882993,0.009797430163481051,0.03201745928708184,0.027167895514553755,0.0006231603629196224,0.9250317746773362,0.11068057268857956
11,alternative_matched,serial,0.2,8,0,0,0.044233370363459396,0.293230457946385,0.010931967542501527,0.04143174475611269,0.04413633853934437,0.0007961494164770988,1.2023320188745856,0.10947506874799728
11,alternative_matched,fixed_cadence,0.0,8,0,0,0.015944232469538057,0.18234821279382568,0.007728627946251247,0.025432661189609497,0.020398570143238193,0.00035018826043509187,0.7422043522819877,0.09757239371538162
11,alternative_matched,fixed_cadence,0.05,8,0,0,0.01919765465978502,0.19973072319573165,0.009134542803820088,0.028062198266915177,0.021948858552255965,0.0004931831334400313,0.7898172503337264,0.08810248225927353
11,alternative_matched,fixed_cadence,0.1,8,0,0,0.022622275291357814,0.21704017187191552,0.009691078111808488,0.030337639494508212,0.02378448442138391,0.0005737757798746087,0.8887184178456664,0.12168955057859421
11,alternative_matched,fixed_cadence,0.2,8,0,0,0.03062363294189066,0.25702190468135777,0.010552185868181331,0.03492083971268606,0.029003020571461247,0.0006242137555167321,1.0632162913680077,0.13234201818704605
11,candidate_half,serial,0.0,8,0,0,0.014624546748123511,0.17743788268533495,0.0008380869630388435,0.023306974199606374,0.0214718429382676,5.4081956183185675e-05,0.7582775922492146,0.0793265551328659
11,candidate_half,serial,0.05,8,0,0,0.01778329850290458,0.195159575006432,0.003786013675773039,0.025896145272055276,0.023260174198885687,0.00015751841158422045,0.8421130245551467,0.09848475456237793
11,candidate_half,serial,0.1,8,0,0,0.023930647571692252,0.2256928513039474,0.007514572587998532,0.03053759019547181,0.029360074909971792,0.000428811327935902,0.9703636495396495,0.10492850095033646
11,candidate_half,serial,0.2,8,0,0,0.04276275022147666,0.2904068067481041,0.01550957665348025,0.042223944949881714,0.05030047958801968,0.001562344216229361,1.3340587681159377,0.155147947371006
11,candidate_half,fixed_cadence,0.0,8,0,0,0.014624546748123511,0.17743788268533495,0.0008380869630388435,0.023306974199606374,0.0214718429382676,5.4081956183185675e-05,0.7582775922492146,0.0793265551328659
11,candidate_half,fixed_cadence,0.05,8,0,0,0.01778329850290458,0.195159575006432,0.003786013675773039,0.025896145272055276,0.023260174198885687,0.00015751841158422045,0.8421130245551467,0.09848475456237793
11,candidate_half,fixed_cadence,0.1,8,0,0,0.021111608469240505,0.21267371748903569,0.007434123252439723,0.028797904664079915,0.025465068253614137,0.0003859101930450695,0.9275208413600922,0.11554624885320663
11,candidate_half,fixed_cadence,0.2,8,0,0,0.028814190261033934,0.25339971551447493,0.015065828343374903,0.03557086258521963,0.03250852409543077,0.001243807961171311,1.1770317191258073,0.17699435353279114
11,candidate_stronger,serial,0.0,8,0,0,0.01824311489974282,0.19035349677243119,0.006852119277518598,0.026768801389420973,0.018502447924144717,0.0002682799403791461,0.6876510148867965,0.08558224886655807
11,candidate_stronger,serial,0.05,8,0,0,0.021651151914505756,0.20711585449837866,0.008592813788686527,0.02940918886539261,0.019707710423619955,0.0003859079888183377,0.7316812360659242,0.07646918296813965
11,candidate_stronger,serial,0.1,8,0,0,0.028158238377805882,0.23641869346510236,0.011930834359341407,0.034130361508374,0.024260187086485287,0.0007556377038889224,0.8429652592167258,0.08833073079586029
11,candidate_stronger,serial,0.2,8,0,0,0.04731615550672119,0.29788521049255084,0.01941323850414505,0.045715565272843345,0.03884420495102195,0.002236679509422245,1.0986678581684828,0.12373853474855423
11,candidate_stronger,fixed_cadence,0.0,8,0,0,0.01824311489974282,0.19035349677243119,0.006852119277518598,0.026768801389420973,0.018502447924144717,0.0002682799403791461,0.6876510148867965,0.08558224886655807
11,candidate_stronger,fixed_cadence,0.05,8,0,0,0.021651151914505756,0.20711585449837866,0.008592813788686527,0.02940918886539261,0.019707710423619955,0.0003859079888183377,0.7316812360659242,0.07646918296813965
11,candidate_stronger,fixed_cadence,0.1,8,0,0,0.025277916030558283,0.22422286250721096,0.01198817519052222,0.032566543801768974,0.021557978097897702,0.0007716925085872466,0.8282575523480773,0.11668466031551361
11,candidate_stronger,fixed_cadence,0.2,8,0,0,0.03382939876511899,0.2630485559617165,0.019690506029915754,0.03994980294311472,0.027069813762806587,0.002446605057303891,1.0387165751308203,0.20001884549856186
11,gain_matched,serial,0.0,8,0,0,0.009199532742673343,0.15165241254536993,0.0034860298920237984,0.018941816006366474,0.026536359915921966,0.00011644677570183334,0.8928875984856859,0.09679282642900944
11,gain_matched,serial,0.05,8,0,0,0.011762042566448111,0.17130119298187912,0.0026298410257610564,0.021176895110894614,0.02928990381123158,0.00011406052452977255,0.9889379671076313,0.10693211201578379
11,gain_matched,serial,0.1,8,0,0,0.016773850433964087,0.2052807771811384,0.002465557403106442,0.025094279676374034,0.03837966473505809,0.0001770277740425016,1.1412004402372986,0.12179923616349697
11,gain_matched,serial,0.2,8,0,0,0.033139934203344774,0.2780165827084762,0.0024135218940324215,0.03485997159428129,0.07445340873702708,0.00040957173118228276,1.7046292965533212,0.14539089892059565
11,gain_matched,fixed_cadence,0.0,8,0,0,0.009199532742673343,0.15165241254536993,0.0034860298920237984,0.018941816006366474,0.026536359915921966,0.00011644677570183334,0.8928875984856859,0.09679282642900944
11,gain_matched,fixed_cadence,0.05,8,0,0,0.011762042566448111,0.17130119298187912,0.0026298410257610564,0.021176895110894614,0.02928990381123158,0.00011406052452977255,0.9889379671076313,0.10693211201578379
11,gain_matched,fixed_cadence,0.1,8,0,0,0.014569725544208843,0.1908074830646606,0.0025185937533607123,0.023458916552777563,0.03242305948582046,0.00016447808374698175,1.123346135020256,0.16072233393788338
11,gain_matched,fixed_cadence,0.2,8,0,0,0.021420199415452645,0.2376055184299673,0.0029003451084265736,0.02827139704709767,0.04928343113284956,0.0004998392829301283,1.926564012770541,0.27577274292707443
11,native,serial,0.0,8,0,0,0.016349760242391168,0.18386007241068353,0.0031123909963857543,0.024785764073529552,0.019873724996742732,7.36080295643538e-05,0.7090301439166069,0.06589572876691818
11,native,serial,0.05,8,0,0,0.019634094140299155,0.20110659247101853,0.002327960104688752,0.027013925609315946,0.02122974798585742,6.148224152874307e-05,0.7758901966735721,0.06985832005739212
11,native,serial,0.1,8,0,0,0.02597766168096645,0.23104896796711866,0.0021789463011525874,0.03095186089792626,0.026211930270645938,8.387705250398336e-05,0.8974101208150387,0.07715810090303421
11,native,serial,0.2,8,0,0,0.04506173711021138,0.2941823399850595,0.0020893835247539506,0.04052606104184602,0.042444218148949206,0.0001575850792340239,1.1773898918181658,0.07935989648103714
11,native,fixed_cadence,0.0,8,0,0,0.016349760242391168,0.18386007241068353,0.0031123909963857543,0.024785764073529552,0.019873724996742732,7.36080295643538e-05,0.7090301439166069,0.06589572876691818
11,native,fixed_cadence,0.05,8,0,0,0.019634094140299155,0.20110659247101853,0.002327960104688752,0.027013925609315946,0.02122974798585742,6.148224152874307e-05,0.7758901966735721,0.06985832005739212
11,native,fixed_cadence,0.1,8,0,0,0.02312028327466231,0.21844945119275022,0.002226284488319011,0.02924486189392212,0.022961643248028296,7.97448987949895e-05,0.8699211478233337,0.09939603507518768
11,native,fixed_cadence,0.2,8,0,0,0.03127388743192401,0.25826176023808645,0.0025849322294113006,0.033917974434063865,0.027908738053484136,0.00019200030251798064,1.0659349337220192,0.1440349593758583
22,alternative_half,serial,0.0,8,0,0,0.01589262463173289,0.1824944127695638,0.032887745531332196,0.04041348120606523,0.026714033155735804,0.0057033170543138775,0.9119103290140629,0.28264977037906647
22,alternative_half,serial,0.05,8,0,0,0.018918581589972252,0.1997449420959952,0.034500031184450476,0.04301283073490024,0.029658317606859965,0.006611031283620884,1.0243872879073024,0.32654866576194763
22,alternative_half,serial,0.1,8,0,0,0.025828475029187385,0.23109893709257495,0.038239481438764246,0.048742960503983995,0.03664075490496586,0.008793616669287432,1.1004966543987393,0.30340634286403656
22,alternative_half,serial,0.2,8,0,0,0.04456307800541151,0.29269476023811053,0.04170121976718292,0.05776351235530674,0.05624896081239287,0.011331822924463828,1.43114831764251,0.3599173575639725
22,alternative_half,fixed_cadence,0.0,8,0,0,0.01589262463173289,0.1824944127695638,0.032887745531332196,0.04041348120606523,0.026714033155735804,0.0057033170543138775,0.9119103290140629,0.28264977037906647
22,alternative_half,fixed_cadence,0.05,8,0,0,0.018918581589972252,0.1997449420959952,0.034500031184450476,0.04301283073490024,0.029658317606859965,0.006611031283620884,1.0243872879073024,0.32654866576194763
22,alternative_half,fixed_cadence,0.1,8,0,0,0.022601699232213085,0.21770255398939836,0.037977284207892086,0.04720201295607297,0.0327253790652213,0.00843348704988548,1.0548684559762478,0.3041514381766319
22,alternative_half,fixed_cadence,0.2,8,0,0,0.029900339969609193,0.256431426557681,0.04108240221378829,0.05202321710112513,0.04077040342319514,0.010729579032493717,1.362750600092113,0.4529406875371933
22,alternative_matched,serial,0.0,8,0,0,0.015726584563628857,0.18176290639164827,0.0391060651137021,0.04549431440602071,0.029327009006287375,0.008095558935528054,0.9414243046194315,0.3144306316971779
22,alternative_matched,serial,0.05,8,0,0,0.01875176185987799,0.199088141232257,0.04082007897724302,0.048099190004805836,0.03257310396353988,0.009258021870520591,1.0677808709442616,0.37181586027145386
22,alternative_matched,serial,0.1,8,0,0,0.025637895628394122,0.23041722997654646,0.04503746877508181,0.05410604131079699,0.04030550473801832,0.012115909254324379,1.1476386990398169,0.35303734242916107
22,alternative_matched,serial,0.2,8,0,8,0.04431297412619116,0.2921326866162293,0.04926457977030317,0.06329067195161203,0.06113117809001528,0.01567861911663332,1.4906695950776339,0.4216422140598297
22,alternative_matched,fixed_cadence,0.0,8,0,0,0.015726584563628857,0.18176290639164827,0.0391060651137021,0.04549431440602071,0.029327009006287375,0.008095558935528054,0.9414243046194315,0.3144306316971779
22,alternative_matched,fixed_cadence,0.05,8,0,0,0.01875176185987799,0.199088141232257,0.04082007897724302,0.048099190004805836,0.03257310396353988,0.009258021870520591,1.0677808709442616,0.37181586027145386
22,alternative_matched,fixed_cadence,0.1,8,0,0,0.02240511445366317,0.21697746475789564,0.04476117008121999,0.05266722281177248,0.036234446198589246,0.011669542801854156,1.1008146591484547,0.35168953239917755
22,alternative_matched,fixed_cadence,0.2,8,0,8,0.0296474842506621,0.2557255567854073,0.0485958648348398,0.05793995154582761,0.045463765248681884,0.015035863577285568,1.4496201230213046,0.5369831249117851
22,candidate_half,serial,0.0,8,0,0,0.014348243445583202,0.17744653264048824,0.02728090824297509,0.03572648552320526,0.027620125692151602,0.005032479651340824,0.9819702571257949,0.3085705637931824
22,candidate_half,serial,0.05,8,0,0,0.01751682509180503,0.19569453730829112,0.035430999289468856,0.04361145477024404,0.03237627403552627,0.0076144541950967665,1.0437015071511269,0.3003311902284622
22,candidate_half,serial,0.1,8,0,0,0.024649374565862386,0.2280437316395128,0.04256956865704052,0.05211103991447025,0.04077596565444183,0.01061591526499942,1.163207576610148,0.30831973999738693
22,candidate_half,serial,0.2,8,0,8,0.04447047153662361,0.29102098464683523,0.060933825222560696,0.072991633432152,0.073946477958063,0.0243219925924696,1.7007243493571877,0.5720197781920433
22,candidate_half,fixed_cadence,0.0,8,0,0,0.014348243445583202,0.17744653264048824,0.02728090824297509,0.03572648552320526,0.027620125692151602,0.005032479651340824,0.9819702571257949,0.3085705637931824
22,candidate_half,fixed_cadence,0.05,8,0,0,0.01751682509180503,0.19569453730829112,0.035430999289468856,0.04361145477024404,0.03237627403552627,0.0076144541950967665,1.0437015071511269,0.3003311902284622
22,candidate_half,fixed_cadence,0.1,8,0,0,0.021306733587849156,0.21446586238821574,0.0425100941496381,0.05084352836189597,0.03644177521374149,0.010446414136110763,1.0878201574087143,0.29183588922023773
22,candidate_half,fixed_cadence,0.2,8,0,8,0.028686483042112392,0.2541493070483972,0.060050505662715616,0.0680504991615627,0.05374656033151415,0.021748258984060832,1.4764462551102042,0.5174707993865013
22,candidate_stronger,serial,0.0,8,0,0,0.019631247354725857,0.19533220463976236,0.021666319265741727,0.03415314217400157,0.020006720498427617,0.002501426668855282,0.7755942177027464,0.20855650305747986
22,candidate_stronger,serial,0.05,8,0,0,0.022569881454860278,0.2109490975025894,0.03297595322676349,0.043320504394159076,0.025186500858123746,0.00617251956004546,0.8885152218863368,0.27894675731658936
22,candidate_stronger,serial,0.1,8,0,0,0.02957192942371583,0.24134096196792498,0.04367852427845831,0.05427320227515571,0.03427175331645141,0.011670799366931555,1.0287546645849943,0.34611478447914124
22,candidate_stronger,serial,0.2,8,0,8,0.047880150002378136,0.3000997105265162,0.06463816072267772,0.07663247630762793,0.06294062859432831,0.02731615679519267,1.4156275428831577,0.5585083737969398
22,candidate_stronger,fixed_cadence,0.0,8,0,0,0.019631247354725857,0.19533220463976236,0.021666319265741727,0.03415314217400157,0.020006720498427617,0.002501426668855282,0.7755942177027464,0.20855650305747986
22,candidate_stronger,fixed_cadence,0.05,8,0,0,0.022569881454860278,0.2109490975025894,0.03297595322676349,0.043320504394159076,0.025186500858123746,0.00617251956004546,0.8885152218863368,0.27894675731658936
22,candidate_stronger,fixed_cadence,0.1,8,0,0,0.02646084952451058,0.22866274678073698,0.043245429027906755,0.05272716423549242,0.031111216926568583,0.010990567121125934,0.9770699637010694,0.328553281724453
22,candidate_stronger,fixed_cadence,0.2,8,0,8,0.03420246893198649,0.2659681141289909,0.06298309653052603,0.07132191197624632,0.04802010315940052,0.023356051392455522,1.2196180177852511,0.45078177005052567
22,gain_matched,serial,0.0,8,0,0,0.0028763382039738265,0.10332059040442651,0.0030624280558340365,0.011277525844690108,0.04219066001367801,0.0011117035059426943,1.5886810701340437,0.49190013855695724
22,gain_matched,serial,0.05,8,0,0,0.004608772753284266,0.12977026841447162,0.0005662114538412671,0.01359526642604991,0.04963187085238012,0.0005035275543872783,1.7471078028902411,0.4788019312545657
22,gain_matched,serial,0.1,8,0,0,0.008338790992677241,0.16996859967951736,0.00263705466936569,0.018141762502327817,0.0710625778517191,0.0009624869883331495,1.7984755077632144,0.267427546903491
22,gain_matched,serial,0.2,8,0,0,0.021897640759004678,0.25454970106784464,0.0035081066388646964,0.028599255191140295,0.2322740080715356,0.0036953950016359485,3.8167715104063973,0.4800304966047406
22,gain_matched,fixed_cadence,0.0,8,0,0,0.0028763382039738265,0.10332059040442651,0.0030624280558340365,0.011277525844690108,0.04219066001367801,0.0011117035059426943,1.5886810701340437,0.49190013855695724
22,gain_matched,fixed_cadence,0.05,8,0,0,0.004608772753284266,0.12977026841447162,0.0005662114538412671,0.01359526642604991,0.04963187085238012,0.0005035275543872783,1.7471078028902411,0.4788019312545657
22,gain_matched,fixed_cadence,0.1,8,0,0,0.006599832729393258,0.15303296846721853,0.001983898393452431,0.016210220641850043,0.055301228787791146,0.0006677425779183996,1.6305684895487502,0.31331847235560417
22,gain_matched,fixed_cadence,0.2,8,0,8,0.03528335538393483,0.2586620847647856,0.00950270026479958,0.046537944107475054,16.11782238917983,0.6851703519721465,76.13723113853484,16.406875758431852
22,native,serial,0.0,8,0,0,0.016801128893700626,0.18644455228319912,0.002378721999095067,0.025030162221295588,0.020065182034440642,0.00018239179712296882,0.7898551318794489,0.16005050390958786
22,native,serial,0.05,8,0,0,0.0198394188480229,0.20329842062778106,0.0004267776143303514,0.02705459503331238,0.02174432558658885,5.43993838915402e-05,0.8398834569379687,0.13812802731990814
22,native,serial,0.1,8,0,0,0.026880444442655277,0.23470298214169819,0.001997557519644173,0.03148163556973375,0.02624090625031155,0.00013910749694465152,0.8882761560380459,0.08437797427177429
22,native,serial,0.2,8,0,0,0.04590206892896179,0.2955446911110199,0.0026579405056009215,0.04097373227124723,0.04235130222970229,0.00029380050845961847,1.1831296980381012,0.10767266154289246
22,native,fixed_cadence,0.0,8,0,0,0.016801128893700626,0.18644455228319912,0.002378721999095067,0.025030162221295588,0.020065182034440642,0.00018239179712296882,0.7898551318794489,0.16005050390958786
22,native,fixed_cadence,0.05,8,0,0,0.0198394188480229,0.20329842062778106,0.0004267776143303514,0.02705459503331238,0.02174432558658885,5.43993838915402e-05,0.8398834569379687,0.13812802731990814
22,native,fixed_cadence,0.1,8,0,0,0.023678066884280858,0.22157501171762561,0.0014831486718121932,0.029552445678154977,0.022983816054484567,9.284593803483843e-05,0.851261611096561,0.09826771914958954
22,native,fixed_cadence,0.2,8,0,0,0.03126607690310728,0.2600479878296674,0.00166434597947813,0.03385430416057179,0.0282091837476529,0.00011846872199371136,1.052469010464847,0.15819385647773743
33,alternative_half,serial,0.0,8,0,0,0.015525113069085394,0.18128016197999025,0.005141773483549313,0.02453232857482103,0.0216226931815736,0.000850613339129034,0.8714617555961013,0.22768070921301842
33,alternative_half,serial,0.05,8,0,0,0.018513146218142776,0.19851626449799836,0.004925081664792719,0.026630568246367385,0.023944947789633637,0.001060201916315319,0.9878808166831732,0.2767074666917324
33,alternative_half,serial,0.1,8,0,0,0.025116891864987625,0.23000944700313708,0.005046289483251615,0.030788759586246432,0.029849827425036748,0.0012891908381926567,1.1161965318024158,0.28653567656874657
33,alternative_half,serial,0.2,8,0,0,0.04420865603049928,0.2928663274999823,0.006145539408963032,0.040478270404960506,0.04945695158905685,0.0015055488086301166,1.3996648136526346,0.26732606813311577
33,alternative_half,fixed_cadence,0.0,8,0,0,0.015525113069085394,0.18128016197999025,0.005141773483549313,0.02453232857482103,0.0216226931815736,0.000850613339129034,0.8714617555961013,0.22768070921301842
33,alternative_half,fixed_cadence,0.05,8,0,0,0.018513146218142776,0.19851626449799836,0.004925081664792719,0.026630568246367385,0.023944947789633637,0.001060201916315319,0.9878808166831732,0.2767074666917324
33,alternative_half,fixed_cadence,0.1,8,0,0,0.02218805736053122,0.2170156327221986,0.004324673149888929,0.02891893341633772,0.025681955869146143,0.0010027292397183155,1.038685948587954,0.26081373915076256
33,alternative_half,fixed_cadence,0.2,8,0,0,0.029821850849021503,0.25681784193184054,0.004759729926713067,0.03333400719397961,0.031470181950878764,0.0008519077771533196,1.2000278220511973,0.25538116693496704
33,alternative_matched,serial,0.0,8,0,0,0.01465513448745016,0.1780452061374759,0.010980848542390169,0.025817431218820807,0.025163168767877067,0.0034828326541444694,1.100399203132838,0.46105310320854187
33,alternative_matched,serial,0.05,8,0,0,0.01752524467514134,0.19541361696324083,0.00965825866874426,0.027287996378814777,0.02810173141954628,0.003961055407321126,1.2429327983409166,0.5310951732099056
33,alternative_matched,serial,0.1,8,0,0,0.023922264314293187,0.2269640361413981,0.009697450786461479,0.03118791799645977,0.03580295887078016,0.005203877204635332,1.4136817399412394,0.57960269972682
33,alternative_matched,serial,0.2,8,0,0,0.04279362596156895,0.29039154889660745,0.011887889662310908,0.040890533415833374,0.06054742011516714,0.0071349077638870745,1.7400400852784514,0.5831319279968739
33,alternative_matched,fixed_cadence,0.0,8,0,0,0.01465513448745016,0.1780452061374759,0.010980848542390169,0.025817431218820807,0.025163168767877067,0.0034828326541444694,1.100399203132838,0.46105310320854187
33,alternative_matched,fixed_cadence,0.05,8,0,0,0.01752524467514134,0.19541361696324083,0.00965825866874426,0.027287996378814777,0.02810173141954628,0.003961055407321126,1.2429327983409166,0.5310951732099056
33,alternative_matched,fixed_cadence,0.1,8,0,0,0.021022109869442314,0.21372926776994716,0.008345017725149692,0.02908193628630082,0.030222725230511338,0.003981470472622529,1.3126100040972233,0.527507346123457
33,alternative_matched,fixed_cadence,0.2,8,0,0,0.02821394053189725,0.2536571092147306,0.008909408416820301,0.033216288781589644,0.03752804727711619,0.004161259788714438,1.5340477600693703,0.5517331324517727
33,candidate_half,serial,0.0,8,0,0,0.014949893198511064,0.17904814694709992,0.018833290004022094,0.030156389346645773,0.024995477182783388,0.0031807002009059788,0.9833240881562233,0.32052652910351753
33,candidate_half,serial,0.05,8,0,0,0.018169691887738558,0.1971770889623399,0.02101158176746584,0.03333684353646593,0.027504926951944744,0.003576323870108004,1.0355995036661625,0.29757188633084297
33,candidate_half,serial,0.1,8,0,0,0.025315331756572093,0.2296773664174989,0.02339548745225226,0.03843561165453794,0.03482052313323447,0.004822766037137459,1.2234281050041318,0.35658879205584526
33,candidate_half,serial,0.2,8,0,0,0.04652452216100651,0.2933763755436576,0.0283891134661485,0.05000430631097544,0.05873814568825578,0.007840468422524102,1.6192764742299914,0.44130751863121986
33,candidate_half,fixed_cadence,0.0,8,0,0,0.014949893198511064,0.17904814694709992,0.018833290004022094,0.030156389346645773,0.024995477182783388,0.0031807002009059788,0.9833240881562233,0.32052652910351753
33,candidate_half,fixed_cadence,0.05,8,0,0,0.018169691887738558,0.1971770889623399,0.02101158176746584,0.03333684353646593,0.027504926951944744,0.003576323870108004,1.0355995036661625,0.29757188633084297
33,candidate_half,fixed_cadence,0.1,8,0,0,0.02212047965339648,0.2165710535971296,0.02312052474148956,0.03667725438245118,0.03005087251482902,0.00429132778896741,1.1323004541918635,0.3290875814855099
33,candidate_half,fixed_cadence,0.2,8,0,0,0.030186907841904347,0.2575701618417444,0.02750577243158334,0.042948067925151906,0.037747621466970416,0.006226522863138405,1.3362426636740565,0.37321800366044044
33,candidate_stronger,serial,0.0,8,0,0,0.018213664640672332,0.19046499722184274,0.02032172167210234,0.03274392341261692,0.02117742268159375,0.0031871532661601454,0.8486390672624111,0.2696843631565571
33,candidate_stronger,serial,0.05,8,0,0,0.02121973331320217,0.2065702744779034,0.02375411585845037,0.036459323007832965,0.023873040744613622,0.004374028295565432,0.952599155716598,0.32007789239287376
33,candidate_stronger,serial,0.1,8,0,0,0.02776403143726601,0.23676532932608693,0.026857045382009875,0.041499664061309186,0.029149470777739342,0.00560852137526182,1.063272152096033,0.34378303214907646
33,candidate_stronger,serial,0.2,8,0,0,0.0457440770942637,0.2976181374585063,0.03008714213975495,0.05052174313235541,0.04329180298591618,0.006758437543766537,1.2702236091718078,0.34431518986821175
33,candidate_stronger,fixed_cadence,0.0,8,0,0,0.018213664640672332,0.19046499722184274,0.02032172167210234,0.03274392341261692,0.02117742268159375,0.0031871532661601454,0.8486390672624111,0.2696843631565571
33,candidate_stronger,fixed_cadence,0.05,8,0,0,0.02121973331320217,0.2065702744779034,0.02375411585845037,0.036459323007832965,0.023873040744613622,0.004374028295565432,0.952599155716598,0.32007789239287376
33,candidate_stronger,fixed_cadence,0.1,8,0,0,0.025013768464435152,0.2243609909257468,0.026507815216127033,0.03993738692996909,0.02589039435477998,0.005137893743102417,1.0058856755495071,0.3204808197915554
33,candidate_stronger,fixed_cadence,0.2,8,0,0,0.03322665263803691,0.2627715742199831,0.029268781305996708,0.04488233937549234,0.030675136237310295,0.005717390110928649,1.1270130868069828,0.3085440583527088
33,gain_matched,serial,0.0,8,0,0,0.005607190985018191,0.12844285155788213,0.0005963833093900743,0.014749028416663236,0.03175834569359271,7.305100231217431e-05,1.02328271639999,0.11463011195883155
33,gain_matched,serial,0.05,8,0,0,0.007785940228966841,0.1513862712115548,0.0005167998139238066,0.01730108247403922,0.03636214452551487,5.833290444076248e-05,1.1149410996586084,0.09448490338400006
33,gain_matched,serial,0.1,8,0,0,0.012190795720845242,0.18945555398517328,0.0006845743057677334,0.02146737064415433,0.049975411628075256,2.0326257801404378e-05,1.246017683763057,0.04701251303777099
33,gain_matched,serial,0.2,8,0,0,0.026708306987797956,0.26778796879674516,0.001002216503064887,0.031339985959406305,0.12056342615297652,0.00043970196793887355,2.253943212039303,0.1605991916731
33,gain_matched,fixed_cadence,0.0,8,0,0,0.005607190985018191,0.12844285155788213,0.0005963833093900743,0.014749028416663236,0.03175834569359271,7.305100231217431e-05,1.02328271639999,0.11463011195883155
33,gain_matched,fixed_cadence,0.05,8,0,0,0.007785940228966841,0.1513862712115548,0.0005167998139238066,0.01730108247403922,0.03636214452551487,5.833290444076248e-05,1.1149410996586084,0.09448490338400006
33,gain_matched,fixed_cadence,0.1,8,0,0,0.010389745250053518,0.17386952798056615,0.00062249587094008,0.01988058558363054,0.04043525346385125,2.544736820878999e-05,1.1839020123006776,0.0829089148901403
33,gain_matched,fixed_cadence,0.2,8,0,0,0.016430682082099815,0.22500654120729796,0.0006928570738019555,0.02475958469764595,0.1123370270289487,0.0007080682999998516,4.942923005030025,0.4904417307116091
33,native,serial,0.0,8,0,0,0.01647799888122658,0.18467201086210877,0.0005024325644920096,0.024684484022019754,0.01986726742950802,2.0076330106751777e-05,0.695167756639421,0.054116006940603256
33,native,serial,0.05,8,0,0,0.01958390320253487,0.20177327750597193,0.0004207515081063573,0.026887535882469296,0.02165602365219208,1.5241139310947368e-05,0.75539231300354,0.04649577662348747
33,native,serial,0.1,8,0,0,0.026396692873176857,0.23310543469170575,0.0005766216925257025,0.031137569145814486,0.026616320921503317,6.1365679395949954e-06,0.849055266007781,0.022519025951623917
33,native,serial,0.2,8,0,0,0.045781335372664156,0.2953933449793691,0.0006994145802161771,0.040823998757078914,0.043172272755275895,6.82287187807329e-05,1.161208152770996,0.0609813816845417
33,native,fixed_cadence,0.0,8,0,0,0.01647799888122658,0.18467201086210877,0.0005024325644920096,0.024684484022019754,0.01986726742950802,2.0076330106751777e-05,0.695167756639421,0.054116006940603256
33,native,fixed_cadence,0.05,8,0,0,0.01958390320253487,0.20177327750597193,0.0004207515081063573,0.026887535882469296,0.02165602365219208,1.5241139310947368e-05,0.75539231300354,0.04649577662348747
33,native,fixed_cadence,0.1,8,0,0,0.02343975310480885,0.22034446654050166,0.0005190423263872955,0.029368899616139373,0.0231737384382281,6.733375042151935e-06,0.8090547751635313,0.03942025825381279
33,native,fixed_cadence,0.2,8,0,0,0.03154107345748776,0.26005932479668964,0.0005109504672471892,0.03395346632687787,0.028170133745589382,4.250982414803067e-05,0.971889526117593,0.06387589499354362
